🧹 STRICT CWE RANKING RERUN
==========================================
Job ID: 9598424
Node: str-gpu26
Objective: Clean JSON format for all CWE rankings
Strategy: One database at a time to prevent conflicts
Models: deepseek, qwen, llama, starcoder, mistral, gemma (skipping gemini)
Python version: Python 3.9.21
Current directory: /users/azibaeir/Research/VulnLLMEval-SANER
==========================================

🔧 Testing Python environment...
Python path: /users/azibaeir/miniconda/envs/llmserver/bin/python
✅ sqlite3 imported
✅ json imported
✅ pathlib imported

📋 STEP 1: Cleaning malformed CWE data
----------------------------------------
🧹 CLEANING OUTPUT DATABASES
==================================================

📁 Processing: database_deepseek_database.sqlite
   ✅ Cleared 0 CWE rankings (314 total records)

📁 Processing: database_deepseek_database_leakagefree.sqlite
   ✅ Cleared 41 CWE rankings (103 total records)

📁 Processing: database_starcoder_database.sqlite
   ✅ Cleared 0 CWE rankings (314 total records)

📁 Processing: database_starcoder_database_leakagefree.sqlite
   ✅ Cleared 0 CWE rankings (103 total records)

📁 Processing: database_llama_database.sqlite
   ✅ Cleared 0 CWE rankings (314 total records)

📁 Processing: database_qwen2.5_database.sqlite
   ✅ Cleared 0 CWE rankings (314 total records)

📁 Processing: database_qwen2.5_database_leakagefree.sqlite
   ✅ Cleared 0 CWE rankings (103 total records)

📁 Processing: database_mistral_database.sqlite
   ✅ Cleared 0 CWE rankings (314 total records)

📁 Processing: database_qwen_database.sqlite
   ✅ Cleared 0 CWE rankings (314 total records)

📁 Processing: database_qwen_database_leakagefree.sqlite
   ✅ Cleared 0 CWE rankings (103 total records)

📁 Processing: database_gemma_database.sqlite
   ✅ Cleared 0 CWE rankings (314 total records)

📁 Processing: database_gemma_database_leakagefree.sqlite
   ✅ Cleared 0 CWE rankings (103 total records)

📁 Processing: database_mistral_database_leakagefree.sqlite
   ✅ Cleared 0 CWE rankings (103 total records)

📁 Processing: database_llama_database_leakagefree.sqlite
   ✅ Cleared 0 CWE rankings (103 total records)

📊 CLEANUP SUMMARY:
   Databases processed: 14
   Total CWE entries cleared: 41
   Ready for clean rerun
✅ Output databases cleaned successfully
🧹 CLEANING MALFORMED CWE DATA
============================================================
📝 gemini/database: Adding LLM_Ranked_CWE column
❌ gemini/database: Error - no such table: vulnerabilities
📝 gemini/database_leakagefree: Adding LLM_Ranked_CWE column
❌ gemini/database_leakagefree: Error - no such table: vulnerabilities
⚠️  deepseek/database: Database not found
⚠️  deepseek/database_leakagefree: Database not found
⚠️  qwen/database: Database not found
⚠️  qwen/database_leakagefree: Database not found
⚠️  llama/database: Database not found
⚠️  llama/database_leakagefree: Database not found
⚠️  starcoder/database: Database not found
⚠️  starcoder/database_leakagefree: Database not found
⚠️  mistral/database: Database not found
⚠️  mistral/database_leakagefree: Database not found
⚠️  gemma/database: Database not found
⚠️  gemma/database_leakagefree: Database not found

📊 SUMMARY:
   Databases processed: 2
   Total CWE entries cleared: 0
   Ready for clean rerun with strict formatting
✅ Data directory cleaned successfully

📋 STEP 2: Checking database status
----------------------------------------
🔍 CWE RANKING COMPLETION STATUS
======================================================================
Model        Regular DB      Leakage-Free DB
---------------------------------------------
gemini       ❌ Error: no such table: vulnerabilities ❌ Error: no such table: vulnerabilities
deepseek     ❌ DB Missing    ❌ DB Missing   
qwen         ❌ DB Missing    ❌ DB Missing   
llama        ❌ DB Missing    ❌ DB Missing   
starcoder    ❌ DB Missing    ❌ DB Missing   
mistral      ❌ DB Missing    ❌ DB Missing   
gemma        ❌ DB Missing    ❌ DB Missing   

======================================================================
📊 SUMMARY
======================================================================
Total model/database combinations: 14
Found databases: 2
Will run CWE ranking on: 14 combinations
Missing databases: 12

🔄 COMBINATIONS TO PROCESS:
   • gemini/database: 0/0 (0.0%)
   • gemini/database_leakagefree: 0/0 (0.0%)
   • deepseek/database: 0/0 (0.0%)
   • deepseek/database_leakagefree: 0/0 (0.0%)
   • qwen/database: 0/0 (0.0%)
   • qwen/database_leakagefree: 0/0 (0.0%)
   • llama/database: 0/0 (0.0%)
   • llama/database_leakagefree: 0/0 (0.0%)
   • starcoder/database: 0/0 (0.0%)
   • starcoder/database_leakagefree: 0/0 (0.0%)
   • mistral/database: 0/0 (0.0%)
   • mistral/database_leakagefree: 0/0 (0.0%)
   • gemma/database: 0/0 (0.0%)
   • gemma/database_leakagefree: 0/0 (0.0%)

📋 COMMANDS TO RUN CWE RANKING:
# Run all CWE rankings (including re-runs):
sbatch --partition=GPU --nodelist=str-gpu31 --gres=gpu:2 --time=48:00:00 --mem=100G run_cwe_ranking.sh

# Or run individual commands:
python main.py evaluate gemini --database database --tasks rank_cwe
python main.py evaluate gemini --database database_leakagefree --tasks rank_cwe
python main.py evaluate deepseek --database database --tasks rank_cwe
python main.py evaluate deepseek --database database_leakagefree --tasks rank_cwe
python main.py evaluate qwen --database database --tasks rank_cwe
python main.py evaluate qwen --database database_leakagefree --tasks rank_cwe
python main.py evaluate llama --database database --tasks rank_cwe
python main.py evaluate llama --database database_leakagefree --tasks rank_cwe
python main.py evaluate starcoder --database database --tasks rank_cwe
python main.py evaluate starcoder --database database_leakagefree --tasks rank_cwe
python main.py evaluate mistral --database database --tasks rank_cwe
python main.py evaluate mistral --database database_leakagefree --tasks rank_cwe
python main.py evaluate gemma --database database --tasks rank_cwe
python main.py evaluate gemma --database database_leakagefree --tasks rank_cwe
✅ Status check completed

📋 STEP 3: Discovering and processing databases
------------------------------------------------
🔍 Discovering databases...
Found 16 database files to process:
  📁 data/database_leakagefree.sqlite (744K)
  📁 data/database.sqlite (5.1M)
  📁 output/database_deepseek_database_leakagefree.sqlite (1.4M)
  📁 output/database_deepseek_database.sqlite (5.1M)
  📁 output/database_gemma_database_leakagefree.sqlite (744K)
  📁 output/database_gemma_database.sqlite (5.1M)
  📁 output/database_llama_database_leakagefree.sqlite (1.3M)
  📁 output/database_llama_database.sqlite (5.1M)
  📁 output/database_mistral_database_leakagefree.sqlite (1.1M)
  📁 output/database_mistral_database.sqlite (5.1M)
  📁 output/database_qwen2.5_database_leakagefree.sqlite (744K)
  📁 output/database_qwen2.5_database.sqlite (5.1M)
  📁 output/database_qwen_database_leakagefree.sqlite (744K)
  📁 output/database_qwen_database.sqlite (5.1M)
  📁 output/database_starcoder_database_leakagefree.sqlite (1.2M)
  📁 output/database_starcoder_database.sqlite (5.1M)

🚀 Processing [1/16]: database_leakagefree.sqlite
Fri Oct  3 03:44:37 PM EDT 2025: Starting CWE ranking...
Detected - Model: unknown, Database: database_leakagefree
Full path: data/database_leakagefree.sqlite
🔧 Ensuring no database conflicts for database_leakagefree.sqlite...
🔧 Clearing GPU memory...
✅ GPU memory cleared
📝 Running: python main.py evaluate unknown --database database_leakagefree --tasks rank_cwe
Working on: /tmp/database_leakagefree.sqlite_3923759
Error: Model 'unknown' not found.
Available models: gemini, deepseek, qwen, llama, starcoder, mistral, gemma
❌ database_leakagefree.sqlite: CWE ranking failed

🚀 Processing [2/16]: database.sqlite
Fri Oct  3 03:44:59 PM EDT 2025: Starting CWE ranking...
Detected - Model: unknown, Database: database
Full path: data/database.sqlite
🔧 Ensuring no database conflicts for database.sqlite...
🔧 Clearing GPU memory...
✅ GPU memory cleared
📝 Running: python main.py evaluate unknown --database database --tasks rank_cwe
Working on: /tmp/database.sqlite_3923759
Error: Model 'unknown' not found.
Available models: gemini, deepseek, qwen, llama, starcoder, mistral, gemma
❌ database.sqlite: CWE ranking failed

🚀 Processing [3/16]: database_deepseek_database_leakagefree.sqlite
Fri Oct  3 03:45:18 PM EDT 2025: Starting CWE ranking...
Detected - Model: deepseek, Database: database_leakagefree
Full path: output/database_deepseek_database_leakagefree.sqlite
🔧 Ensuring no database conflicts for database_deepseek_database_leakagefree.sqlite...
🔧 Clearing GPU memory...
✅ GPU memory cleared
📝 Running: python main.py evaluate deepseek --database database_leakagefree --tasks rank_cwe
Working on: /tmp/database_deepseek_database_leakagefree.sqlite_3923759
Starting evaluation with model: deepseek
Running evaluation on database_leakagefree.sqlite...
Loading checkpoint shards:   0%|          | 0/2 [00:00<?, ?it/s]Loading checkpoint shards: 100%|██████████| 2/2 [00:00<00:00, 65.32it/s]
Device set to use cuda:0
Loading checkpoint shards:   0%|          | 0/2 [00:00<?, ?it/s]Loading checkpoint shards: 100%|██████████| 2/2 [00:00<00:00, 65.81it/s]
Device set to use cuda:0
2025-10-03 15:45:39,688 - job_deepseek_database_leakagefree_1759520736 - INFO - Starting task: rank_cwe
JSON parsing failed: Invalid json output: - Weak encryption (CWE-311)
- Insecure random number generation (CWE-330)
- Integer overflow (CWE-191, CWE-199)
- Race conditions (CWE-362)
- Insecure file operations (CWE-361, CWE-366)
- Insecure library usage (CWE-673)
- Insecure resource management (CWE-415, CWE-400)
- Insecure temporary files (CWE-644)
- Insecure string handling (CWE-116, CWE-117)
- Insecure file descriptors (CWE-384)
- Insecure network operations (CWE-311, CWE-296)
- Insecure storage (CWE-312)
- Insecure resource leaks (CWE-400)
- Insecure usage of functions (CWE-587)
- Insecure usage of functions (CWE-587)
- Insecure usage of functions (CWE-587)

Looking at the code, I need to identify potential vulnerabilities.

First, I'll look for buffer overflow or integer overflow issues. The function has several loops and uses arrays of size 4, which is a small fixed size. This could be a problem if the input can cause the loop to run more than 4 times, leading to a buffer overflow.

Next, I'll check for memory management issues. The code uses dynamic memory allocations and doesn't have proper checks for memory exhaustion, which could lead to memory leaks or overflows.

Looking at the function parameters, the 'index' parameter is used in several places without proper validation. If 'index' is not within the valid range, it could cause issues like accessing invalid memory or causing incorrect behavior.

The code also uses 'nfolio' and 'nids' arrays of size 4. If the level exceeds 4, this could cause an array index out-of-bounds error, leading to a buffer overflow or undefined behavior.

Another potential issue is the use of 'f2fs_get_node_folio' and 'f2fs_new_node_folio' functions without proper error checking. If these functions return an error, the code might not handle it correctly, leading to issues like memory leaks or incorrect state.

The code has multiple return points, but I don't see immediate issues with that. However, the lack of proper error handling in certain conditions could lead to vulnerabilities.

In terms of input validation, the function doesn't check if 'index' is within the valid range, which could allow an attacker to manipulate the index and
For troubleshooting, visit: https://python.langchain.com/docs/troubleshooting/errors/OUTPUT_PARSING_FAILURE , falling back to strict parser
JSON parsing failed: Invalid json output: - Weak encryption (CWE-311)
- Insecure random number generation (CWE-330)
- Insecure string handling (CWE-131, CWE-134)
- Insecure file operations (CWE-416)
- Insecure library usage (CWE-673)
- Insecure network operations (CWE-311)
- Insecure resource management (CWE-415)
- Insecure usage of function (CWE-416)
- Insecure usage of variable (CWE-400)
- Insecure usage of integer (CWE-426)
- Insecure usage of pointer (CWE-400)
- Insecure usage of resource (CWE-400)
- Insecure usage of system (CWE-400)
- Insecure usage of time (CWE-400)
- Insecure usage of type (CWE-400)
- Insecure usage of untrusted data (CWE-400)
- Insecure usage of unknown function (CWE-400)
- Insecure usage of unknown resource (CWE-400)
- Insecure usage of unknown type (CWE-400)
- Insecure usage of unknown variable (CWE-400)
- Insecure usage of unknown function (CWE-400)
- Insecure usage of unknown resource (CWE-400)
- Insecure usage of unknown type (CWE-400)
- Insecure usage of unknown variable (CWE-400)
- Insecure usage of unknown function (CWE-400)
- Insecure usage of unknown resource (CWE-400)
- Insecure usage of unknown type (CWE-400)
- Insecure usage of unknown variable (CWE-400)
- Insecure usage of unknown function (CWE-400)
- Insecure usage of unknown resource (CWE-400)
- Insecure usage of unknown type (CWE-400)
- Insecure usage of unknown variable (CWE-400)
- Insecure usage of unknown function (CWE-400)
- Insecure usage of unknown resource (CWE-400)
- Insecure usage of unknown type (CWE-400)
- Insecure usage of unknown variable (CWE-400)
- Insecure usage of unknown function (CWE-400)
- Insecure usage of unknown resource (CWE-400)
- Insecure usage of unknown type (CWE-400)
- Insecure usage of unknown variable (CWE-400)
- Insecure usage of unknown function (CWE
For troubleshooting, visit: https://python.langchain.com/docs/troubleshooting/errors/OUTPUT_PARSING_FAILURE , falling back to strict parser
JSON parsing failed: Invalid json output: - Weak encryption (CWE-311)
- Insecure random number generation (CWE-330)
- Improper input handling (CWE-369)
- Unrestricted file uploads (CWE-421)
- Unrestricted file writes (CWE-422)
- Unrestricted file reads (CWE-423)
- Weak or missing authentication (CWE-312)
- Insecure API (CWE-937)
- Insecure configuration (CWE-653)
- Insecure use of function (CWE-587)
- Missing error handling (CWE-239)
- Use after free (CWE-401)
- Double free (CWE-476)
- Integer overflow (CWE-191)
- Integer underflow (CWE-195)
- Resource leaks (CWE-401)
- Race conditions (CWE-362)
- Weak or broken pseudorandom (CWE-330)
- Insecure string handling (CWE-104)
- Insecure use of cipher (CWE-311)
- Insecure use of external libraries (CWE-109)
- Insecure use of static data (CWE-119)
- Insecure use of dynamic data (CWE-118)
- Insecure use of function (CWE-587)
- Insecure use of state (CWE-653)
- Insecure use of file operations (CWE-416)
- Insecure use of network operations (CWE-117)
- Insecure use of storage operations (CWE-118)
- Insecure use of timing mechanisms (CWE-330)
- Insecure use of concurrency (CWE-362)
- Insecure use of container (CWE-369)
- Insecure use of resource (CWE-401)
- Insecure use of resource locks (CWE-400)
- Insecure use of resource pools (CWE-403)
- Insecure use of resource sharing (CWE-402)
- Insecure use of resource management (CWE-405)
- Insecure use of resource allocation (CWE-404)
- Insecure use of resource deallocation (CWE-406)
- Insecure use of resource locks (CWE-400)
- Insecure use of resource pools (CWE-403)
- Insecure use of resource sharing (CWE-402)
- Insecure use of resource management (CWE-405)
- Insecure use of resource allocation (CWE-404)
- Insecure use of resource deal
For troubleshooting, visit: https://python.langchain.com/docs/troubleshooting/errors/OUTPUT_PARSING_FAILURE , falling back to strict parser
JSON parsing failed: Invalid json output: - Weak encryption (CWE-311)
- Insecure random number generation (CWE-601)
- Improper error handling (CWE-400, 401, 476)
- Insecure string handling (CWE-117, 118, 119)
- Integer overflow (CWE-191, 200, 201)
- Weaknesses in Bluetooth stack (CWE-927, 928, 929, 930, 931, 932, 933, 934, 935, 936, 937, 938, 939, 940, 941, 942, 943, 944, 945, 946, 947, 948, 949, 950, 951, 952, 953, 954, 955, 956, 957, 958, 959, 960, 961, 962, 963, 964, 965, 966, 967, 968, 969, 970, 971, 972, 973, 974, 975, 976, 977, 978, 979, 980, 981, 982, 983, 984, 985, 986, 987, 988, 989, 990, 991, 992, 993, 994, 995, 996, 997, 998, 999)
- Weaknesses in Bluetooth pairing (CWE-927, 928, 929, 930, 931, 932, 933, 934, 935, 936, 937, 938, 939, 940, 941, 942, 943, 944, 945, 946, 947, 948, 949, 950, 951, 952, 953, 954, 955, 956, 957, 958, 959, 960, 961, 962, 963, 964, 965, 966, 967, 968, 969, 970, 971, 972, 973, 974, 975, 976, 977, 978, 979, 980, 981, 982, 983, 984, 985, 986, 987, 988, 989, 990, 991, 992, 993, 994
For troubleshooting, visit: https://python.langchain.com/docs/troubleshooting/errors/OUTPUT_PARSING_FAILURE , falling back to strict parser
JSON parsing failed: Invalid json output: - Weak encryption (CWE-311)
- Race conditions (CWE-362)
- Resource management issues (CWE-400, 415, 413)
- Improper handling of nulls (CWE-457)
- Insecure use of random functions (CWE-333)
- Insecure use of hash functions (CWE-327)
- Insecure use of encryption (CWE-311)
- Insecure use of resource management (CWE-400)
- Insecure use of file operations (CWE-378)
- Insecure use of network functions (CWE-397)
- Insecure use of data format (CWE-117)
- Insecure use of string functions (CWE-116)
- Insecure use of integer functions (CWE-131)
- Insecure use of bitwise operations (CWE-570)
- Insecure use of logging (CWE-264)
- Insecure use of container functions (CWE-601, 628)
- Insecure use of concurrency controls (CWE-653)
- Insecure use of exception handling (CWE-129)
- Insecure use of resource locks (CWE-665)
- Insecure use of shared memory (CWE-550)
- Insecure use of signal handling (CWE-587)
- Insecure use of timer functions (CWE-603)
- Insecure use of file descriptors (CWE-575)
- Insecure use of pipes (CWE-576)
- Insecure use of sockets (CWE-577)
- Insecure use of subprocesses (CWE-575)
- Insecure use of user input (CWE-601)
- Insecure use of user output (CWE-602)
- Insecure use of user input validation (CWE-601)
- Insecure use of user output validation (CWE-602)
- Insecure use of user session management (CWE-639)
- Insecure use of user authentication (CWE-625)
- Insecure use of user privileges (CWE-669)
- Insecure use of user access controls (CWE-670)
- Insecure use of user configuration (CWE-674)
- Insecure use of user environment (CWE-675)
- Insecure use of user resource management (CWE-676)
- Insecure use of user data validation (CWE-677)
- Insecure use of user data manipulation (CWE-678)
- Insecure use
For troubleshooting, visit: https://python.langchain.com/docs/troubleshooting/errors/OUTPUT_PARSING_FAILURE , falling back to strict parser
JSON parsing failed: Invalid json output: - Weak encryption (CWE-311)
- Insecure random number generation (CWE-330)
- Improper error handling (CWE-400, 401, 476)
- Race conditions (CWE-362)
- Resource management issues (CWE-400, 401, 476)
- Use of uninitialized variables (CWE-653)
- Integer overflow (CWE-191, 199, 200)
- Missing bounds checking (CWE-758)
- Weaknesses in inter-process communication (CWE-269)
- Weaknesses in API design (CWE-268)
- Weaknesses in resource locks (CWE-269)
- Weaknesses in resource management (CWE-400, 401, 476)
- Weaknesses in network code (CWE-311, 22, 200, 79, 94)
- Weaknesses in input handling (CWE-20, 190, 758)
- Weaknesses in output handling (CWE-200, 119, 787, 125)
- Weaknesses in resource allocation (CWE-400, 401, 476)
- Weaknesses in concurrency (CWE-362, 653)
- Weaknesses in file handling (CWE-22, 352)
- Weaknesses in configuration management (CWE-268, 311)
- Weaknesses in logging (CWE-400, 401, 476)
- Weaknesses in debugging (CWE-400, 401, 476)
- Weaknesses in data validation (CWE-20, 190, 758)
- Weaknesses in data transformation (CWE-200, 119, 787, 125)
- Weaknesses in data storage (CWE-200, 311)
- Weaknesses in data retrieval (CWE-200, 311)
- Weaknesses in data access (CWE-200, 311)
- Weaknesses in API endpoints (CWE-200, 311)
- Weaknesses in network protocols (CWE-311, 22, 200, 79, 94)
- Weaknesses in network code (CWE-311, 22, 200, 79, 94)
- Weaknesses in network configuration (CWE-311, 22, 200, 79, 94)
- Weaknesses in network
For troubleshooting, visit: https://python.langchain.com/docs/troubleshooting/errors/OUTPUT_PARSING_FAILURE , falling back to strict parser
JSON parsing failed: Invalid json output: - Weak encryption (CWE-311)
- Insecure random number generation (CWE-601)
- Incorrect handling of null values (CWE-476)
- Resource management issues (CWE-400, 415)
- Race conditions (CWE-362)
- Insecure use of function output (CWE-119, 787)
- Improper input validation (CWE-20, 190)
- Weaknesses in the use of integers (CWE-367, 834)
- Use of unsafe functions (CWE-566, 571)
- Use of external libraries without proper validation (CWE-601)
- Use of hardcoded strings (CWE-287)
- Use of goto statements (CWE-561)
- Use of recursive functions (CWE-500)
- Use of uninitialized variables (CWE-400)
- Use of resource after free (CWE-401)
- Use of resource without checking if it's null (CWE-476)
- Use of resource without proper initialization (CWE-400)
- Use of resource without proper locking (CWE-480)
- Use of shared memory without proper protection (CWE-498)
- Use of uninitialized memory (CWE-400)
- Use of incorrect type casts (CWE-  ... )

Now, analyze the code for potential vulnerabilities.

Looking at the code, the main function is ism_probe, which is responsible for initializing the ISM device. The code uses kzalloc to allocate memory for ism, which is a good practice. However, there are several areas where potential issues might arise.

First, in the error handling, the code uses goto statements to jump to different error labels. This can make the code harder to follow and may lead to potential issues if not properly managed. However, in this case, it doesn't immediately suggest a vulnerability but could be a code quality issue.

Looking at the resource management, the code uses device_add and device_del, which are standard practices. However, when the device is removed, it calls device_del and then kfree on ism. This could potentially lead to a race condition if another thread accesses the device after the removal but before the kfree. However, without more context, it's hard to say if this is a real issue.

Another area is the use of kzalloc. If the allocation fails, it returns -ENOMEM, which is handled correctly. However, kzalloc is generally safe, so this isn't a vulnerability.

Looking at the probe
For troubleshooting, visit: https://python.langchain.com/docs/troubleshooting/errors/OUTPUT_PARSING_FAILURE , falling back to strict parser
JSON parsing failed: Invalid json output: - Weak encryption (CWE-311)
- Insecure random number generation (CWE-330)
- Integer overflow (CWE-191, CWE-199)
- Insecure string handling (CWE-131, CWE-134)
- Missing bounds checking (CWE-401)
- Weaknesses in inter-process communication (CWE-462)
- Insecure file operations (CWE-416)
- Weaknesses in API design (CWE-592)
- Weaknesses in resource management (CWE-415)
- Weaknesses in resource locking (CWE-269)
- Weaknesses in resource sharing (CWE-270)
- Weaknesses in concurrency (CWE-269, 270, 271)
- Weaknesses in authentication (CWE-613, 623)
- Weaknesses in authorization (CWE-664)
- Weaknesses in data validation (CWE-20, 190)
- Weaknesses in file handling (CWE-416)
- Weaknesses in network communication (CWE-311)
- Weaknesses in configuration management (CWE-312)
- Weaknesses in logging (CWE-132)
- Weaknesses in exception handling (CWE-100)
- Weaknesses in error reporting (CWE-117)
- Weaknesses in race conditions (CWE-362)
- Weaknesses in time-related issues (CWE-366)
- Weaknesses in static analysis (CWE-118)
- Weaknesses in third-party components (CWE-118)
- Weaknesses in version control (CWE-118)
- Weaknesses in code quality (CWE-118)
- Weaknesses in resource management (CWE-415)
- Weaknesses in resource locking (CWE-269)
- Weaknesses in resource sharing (CWE-270)
- Weaknesses in concurrency (CWE-269, 270, 271)
- Weaknesses in resource management (CWE-415)
- Weaknesses in resource locking (CWE-269)
- Weaknesses in resource sharing (CWE-270)
- Weaknesses in concurrency (CWE-269, 270, 271)
- Weaknesses in resource management (CWE-415)
- Weaknesses in resource locking (CWE-269)
- Weaknesses in resource sharing (CWE-270)
- Weaknesses in
For troubleshooting, visit: https://python.langchain.com/docs/troubleshooting/errors/OUTPUT_PARSING_FAILURE , falling back to strict parser
JSON parsing failed: Invalid json output: - Weak encryption (CWE-311)
- Insecure random number generation (CWE-330)
- Integer overflow (CWE-191)
- Resource management issues (CWE-400)
- Weaknesses in the use of crypto functions (CWE-327)
- Insecure use of function output (CWE-352)
- Use of unsafe functions (CWE-798)
- Use of incorrect data types (CWE-682)
- Insecure string handling (CWE-104)
- Weaknesses in the use of external libraries (CWE-369)
- Insecure use of network functions (CWE-311)
- Weaknesses in the use of container functions (CWE-399)
- Weaknesses in the use of concurrency controls (CWE-798)
- Weaknesses in the use of static data (CWE-908)
- Weaknesses in the use of dynamic data (CWE-909)
- Weaknesses in the use of file operations (CWE-22)
- Weaknesses in the use of IPC mechanisms (CWE-377)
- Weaknesses in the use of system calls (CWE-377)
- Weaknesses in the use of shared memory (CWE-377)
- Weaknesses in the use of pipes (CWE-377)
- Weaknesses in the use of semaphores (CWE-377)
- Weaknesses in the use of message queues (CWE-377)
- Weaknesses in the use of signals (CWE-377)
- Weaknesses in the use of timers (CWE-377)
- Weaknesses in the use of threads (CWE-398)
- Weaknesses in the use of locks (CWE-398)
- Weaknesses in the use of mutexes (CWE-398)
- Weaknesses in the use of condition variables (CWE-398)
- Weaknesses in the use of recursive functions (CWE-398)
- Weaknesses in the use of coroutines (CWE-398)
- Weaknesses in the use of event loops (CWE-398)
- Weaknesses in the use of callbacks (CWE-398)
- Weaknesses in the use of timers (CWE-398)
- Weaknesses in the use of signal handlers (CWE-398)
- Weaknesses in the use of I/O callbacks (CWE-398)
-
For troubleshooting, visit: https://python.langchain.com/docs/troubleshooting/errors/OUTPUT_PARSING_FAILURE , falling back to strict parser
JSON parsing failed: Invalid json output: - Weak cryptography (CWE-327)
- Insecure random number generation (CWE-601)
- Insecure file operations (CWE-416)
- Insecure library usage (CWE-673)
- Insecure inter-process communication (Cinuxity)
- Insecure use of function (CWE-416)
- Insecure use of dynamic languages (CWE-603)
- Insecure use of external libraries (CWE-673)
- Insecure use of system functions (CWE-416)
- Insecure use of network functions (CWE-311)
- Insecure use of storage functions (CWE-416)
- Insecure use of resource management (CWE-416)
- Insecure use of concurrency (CWE-413)
- Insecure use of containerization (CWE-416)
- Insecure use of logging (CWE-416)
- Insecure use of compression (CWE-416)
- Insecure use of version control (CWE-416)
- Insecure use of build systems (CWE-416)
- Insecure use of static analysis tools (CWE-416)
- Insecure use of third-party libraries (CWE-673)
- Insecure use of platform-specific functions (CWE-416)
- Insecure use of resource locks (CWE-416)
- Insecure use of file descriptors (CWE-416)
- Insecure use of shared memory (CWE-416)
- Insecure use of pipes (CWE-416)
- Insecure use of semaphores (CWE-416)
- Insecure use of signals (CWE-416)
- Insecure use of timers (CWE-416)
- Insecure use of context (CWE-416)
- Insecure use of locks (CWE-416)
- Insecure use of threads (CWE-416)
- Insecure use of processes (CWE-416)
- Insecure use of network sockets (CWE-311)
- Insecure use of storage devices (CWE-416)
- Insecure use of resource management functions (CWE-416)
- Insecure use of concurrency functions (CWE-413)
- Insecure use of containerization functions (CWE-416)
- Insecure use of logging functions (CWE-416)
- Insecure use of compression functions (CWE-416)
- Insecure use of version control functions (CWE-416)
- Insecure use of build systems
For troubleshooting, visit: https://python.langchain.com/docs/troubleshooting/errors/OUTPUT_PARSING_FAILURE , falling back to strict parser
2025-10-03 15:47:34,906 - job_deepseek_database_leakagefree_1759520736 - INFO - Task rank_cwe: 10/103 commits processed
JSON parsing failed: Invalid json output: - Weak encryption (CWE-311)
- Insecure random number generation (CWE-330)
- Insecure string handling (CWE-131, CWE-134)
- Insecure file operations (CWE-416)
- Insecure library usage (CWE-673)
- Insecure resource management (CWE-415)
- Insecure inter-process communication (CWE-118)
- Insecure kernel pointers (CWE-824)
- Insecure use of function result (CWE-823)
- Insecure use of dynamic memory (CWE-401)
- Insecure use of static data (CWE-416)
- Insecure use of shared memory (CWE-418)
- Insecure use of network functions (CWE-311)
- Insecure use of external libraries (CWE-673)
- Insecure use of file operations (CWE-416)
- Insecure use of format strings (CWE-134)
- Insecure use of integer operations (CWE-823)
- Insecure use of bitwise operations (CWE-824)
- Insecure use of shift operations (CWE-824)
- Insecure use of arithmetic operations (CWE-824)
- Insecure use of resource management (CWE-415)
- Insecure use of inter-process communication (CWE-118)
- Insecure use of system calls (CWE-416)
- Insecure use of signals (CWE-416)
- Insecure use of timers (CWE-416)
- Insecure use of concurrency (CWE-416)
- Insecure use of synchronization (CWE-416)
- Insecure use of resource locks (CWE-416)
- Insecure use of resource semaphores (CWE-416)
- Insecure use of resource mutexes (CWE-416)
- Insecure use of resource events (CWE-416)
- Insecure use of resource pipes (CWE-416)
- Insecure use of resource sockets (CWE-416)
- Insecure use of resource devices (CWE-416)
- Insecure use of resource inodes (CWE-416)
- Insecure use of resource nodes (CWE-416)
- Insecure use of resource directories (CWE-416)
- Insecure use of resource files (CWE-416)
- Insecure use of resource links (CWE-416)
- Insecure use of resource permissions (CWE-416)
- Insecure
For troubleshooting, visit: https://python.langchain.com/docs/troubleshooting/errors/OUTPUT_PARSING_FAILURE , falling back to strict parser
JSON parsing failed: Invalid json output: - Weak encryption (CWE-311)
- Insecure random number generation (CWE-330)
- Integer overflow (CWE-191, CWE-199)
- Race conditions (CWE-362)
- Insecure use of function (CWE-587)
- Insecure use of dynamic memory (CWE-400)
- Insecure use of static memory (CWE-401)
- Insecure use of shared memory (CWE-402)
- Insecure use of file operations (CWE-378)
- Insecure use of network operations (CWE-397)
- Insecure use of database operations (CWE-352)
- Insecure use of encryption (CWE-311)
- Insecure use of resource management (CWE-400)
- Insecure use of resource locks (CWE-400)
- Insecure use of resource sharing (CWE-400)
- Insecure use of resource allocation (CWE-400)
- Insecure use of resource deallocation (CWE-400)
- Insecure use of resource management (CWE-400)
- Insecure use of resource locks (CWE-400)
- Insecure use of resource sharing (CWE-400)
- Insecure use of resource allocation (CWE-400)
- Insecure use of resource deallocation (CWE-400)
- Insecure use of resource management (CWE-400)
- Insecure use of resource locks (CWE-400)
- Insecure use of resource sharing (CWE-400)
- Insecure use of resource allocation (CWE-400)
- Insecure use of resource deallocation (CWE-400)
- Insecure use of resource management (CWE-400)
- Insecure use of resource locks (CWE-400)
- Insecure use of resource sharing (CWE-400)
- Insecure use of resource allocation (CWE-400)
- Insecure use of resource deallocation (CWE-400)
- Insecure use of resource management (CWE-400)
- Insecure use of resource locks (CWE-400)
- Insecure use of resource sharing (CWE-400)
- Insecure use of resource allocation (CWE-400)
- Insecure use of resource deallocation (CWE-400)
- Insecure use of resource management (CWE-400)
- Insecure use of resource locks (CWE-400)
- Insecure use of resource sharing (CWE-
For troubleshooting, visit: https://python.langchain.com/docs/troubleshooting/errors/OUTPUT_PARSING_FAILURE , falling back to strict parser
JSON parsing failed: Invalid json output: - Weak encryption (CWE-311)
- Insecure random number generation (CWE-330)
- Integer overflow (CWE-191, CWE-199)
- Race conditions (CWE-362)
- Insecure temporary files (CWE-644)
- Insecure use of function (CWE-416, etc.)
- Insecure use of cipher (CWE-327)
- Insecure use of external libraries (CWE-118)
- Insecure use of static data (CWE-129)
- Insecure use of dynamic data (CWE-135)
- Insecure use of resource (CW-111)
- Insecure use of shared memory (CWE-132)
- Insecure use of network functions (CWE-74)
- Insecure use of file functions (CWE-330)
- Insecure use of process functions (CWE-327)
- Insecure use of timing functions (CWE-367)
- Insecure use of concurrency functions (CWE-362)
- Insecure use of resource locks (CWE-119)
- Insecure use of resource sharing (CWE-119)
- Insecure use of resource allocation (CWE-119)
- Insecure use of resource deallocation (CWE-119)
- Insecure use of resource management (CWE-119)
- Insecure use of resource locks (CWE-119)
- Insecure use of resource sharing (CWE-119)
- Insecure use of resource allocation (CWE-119)
- Insecure use of resource deallocation (CWE-119)
- Insecure use of resource management (CWE-119)
- Insecure use of resource locks (CWE-119)
- Insecure use of resource sharing (CWE-119)
- Insecure use of resource allocation (CWE-119)
- Insecure use of resource deallocation (CWE-119)
- Insecure use of resource management (CWE-119)
- Insecure use of resource locks (CWE-119)
- Insecure use of resource sharing (CWE-119)
- Insecure use of resource allocation (CWE-119)
- Insecure use of resource deallocation (CWE-119)
- Insecure use of resource management (CWE-119)
- Insecure use of resource locks (CWE-119)
- Insecure use of resource sharing (CWE-119)
- Insecure use of resource allocation (CWE-119)
For troubleshooting, visit: https://python.langchain.com/docs/troubleshooting/errors/OUTPUT_PARSING_FAILURE , falling back to strict parser
JSON parsing failed: Invalid json output: - Weak encryption (CWE-311)
- Insecure random number generation (CWE-330)
- Insecure string handling (CWE-131, CWE-132)
- Insecure file operations (CWE-22, CWE-414)
- Insecure library usage (CWE-673, CWE-732)
- Insecure network operations (CWE-311, CWE-754)
- Insecure resource management (CWE-401, CWE-415)
- Insecure usage of public functions (CWE-829)
- Insecure usage of public member functions (CWE-829)
- Insecure use of public variables (CWE-829)
- Insecure use of public constants (CWE-829)
- Insecure use of public types (CWE-829)
- Insecure use of public functions (CWE-829)
- Insecure use of public member functions (CWE-829)
- Insecure use of public variables (CWE-829)
- Insecure use of public constants (CWE-829)
- Insecure use of public types (CWE-829)
- Insecure use of public functions (CWE-829)
- Insecure use of public member functions (CWE-829)
- Insecure use of public variables (CWE-829)
- Insecure use of public constants (CWE-829)
- Insecure use of public types (CWE-829)
- Insecure use of public functions (CWE-829)
- Insecure use of public member functions (CWE-829)
- Insecure use of public variables (CWE-829)
- Insecure use of public constants (CWE-829)
- Insecure use of public types (CWE-829)
- Insecure use of public functions (CWE-829)
- Insecure use of public member functions (CWE-829)
- Insecure use of public variables (CWE-829)
- Insecure use of public constants (CWE-829)
- Insecure use of public types (CWE-829)
- Insecure use of public functions (CWE-829)
- Insecure use of public member functions (CWE-829)
- Insecure use of public variables (CWE-829)
- Insecure use of public constants (CWE-829)
- Insecure use of public types (CWE-829)
- Insecure use of public functions (CWE-829)
- Insecure use of public member
For troubleshooting, visit: https://python.langchain.com/docs/troubleshooting/errors/OUTPUT_PARSING_FAILURE , falling back to strict parser
JSON parsing failed: Invalid json output: - Weak encryption (CWE-311)
- Race conditions (CWE-362)
- Insecure random number generation (CWE-330)
- Insecure string handling (CWE-131, CWE-134)
- Insecure file operations (CWE-361)
- Insecure library usage (CWE-377)
- Insecure resource management (CWE-400, CWE-415)
- Insecure inter-process communication (C CWE-118)
- Insecure temporary files (CWE-644)
- Insecure usage of crypto functions (CWE-327)
- Insecure usage of realloc (CWE-408)
- Insecure usage of memory functions (CWE-416)
- Insecure usage of integer functions (CWE-823)
- Insecure usage of floating point (CWE-829)
- Insecure usage of format strings (CWE-134)
- Insecure usage of string functions (CWE-131)
- Insecure usage of container functions (CWE-400)
- Insecure usage of resource locks (CWE-119)
- Insecure usage of file locks (CWE-361)
- Insecure usage of shared memory (CWE-119)
- Insecure usage of network functions (CWE-311)
- Insecure usage of process functions (CWE-361)
- Insecure usage of system calls (CWE-361)
- Insecure usage of signal functions (CWE-361)
- Insecure usage of timer functions (CWE-361)
- Insecure usage of interrupt handlers (CWE-361)
- Insecure usage of I/O functions (CWE-361)
- Insecure usage of concurrency primitives (CWE-361)
- Insecure usage of synchronization primitives (CWE-361)
- Insecure usage of atomic operations (CWE-361)
- Insecure usage of memory management primitives (CWE-361)
- Insecure usage of CPU functions (CWE-361)
- Insecure usage of hardware devices (CWE-361)
- Insecure usage of platform-specific functions (CWE-361)
- Insecure usage of kernel functions (CWE-361)
- Insecure usage of user-space functions (CWE-361)
- Insecure usage of C library functions (CWE-361)
- Insecure usage of custom functions (CWE-361)
- Insecure usage of third-party libraries (CWE-377)
- Insecure usage of system libraries (CWE-377
For troubleshooting, visit: https://python.langchain.com/docs/troubleshooting/errors/OUTPUT_PARSING_FAILURE , falling back to strict parser
JSON parsing failed: Invalid json output: - Weak encryption (CWE-257)
- Race conditions (CWE-362)
- Integer overflow (CWE-191, CWE-200)
- Resource management (CWE-400, 396, 415)
- Weak random number generation (CWE-330)
- Insecure usage of functions (CWE-416)
- Insecure use of dynamic memory (CWE-401)
- Insecure use of static data (CWE-805)
- Insecure use of shared memory (CWE-801)
- Insecure use of external data (CWE-601)
- Insecure use of network functions (CWE-603)
- Insecure use of file operations (CWE-798)
- Insecure use of file descriptors (CWE-821)
- Insecure use of pipes (CWE-778)
- Insecure use of signals (CWE-754)
- Insecure use of timers (CWE-801)
- Insecure use of locks (CWE-798)
- Insecure use of context (CWE-653)
- Insecure use of thread-local storage (CWE-805)
- Insecure use of shared variables (CWE-805)
- Insecure use of static variables (CWE-805)
- Insecure use of recursion (CWE-478)
- Insecure use of iteration (CWE-478)
- Insecure use of function arguments (CWE-805)
- Insecure use of return values (CWE-805)
- Insecure use of external data (CWE-601)
- Insecure use of network functions (CWE-603)
- Insecure use of file operations (CWE-798)
- Insecure use of file descriptors (CWE-821)
- Insecure use of pipes (CWE-778)
- Insecure use of signals (CWE-754)
- Insecure use of timers (CWE-801)
- Insecure use of locks (CWE-798)
- Insecure use of context (CWE-653)
- Insecure use of thread-local storage (CWE-805)
- Insecure use of shared variables (CWE-805)
- Insecure use of static variables (CWE-805)
- Insecure use of recursion (CWE-478)
- Insecure use of iteration (CWE-478)
- Insecure use of function arguments (CWE-805)
- Insecure use of return values (CWE-805)
For troubleshooting, visit: https://python.langchain.com/docs/troubleshooting/errors/OUTPUT_PARSING_FAILURE , falling back to strict parser
JSON parsing failed: Invalid json output: - Weak hashing (CWE-157)
- Insecure random number generation (CWE-601)
- Insecure usage of crypto functions (CWE-327)
- Insecure string handling (CWE-116, CWE-117)
- Insecure file operations (CWE-416)
- Insecure usage of realloc (CWE-408)
- Insecure usage of malloc (CWE-400)
- Insecure usage of free (CWE-407)
- Insecure usage of memalign (CWE-408)
- Insecure usage of memmove (CWE-409)
- Insecure usage of memcpy (CWE-410)
- Insecure usage of strlen (CWE-118)
- Insecure usage of strncmp (CWE-191)
- Insecure usage of strcmp (CWE-192)
- Insecure usage of memcpy (CWE-410)
- Insecure usage of memmove (CWE-409)
- Insecure usage of strncat (CWE-191)
- Insecure usage of strcat (CWE-191)
- Insecure usage of strcpy (CWE-191)
- Insecure usage of sprintf (CWE-166)
- Insecure usage of alloca (CWE-408)
- Insecure usage of realloc (CWE-408)
- Insecure usage of free (CWE-407)
- Insecure usage of malloc (CWE-400)
- Insecure usage of memalign (CWE-408)
- Insecure usage of memmove (CWE-409)
- Insecure usage of memcpy (CWE-410)
- Insecure usage of strlen (CWE-118)
- Insecure usage of strncmp (CWE-191)
- Insecure usage of strcmp (CWE-192)
- Insecure usage of alloca (CWE-408)
- Insecure usage of strncat (CWE-191)
- Insecure usage of strcat (CWE-191)
- Insecure usage of strcpy (CWE-191)
- Insecure usage of sprintf (CWE-166)
- Insecure usage of memmove (CWE-409)
- Insecure usage of memcpy (CWE-410)
- Insecure usage of strncmp (CWE-191)
- Insecure usage of strcmp (CWE-192)
- Insecure usage of alloca (CWE-408)
- Insecure usage of strncat (CWE-191)
- Insecure usage of
For troubleshooting, visit: https://python.langchain.com/docs/troubleshooting/errors/OUTPUT_PARSING_FAILURE , falling back to strict parser
JSON parsing failed: Invalid json output: - Weak encryption (CWE-601)
- Insecure random number generation (CWE-601)
- Insecure string handling (CWE-119, CWE-131)
- Insecure file operations (CWE-416)
- Insecure library usage (CWE-673)
- Insecure resource management (CWE-415)
- Insecure network operations (CWE-311)
- Insecure configuration management (CWE-690)
- Insecure usage of cipher constants (CWE-653)
- Insecure usage of static data (CWE-672)
- Insecure usage of dynamic data (CWE-674)
- Insecure usage of external data (CWE-676)
- Insecure usage of external libraries (CWE-676)
- Insecure usage of user input (CWE-601)
- Insecure usage of user output (CWE-352)
- Insecure usage of file descriptors (CWE-400)
- Insecure usage of socket descriptors (CWE-400)
- Insecure usage of shared memory (CWE-400)
- Insecure usage of pipes (CWE-400)
- Insecure usage of unknowns (CWE-400)
- Insecure usage of pointers (CWE-400)
- Insecure usage of integer operations (CWE-400)
- Insecure usage of bitwise operations (CWE-400)
- Insecure usage of arithmetic operations (CWE-400)
- Insecure usage of logical operations (CWE-400)
- Insecure usage of memory operations (CWE-400)
- Insecure usage of memory allocation (CWE-400)
- Insecure usage of string operations (CWE-400)
- Insecure usage of array operations (CWE-400)
- Insecure usage of function calls (CWE-400)
- Insecure usage of system calls (CWE-400)
- Insecure usage of environment variables (CWE-400)
- Insecure usage of process information (CWE-400)
- Insecure usage of resource limits (CWE-400)
- Insecure usage of resource management (CWE-400)
- Insecure usage of resource locks (CWE-400)
- Insecure usage of resource semaphores (CWE-400)
- Insecure usage of resource signals (CWE-400)
- Insecure usage of resource timers (CWE-400)
- Insecure usage of resource allocation (CWE-400)
- Insecure usage of
For troubleshooting, visit: https://python.langchain.com/docs/troubleshooting/errors/OUTPUT_PARSING_FAILURE , falling back to strict parser
JSON parsing failed: Invalid json output: - Weak encryption (CWE-311)
- Insecure random number generation (CWE-330)
- Improper error handling (CWE-400, 401, 476)
- Race conditions (CWE-362)
- Insecure temporary files (CWE-644)
- Insecure use of function (CWE-587, 653)
- Integer overflows (CWE-191, 369)
- Weaknesses in the use of containers (CWE-117)
- Insecure use of libraries (CWE-352, 400)
- Insecure use of configuration (CWE-312)
- Insecure use of compression (CWE-493)
- Insecure use of version control (CWE-654)
- Insecure use of logging (CWE-364)
- Insecure use of static data (CWE-601)
- Insecure use of dynamic data (CWE-602)
- Insecure use of file operations (CWE-378)
- Insecure use of network functions (CWE-377)
- Insecure use of inter-process communication (CWE-462)
- Insecure use of shell functions (CWE-327)
- Insecure use of pipes (CWE-352)
- Insecure use of file descriptors (CWE-361)
- Insecure use of shared memory (CWE-532)
- Insecure use of signals (CWE-390)
- Insecure use of timers (CWE-397)
- Insecure use of locks (CWE-166)
- Insecure use of atomic operations (CWE-653)
- Insecure use of context (CWE-657)
- Insecure use of concurrency (CWE-662)
- Insecure use of resource management (CWE-664)
- Insecure use of resource locks (CWE-665)
- Insecure use of resource pools (CWE-666)
- Insecure use of resource sharing (CWE-667)
- Insecure use of resource allocation (CWE-668)
- Insecure use of resource deallocation (CWE-669)
- Insecure use of resource handling (CWE-670)
- Insecure use of resource locks (CWE-665)
- Insecure use of resource pools (CWE-666)
- Insecure use of resource sharing (CWE-667)
- Insecure use of resource allocation (CWE-668)
- Insecure use of resource deallocation (CWE-669
For troubleshooting, visit: https://python.langchain.com/docs/troubleshooting/errors/OUTPUT_PARSING_FAILURE , falling back to strict parser
JSON parsing failed: Invalid json output: - Weak encryption (CWE-311)
- Insecure random number generation (CWE-330)
- Insecure string handling (CWE-131, CWE-134)
- Insecure file operations (CWE-22, CWE-48)
- Insecure library usage (CWE-673)
- Insecure network operations (CWE-311, CWE-132)
- Insecure resource management (CWE-400)
- Insecure temporary files (CWE-330)
- Insecure usage of system functions (CWE-327)
- Insecure usage of environment variables (CWE-601)
- Insecure usage of cookies (CWE-601)
- Insecure usage of headers (CWE-601)
- Insecure usage of command-line arguments (CWE-601)
- Insecure usage of configuration files (CWE-601)
- Insecure usage of third-party libraries (CWE-601)
- Insecure usage of data validation (CWE-601)
- Insecure usage of error handling (CWE-601)
- Insecure usage of exception handling (CWE-601)
- Insecure usage of logging (CWE-601)
- Insecure usage of race conditions (CWE-601)
- Insecure usage of resource locks (CWE-601)
- Insecure usage of shared memory (CWE-601)
- Insecure usage of signal handling (CWE-601)
- Insecure usage of timers (CWE-601)
- Insecure usage of thread safety (CWE-601)
- Insecure usage of concurrency (CWE-601)
- Insecure usage of synchronization (CWE-601)
- Insecure usage of atomic operations (CWE-601)
- Insecure usage of memory management (CWE-601)
- Insecure usage of file operations (CWE-601)
- Insecure usage of network operations (CWE-601)
- Insecure usage of I/O operations (CWE-601)
- Insecure usage of system calls (CWE-601)
- Insecure usage of pipes (CWE-601)
- Insecure usage of sockets (CWE-601)
- Insecure usage of device files (CWE-601)
- Insecure usage of kernel modules (CWE-601)
- Insecure usage of user-space memory (CWE-601)
- Insecure usage of user-space strings (CWE-601)
- Insecure usage of user-space integers (CWE-601
For troubleshooting, visit: https://python.langchain.com/docs/troubleshooting/errors/OUTPUT_PARSING_FAILURE , falling back to strict parser
2025-10-03 15:49:28,890 - job_deepseek_database_leakagefree_1759520736 - INFO - Task rank_cwe: 20/103 commits processed
JSON parsing failed: Invalid json output: - Weak encryption (CWE-311)
- Insecure random number generation (CWE-330)
- Race conditions (CWE-362)
- Improper handling of null (CWE-400)
- Insecure temporary files (CWE-644)
- Insecure use of function (CWE-416)
- Use of unsafe functions (CWE-798)
- Use of uninitialized variables (CWE-686)
- Insecure use of dynamic memory (CWE-401)
- Insecure use of static data (CWE-805)
- Insecure use of shared memory (CWE-801)
- Insecure use of network functions (CWE-311)
- Insecure use of file functions (CWE-798)
- Insecure use of library functions (CWE-798)
- Insecure use of resource locks (CWE-798)
- Insecure use of resource pools (CWE-798)
- Insecure use of resource sharing (CWE-798)
- Insecure use of resource management (CWE-798)
- Insecure use of resource allocation (CWE-798)
- Insecure use of resource locks (CWE-798)
- Insecure use of resource pools (CWE-798)
- Insecure use of resource sharing (CWE-798)
- Insecure use of resource management (CWE-798)
- Insecure use of resource allocation (CWE-798)
- Insecure use of resource locks (CWE-798)
- Insecure use of resource pools (CWE-798)
- Insecure use of resource sharing (CWE-798)
- Insecure use of resource management (CWE-798)
- Insecure use of resource allocation (CWE-798)
- Insecure use of resource locks (CWE-798)
- Insecure use of resource pools (CWE-798)
- Insecure use of resource sharing (CWE-798)
- Insecure use of resource management (CWE-798)
- Insecure use of resource allocation (CWE-798)
- Insecure use of resource locks (CWE-798)
- Insecure use of resource pools (CWE-798)
- Insecure use of resource sharing (CWE-798)
- Insecure use of resource management (CWE-798)
- Insecure use of resource allocation (CWE-798)
- Insecure use of resource locks (CWE-798)
- Insecure use of resource pools (C
For troubleshooting, visit: https://python.langchain.com/docs/troubleshooting/errors/OUTPUT_PARSING_FAILURE , falling back to strict parser
JSON parsing failed: Invalid json output: - Weak cryptography (CWE-601)
- Insecure random number generation (CWE-601, 100)
- Incorrect handling of special characters (CWE-22, 92)
- Insecure file operations (CWE-416)
- Insecure library usage (CWE-673)
- Insecure inter-process communication (CW-)
- Insecure use of function (CWE-416, 476)
- Insecure use of dynamic memory (CWE-400, 401)
- Insecure use of static memory (CWE-416)
- Insecure use of shared memory (CWE-416)
- Insecure use of temporary files (CWE-416)
- Insecure use of external libraries (CWE-673)
- Insecure use of system calls (CWE-416)
- Insecure use of network functions (CWE-416)
- Insecure use of resource locks (CWE-416)
- Insecure use of resource pools (CWE-416)
- Insecure use of resource sharing (CWE-416)
- Insecure use of resource management (CWE-416)
- Insecure use of resource allocation (CWE-416)
- Insecure use of resource deallocation (CWE-416)
- Insecure use of resource locks (CWE-416)
- Insecure use of resource pools (CWE-416)
- Insecure use of resource sharing (CWE-416)
- Insecure use of resource management (CWE-416)
- Insecure use of resource allocation (CWE-416)
- Insecure use of resource deallocation (CWE-416)
- Insecure use of resource locks (CWE-416)
- Insecure use of resource pools (CWE-416)
- Insecure use of resource sharing (CWE-416)
- Insecure use of resource management (CWE-416)
- Insecure use of resource allocation (CWE-416)
- Insecure use of resource deallocation (CWE-416)
- Insecure use of resource locks (CWE-416)
- Insecure use of resource pools (CWE-416)
- Insecure use of resource sharing (CWE-416)
- Insecure use of resource management (CWE-416)
- Insecure use of resource allocation (CWE-416)
- Insecure use of resource deallocation (CWE-416)
- Insecure use of resource locks (CWE-416)
- In
For troubleshooting, visit: https://python.langchain.com/docs/troubleshooting/errors/OUTPUT_PARSING_FAILURE , falling back to strict parser
JSON parsing failed: Invalid json output: - Weak encryption (CWE-311)
- Race conditions (CWE-362)
- Improper resource management (CWE-415, CWE-400)
- Insecure random number generation (CWE-330)
- Insecure string handling (CWE-131, CWE-134)
- Insecure file operations (CWE-416)
- Insecure library usage (CWE-369)
- Insecure API usage (CWE-377)
- Insecure inter-process communication (CWE-462)
- Insecure network operations (CWE-311)
- Insecure resource management (CWE-415)
- Insecure temporary files (CWE-330)
- Insecure usage of function result (CWE-823)
- Insecure usage of dynamic languages (CWE-327)
- Insecure usage of static languages (CWE-398)
- Insecure usage of external libraries (CWE-369)
- Insecure usage of system functions (CWE-378)
- Insecure usage of shell functions (CWE-378)
- Insecure usage of file functions (CWE-416)
- Insecure usage of network functions (CWE-311)
- Insecure usage of resource locks (CWE-362)
- Insecure usage of shared memory (CWE-362)
- Insecure usage of timers (CWE-362)
- Insecure usage of signals (CWE-362)
- Insecure usage of threads (CWE-362)
- Insecure usage of processes (CWE-362)
- Insecure usage of sockets (CWE-311)
- Insecure usage of pipes (CWE-311)
- Insecure usage of fifos (CWE-311)
- Insecure usage of devices (CWE-311)
- Insecure usage of hardware (CWE-311)
- Insecure usage of system calls (CWE-378)
- Insecure usage of system functions (CWE-378)
- Insecure usage of environment variables (CWE-129)
- Insecure usage of local variables (CWE-129)
- Insecure usage of global variables (CWE-129)
- Insecure usage of static variables (CWE-129)
- Insecure usage of dynamic variables (CWE-129)
- Insecure usage of function arguments (CWE-129)
- Insecure usage of return values (CWE-129)
- Insecure usage of function exit status (CWE-129)
- Insecure usage
For troubleshooting, visit: https://python.langchain.com/docs/troubleshooting/errors/OUTPUT_PARSING_FAILURE , falling back to strict parser
JSON parsing failed: Invalid json output: - Weak encryption (CWE-311)
- Insecure random number generation (CWE-330)
- Insecure string handling (CWE-131, CWE-134)
- Insecure file operations (CWE-22, CWE-48)
- Insecure library usage (CWE-673)
- Insecure resource management (CWE-400)
- Insecure network operations (CWE-311, CWE-132)
- Insecure usage of system functions (CWE-327, CWE-327)
- Insecure usage of third-party libraries (CWE-673)
- Insecure usage of configuration (CWE-312)
- Insecure usage of cryptographic functions (CWE-327)
- Insecure usage of race conditions (CWE-362)
- Insecure usage of resource locks (CWE-367)
- Insecure usage of resource sharing (CWE-397)
- Insecure usage of static data (CWE-414)
- Insecure usage of static functions (CWE-416)
- Insecure usage of dynamic functions (CWE-417)
- Insecure usage of recursion (CWE-418)
- Insecure usage of iteration (CWE-419)
- Insecure usage of exception handling (CWE-413)
- Insecure usage of logging (CWE-117)
- Insecure usage of debugging (CWE-118)
- Insecure usage of memory management (CWE-400)
- Insecure usage of resource management (CWE-400)
- Insecure usage of file operations (CWE-22, 48)
- Insecure usage of network operations (CWE-311, 132)
- Insecure usage of system functions (CWE-327)
- Insecure usage of third-party libraries (CWE-673)
- Insecure usage of configuration (CWE-312)
- Insecure usage of cryptographic functions (CWE-327)
- Insecure usage of race conditions (CWE-362)
- Insecure usage of resource locks (CWE-367)
- Insecure usage of resource sharing (CWE-397)
- Insecure usage of static data (CWE-414)
- Insecure usage of static functions (CWE-416)
- Insecure usage of dynamic functions (CWE-417)
- Insecure usage of recursion (CWE-418)
- Insecure usage of iteration (CWE-419)
- Insecure usage of exception handling (CWE-413)
- Insecure usage
For troubleshooting, visit: https://python.langchain.com/docs/troubleshooting/errors/OUTPUT_PARSING_FAILURE , falling back to strict parser
JSON parsing failed: Invalid json output: - Weak encryption (CWE-601)
- Insecure random number generation (CWE-601, 327)
- Insecure string handling (CWE-119, 119, 416)
- Insecure file operations (CWE-22, 413)
- Insecure library usage (CWE-673, 732)
- Insecure network operations (CWE-311, 400)
- Insecure resource management (CWE-415, 494)
- Insecure usage of public functions (CWE-416)
- Insecure usage of public member functions (CWE-494)
- Insecure usage of public variables (CWE-908)
- Insecure usage of public types (CWE-805)
- Insecure usage of public constants (CWE-817)
- Insecure usage of public functions (CWE-416)
- Insecure usage of public member functions (CWE-494)
- Insecure usage of public variables (CWE-908)
- Insecure usage of public types (CWE-805)
- Insecure usage of public constants (CWE-817)
- Insecure usage of public functions (CWE-416)
- Insecure usage of public member functions (CWE-494)
- Insecure usage of public variables (CWE-908)
- Insecure usage of public types (CWE-805)
- Insecure usage of public constants (CWE-817)
- Insecure usage of public functions (CWE-416)
- Insecure usage of public member functions (CWE-494)
- Insecure usage of public variables (CWE-908)
- Insecure usage of public types (CWE-805)
- Insecure usage of public constants (CWE-817)
- Insecure usage of public functions (CWE-416)
- Insecure usage of public member functions (CWE-494)
- Insecure usage of public variables (CWE-908)
- Insecure usage of public types (CWE-805)
- Insecure usage of public constants (CWE-817)
- Insecure usage of public functions (CWE-416)
- Insecure usage of public member functions (CWE-494)
- Insecure usage of public variables (CWE-908)
- Insecure usage of public types (CWE-805)
- Insecure usage of public constants (CWE-817)
- Insecure usage of public functions (CWE-416)
- Insecure usage of public
For troubleshooting, visit: https://python.langchain.com/docs/troubleshooting/errors/OUTPUT_PARSING_FAILURE , falling back to strict parser
JSON parsing failed: Invalid json output: - Weak encryption (CWE-311)
- Race conditions (CWE-362)
- Resource management issues (CWE-400, 415, 413)
- Improper handling of nulls (CWE-457)
- Insecure use of random numbers (CWE-330)
- Insecure use of public keys (CWE-365)
- Insecure use of temporary files (CWE-644)
- Insecure use of external libraries (CWE-601)
- Insecure use of network functions (CFS-ATTACK)
- Insecure use of shell functions (CWE-327)
- Insecure use of format strings (CWE-134)
- Insecure use of container functions (CWE-1180)
- Insecure use of file operations (CWE-116)
- Insecure use of file descriptors (CWE-269)
- Insecure use of file system operations (CWE-361)
- Insecure use of locks (CWE-1196)
- Insecure use of shared memory (CWE-250)
- Insecure use of signals (CWE-390)
- Insecure use of timers (CWE-397)
- Insecure use of threads (CWE-601)
- Insecure use of process management (CWE-607)
- Insecure use of system calls (CWE-116)
- Insecure use of system commands (CWE-327)
- Insecure use of system libraries (CWE-601)
- Insecure use of user space (CWE-1196)
- Insecure use of user space pointers (CWE-119)
- Insecure use of user space strings (CWE-134)
- Insecure use of user space integers (CWE-119)
- Insecure use of user space arrays (CWE-119)
- Insecure use of user space functions (CWE-327)
- Insecure use of user space variables (CWE-119)
- Insecure use of user space memory (CWE-119)
- Insecure use of user space resources (CWE-119)
- Insecure use of user space time (CWE-397)
- Insecure use of user space signals (CWE-390)
- Insecure use of user space locks (CWE-1196)
- Insecure use of user space shared memory (CWE-250)
- Insecure use of user space threads (CWE-601)
- Insecure use of user space
For troubleshooting, visit: https://python.langchain.com/docs/troubleshooting/errors/OUTPUT_PARSING_FAILURE , falling back to strict parser
JSON parsing failed: Invalid json output: - Weak encryption (CWE-257)
- Insecure random number generation (CWE-601)
- Improper error handling (CWE-1001)
- Insecure use of function (CWE-774)
- Missing bounds checking (CWE-657)
- Use after free (CWE-690)
- Integer overflow (CWE-682)
- Race conditions (CWE-362)
- Insecure string handling (CWE-104)
- Insecure file operations (CWE-798)
- Insecure library usage (CWE-732)
- Insecure resource management (CWE-400)
- Insecure network operations (CWE-311)
- Insecure usage of crypto functions (CWE-327)
- Insecure usage of container functions (CWE-1311)
- Insecure usage of Go functions (CWE-1299)
- Insecure usage of Java reflection (CWE-924)
- Insecure usage of PHP functions (CWE-1112)
- Insecure usage of Python functions (CWE-1171)
- Insecure usage of Ruby functions (CWE-1172)
- Insecure usage of shell commands (CWE-327)
- Insecure usage of system calls (CWE-327)
- Insecure usage of environment variables (CWE-601)
- Insecure usage of configuration files (CWE-312)
- Insecure usage of logging (CWE-1172)
- Insecure usage of cookies (CWE-601)
- Insecure usage of session management (CWE-312)
- Insecure usage of authentication (CWE-312)
- Insecure usage of file descriptors (CWE-400)
- Insecure usage of shared memory (CWE-400)
- Insecure usage of pipes (CWE-400)
- Insecure usage of sockets (CWE-400)
- Insecure usage of locks (CWE-400)
- Insecure usage of semaphores (CWE-400)
- Insecure usage of timers (CWE-400)
- Insecure usage of signal handlers (CWE-400)
- Insecure usage of context switches (CWE-400)
- Insecure usage of interrupt handlers (CWE-400)
- Insecure usage of I/O operations (CWE-400)
- Insecure usage of device drivers (CWE-400)
- Insecure usage of hardware accelerators (CWE-400)
- Insecure usage of interrupt controllers (
For troubleshooting, visit: https://python.langchain.com/docs/troubleshooting/errors/OUTPUT_PARSING_FAILURE , falling back to strict parser
JSON parsing failed: Invalid json output: - Weak encryption (CWE-311)
- Insecure random number generation (CWE-330)
- Integer overflow (CWE-191, CWE-199)
- Race conditions (CWE-362)
- Weaknesses in resource management (CWE-400, 415, 416)
- Insecure string handling (CWE-104, 119, 166)
- Weaknesses in file handling (CWE-377, 388)
- Weaknesses in network protocols (CWE-16, 17, 311)
- Weaknesses in cryptographic implementation (CWE-327, 331)
- Weaknesses in resource locks (CWE-269)
- Weaknesses in resource sharing (CWE-269)
- Weaknesses in resource management (CWE-400, 415, 416)
- Weaknesses in resource access (CWE-240, 241, 242)
- Weaknesses in resource access (CWE-240, 241, 242)
- Weaknesses in resource access (CWE-240, 241, 242)

Looking at the code, I need to find potential issues.

First, the function `ext_tree_prepare_commit` is handling layout updates for NFS. It's dealing with buffer sizes, page allocations, and layout commit arguments.

Looking at the code, I notice a few areas that might be problematic.

1. **Buffer Size Handling**: The code uses `buffer_size` which is initially set to `PAGE_SIZE`. It then calls `ext_tree_encode_commit` which may modify `buffer_size` and `count`. After that, it checks if `arg->layoutupdate_pages` is not the same as `arg->layoutupdate_page`. If so, it allocates new pages and a new `start_p`. This could lead to a situation where the buffer is not properly managed, possibly causing a buffer overflow or underflow.

2. **Memory Allocation Issues**: The code uses `kmalloc` and `vmalloc` for memory management. If `kmalloc` or `vmalloc` returns `NULL`, it checks and returns `-ENOMEM`. However, in some cases, especially under heavy load, these allocations might fail, leading to memory issues or crashes.

3. **Race Conditions**: The `retry` loop uses a label and jumps back on failure. If multiple threads are accessing this function simultaneously, there might be a race condition leading to incorrect state management or resource sharing issues.

4. **
For troubleshooting, visit: https://python.langchain.com/docs/troubleshooting/errors/OUTPUT_PARSING_FAILURE , falling back to strict parser
JSON parsing failed: Invalid json output: - Weak encryption (CWE-311)
- Insecure random number generation (CWE-330)
- Integer overflow (CWE-191, CWE-199)
- Weaknesses in API design (CWE-592)
- Insecure string handling (CWE-116, CWE-117)
- Weaknesses in resource management (CWE-415)
- Insecure file operations (CWE-416)
- Weaknesses in authentication (CWE-307)
- Weaknesses in session management (CWE-639)
- Weaknesses in configuration management (CWE-670)
- Weaknesses in data validation (CWE-22)
- Weaknesses in resource management (CWE-415)
- Weaknesses in file handling (CWE-416)
- Weaknesses in network security (CWE-311)
- Weaknesses in cryptographic implementation (CWE-327)
- Weaknesses in resource management (CWE-415)
- Weaknesses in input validation (CWE-20)
- Weaknesses in output handling (CWE-20)
- Weaknesses in resource management (CWE-415)
- Weaknesses in file handling (CWE-416)
- Weaknesses in network handling (CWE-327)
- Weaknesses in data validation (CWE-22)
- Weaknesses in resource management (CWE-415)
- Weaknesses in file handling (CWE-416)
- Weaknesses in network handling (CWE-327)
- Weaknesses in data validation (CWE-22)
- Weaknesses in resource management (CWE-415)
- Weaknesses in file handling (CWE-416)
- Weaknesses in network handling (CWE-327)
- Weaknesses in data validation (CWE-22)
- Weaknesses in resource management (CWE-415)
- Weaknesses in file handling (CWE-416)
- Weaknesses in network handling (CWE-327)
- Weaknesses in data validation (CWE-22)
- Weaknesses in resource management (CWE-415)
- Weaknesses in file handling (CWE-416)
- Weaknesses in network handling (CWE-327)
- Weaknesses in data validation (CWE-22)
- Weaknesses in resource management (CWE-415)
- Weaknesses in file handling (CWE-
For troubleshooting, visit: https://python.langchain.com/docs/troubleshooting/errors/OUTPUT_PARSING_FAILURE , falling back to strict parser
JSON parsing failed: Invalid json output: - Weak random number generation (CWE-601)
- Insecure use of random numbers (CWE-624)
- Integer overflow (CWE-191, CWE-199)
- Race conditions (CWE-362)
- Insecure string handling (CWE-104, CWE-119, CWE-166)
- Insecure file operations (CWE-116, CWE-117)
- Insecure use of external libraries (CWE-369)
- Insecure use of external code (CWE-378)
- Insecure use of network functions (CWE-397)
- Insecure use of storage functions (CFS-001, but not in the standard list)
- Insecure use of cryptographic functions (CWE-327)
- Insecure use of resource management (CWE-400)
- Insecure use of resource locks (CWE-401)
- Insecure use of resource pools (CWE-403)
- Insecure use of resource sharing (CWE-404)
- Insecure use of resource allocation (CWE-405)
- Insecure use of resource deallocation (CWE-406)
- Insecure use of resource management functions (CWE-476)
- Insecure use of resource locks (CWE-401)
- Insecure use of resource pools (CWE-403)
- Insecure use of resource sharing (CWE-404)
- Insecure use of resource allocation (CWE-405)
- Insecure use of resource deallocation (CWE-406)
- Insecure use of resource management functions (CWE-476)
- Insecure use of resource management (CWE-400)
- Insecure use of resource locks (CWE-401)
- Insecure use of resource pools (CWE-403)
- Insecure use of resource sharing (CWE-404)
- Insecure use of resource allocation (CWE-405)
- Insecure use of resource deallocation (CWE-406)
- Insecure use of resource management functions (CWE-476)
- Insecure use of resource management (CWE-400)
- Insecure use of resource locks (CWE-401)
- Insecure use of resource pools (CWE-403)
- Insecure use of resource sharing (CWE-404)
- Insecure use of resource allocation (CWE-405)
- Insecure use of resource deallocation (CWE-406)
- Insecure use of resource management functions (CWE-476)
-
For troubleshooting, visit: https://python.langchain.com/docs/troubleshooting/errors/OUTPUT_PARSING_FAILURE , falling back to strict parser
2025-10-03 15:51:22,993 - job_deepseek_database_leakagefree_1759520736 - INFO - Task rank_cwe: 30/103 commits processed
JSON parsing failed: Invalid json output: - Weak encryption (CWE-311)
- Insecure random number generation (CWE-330)
- Improper input handling (CWE-369)
- Uninitialized variables (CWE-457)
- Race conditions (CWE-362)
- Integer overflow (CWE-400)
- Weaknesses in inter-process communication (CWE-269)
- Insecure use of function (CWE-587)
- Insecure use of dynamic memory (CWE-122)
- Insecure use of static data (CWE-167)
- Insecure use of shared memory (CWE-250)
- Insecure use of temporary variables (CWE-570)
- Insecure use of file operations (CWE-378)
- Insecure use of network functions (CWE-397)
- Insecure use of storage functions (CWE-398)
- Insecure use of concurrency controls (CWE-653)
- Insecure use of resource locks (CWE-665)
- Insecure use of container mechanisms (CWE-694)
- Insecure use of cryptographic functions (CWE-798)
- Insecure use of resource allocation (CWE-805)
- Insecure use of resource management (CWE-807)
- Insecure use of resource sharing (CWE-808)
- Insecure use of resource locks (CWE-665)
- Insecure use of resource management (CWE-807)
- Insecure use of resource sharing (CWE-808)
- Insecure use of resource locks (CWE-665)
- Insecure use of resource management (CWE-807)
- Insecure use of resource sharing (CWE-808)
- Insecure use of resource locks (CWE-665)
- Insecure use of resource management (CWE-807)
- Insecure use of resource sharing (CWE-808)
- Insecure use of resource locks (CWE-665)
- Insecure use of resource management (CWE-807)
- Insecure use of resource sharing (CWE-808)
- Insecure use of resource locks (CWE-665)
- Insecure use of resource management (CWE-807)
- Insecure use of resource sharing (CWE-808)
- Insecure use of resource locks (CWE-665)
- Insecure use of resource management (CWE-807)
- Insecure use of resource sharing (CWE-808)
- Insecure use of resource locks (CWE
For troubleshooting, visit: https://python.langchain.com/docs/troubleshooting/errors/OUTPUT_PARSING_FAILURE , falling back to strict parser
JSON parsing failed: Invalid json output: - Weak encryption (CWE-311)
- Insecure random number generation (CWE-330)
- Insecure string handling (CWE-131, CWE-134)
- Insecure file operations (CWE-48, CWE-416)
- Insecure library usage (CWE-673, CWE-732)
- Insecure resource management (CWE-415, CWE-494)
- Insecure network operations (CWE-311, CWE-117)
- Insecure usage of system functions (CWE-78, CWE-466)
- Insecure usage of external libraries (CWE-673, CWE-732)
- Insecure usage of headers (CWE-118)
- Insecure usage of variables (CWE-798)
- Insecure usage of pointers (CWE-798, CWE-823)
- Insecure usage of static data (CWE-798)
- Insecure usage of dynamic data (CWE-798)
- Insecure usage of resource locks (CWE-798)
- Insecure usage of threading (CWE-798)
- Insecure usage of signal handling (CWE-798)
- Insecure usage of exception handling (CWE-798)
- Insecure usage of file operations (CWE-798)
- Insecure usage of network operations (CWE-798)
- Insecure usage of system calls (CWE-798)
- Insecure usage of system functions (CWE-798)
- Insecure usage of external code (CWE-798)
- Insecure usage of code reuse (CWE-798)
- Insecure usage of resource management (CWE-798)
- Insecure usage of resource locks (CWE-798)
- Insecure usage of resource sharing (CWE-798)
- Insecure usage of resource allocation (CWE-798)
- Insecure usage of resource deallocation (CWE-798)
- Insecure usage of resource handling (CWE-798)
- Insecure usage of resource management (CWE-798)
- Insecure usage of resource locks (CWE-798)
- Insecure usage of resource sharing (CWE-798)
- Insecure usage of resource allocation (CWE-798)
- Insecure usage of resource deallocation (CWE-798)
- Insecure usage of resource handling (CWE-798)
- Insecure usage of resource management (CWE-798)
- Insecure usage of resource locks (CWE-798)
- Insecure
For troubleshooting, visit: https://python.langchain.com/docs/troubleshooting/errors/OUTPUT_PARSING_FAILURE , falling back to strict parser
JSON parsing failed: Invalid json output: - Weak encryption (CWE-311)
- Insecure random number generation (CWE-330)
- Improper use of pointers (CWE-670, CWE-682)
- Race conditions (CWE-362)
- Insecure string handling (CWE-104, CWE-119)
- Insecure file operations (CWE-416)
- Insecure library usage (CWE-673)
- Insecure resource management (CWE-401)
- Insecure network operations (CWE-311)
- Insecure usage of crypto functions (CWE-327)
- Insecure usage of external libraries (CWE-673)
- Insecure usage of static data (CWE-119)
- Insecure usage of dynamic data (CWE-416)
- Insecure usage of function return values (CWE-117)
- Insecure usage of variable storage (CWE-400)
- Insecure usage of variable length arrays (CWE-601)
- Insecure usage of integer overflow (CWE-682)
- Insecure usage of unsigned vs signed integers (CWE-655)
- Insecure usage of null pointer dereference (CWE-690)
- Insecure usage of resource management (CWE-401)
- Insecure usage of resource locks (CWE-691)
- Insecure usage of resource allocation (CWE-416)
- Insecure usage of resource deallocation (CWE-401)
- Insecure usage of resource sharing (CWE-691)
- Insecure usage of resource management in callbacks (CWE-401)
- Insecure usage of resource management in timers (CWE-401)
- Insecure usage of resource management in network operations (CWE-401)
- Insecure usage of resource management in file operations (CWE-416)
- Insecure usage of resource management in library operations (CWE-673)
- Insecure usage of resource management in process operations (CWE-401)
- Insecure usage of resource management in thread operations (CWE-401)
- Insecure usage of resource management in interrupt handlers (CWE-401)
- Insecure usage of resource management in signal handlers (CWE-401)
- Insecure usage of resource management in callback functions (CWE-401)
- Insecure usage of resource management in timers (CWE-401)
- Insecure usage of resource management in network operations (CWE-401)
- Insecure usage of resource management in file operations (CWE-416)
For troubleshooting, visit: https://python.langchain.com/docs/troubleshooting/errors/OUTPUT_PARSING_FAILURE , falling back to strict parser
JSON parsing failed: Invalid json output: - Weak encryption (CWE-261)
- Insecure random number generation (CWE-330)
- Integer overflow (CWE-134, CWE-367)
- Race conditions (CWE-362)
- Insecure temporary files (CWE-644)
- Insecure file operations (CWE-416)
- Insecure file descriptors (CWE-269)
- Insecure library functions (CWE-327)
- Insecure resource management (CWE-413, CWE-415)
- Insecure string handling (CWE-131, CWE-134)
- Insecure network operations (CWE-311)
- Insecure data validation (CWE-22, etc.)
- Insecure resource leaks (CWE-400)
- Insecure usage of functions (CWE-416)
- Insecure usage of functions (CWE-416)
- Insecure usage of functions (CWE-416)
- Insecure usage of functions (CWE-416)
- Insecure usage of functions (CWE-416)
- Insecure usage of functions (CWE-416)
- Insecure usage of functions (CWE-416)
- Insecure usage of functions (CWE-416)
- Insecure usage of functions (CWE-416)
- Insecure usage of functions (CWE-416)
- Insecure usage of functions (CWE-416)
- Insecure usage of functions (CWE-416)
- Insecure usage of functions (CWE-416)
- Insecure usage of functions (CWE-416)
- Insecure usage of functions (CWE-416)
- Insecure usage of functions (CWE-416)
- Insecure usage of functions (CWE-416)
- Insecure usage of functions (CWE-416)
- Insecure usage of functions (CWE-416)
- Insecure usage of functions (CWE-416)
- Insecure usage of functions (CWE-416)
- Insecure usage of functions (CWE-416)
- Insecure usage of functions (CWE-416)
- Insecure usage of functions (CWE-416)
- Insecure usage of functions (CWE-416)
- Insecure usage of functions (CWE-416)
- Insecure usage of functions (CWE-416)
- Insecure usage of functions (CWE-416)
- Insecure usage of functions (CWE-416)
- Insecure usage of functions (CWE-416)
For troubleshooting, visit: https://python.langchain.com/docs/troubleshooting/errors/OUTPUT_PARSING_FAILURE , falling back to strict parser
JSON parsing failed: Invalid json output: - Weak encryption (CWE-311)
- Insecure random number generation (CWE-330)
- Race conditions (CWE-362)
- Improper handling of nulls (CWE-400)
- Insecure temporary files (CWE-259)
- Insecure use of function output (CWE-134)
- Insecure use of transport layer (CWP-361)
- Insecure use of external libraries (CWE-369)
- Insecure use of internal libraries (CWE-370)
- Insecure use of static data (CWE-426)
- Insecure use of dynamic data (CWE-427)
- Insecure use of resource locks (CWE-480)
- Insecure use of resource sharing (CWE-481)
- Insecure use of resource pools (CWE-482)
- Insecure use of resource locks in concurrency (CWE-483)
- Insecure use of resource locks in reentrant functions (CWE-484)
- Insecure use of resource locks without proper checking (CWE-485)
- Insecure use of resource locks in interrupt context (CWE-486)
- Insecure use of resource locks in user context (CWE-487)
- Insecure use of resource locks in kernel context (CWE-488)
- Insecure use of resource locks in thread context (CWE-489)
- Insecure use of resource locks in process context (CWE-490)
- Insecure use of resource locks in module context (CWE-491)
- Insecure use of resource locks in function context (CWE-492)
- Insecure use of resource locks in global context (CWE-493)
- Insecure use of resource locks without proper checking (CWE-485)
- Insecure use of resource pools (CWE-482)
- Insecure use of resource sharing (CWE-481)
- Insecure use of resource locks (CWE-480)
- Insecure use of resource locks in concurrency (CWE-483)
- Insecure use of resource locks in reentrant functions (CWE-484)
- Insecure use of resource locks in interrupt context (CWE-486)
- Insecure use of resource locks in user context (CWE-487)
- Insecure use of resource locks in kernel context (CWE-488)
- Insecure use of resource locks in thread context (CWE-489)
- Insecure use of resource locks in process context (CWE-
For troubleshooting, visit: https://python.langchain.com/docs/troubleshooting/errors/OUTPUT_PARSING_FAILURE , falling back to strict parser
JSON parsing failed: Invalid json output: - Weak encryption (CWE-311)
- Insecure random number generation (CWE-330)
- Race conditions (CWE-362)
- Improper handling of nulls (CWE-400)
- Insecure temporary files (CWE-259)
- Insecure use of function (CWE-587)
- Insecure use of dynamic languages (CWE-625)
- Insecure use of libraries (CWE-676)
- Insecure use of external libraries (CWE-732)
- Insecure use of system functions (CBA-ATTACK)
- Insecure use of system calls (CWE-377)
- Insecure use of network functions (CWE-397)
- Insecure use of storage functions (CWE-398)
- Insecure use of resource management functions (CWE-400)
- Insecure use of file operations (CWE-399)
- Insecure use of database operations (CWE-352)
- Insecure use of cryptographic functions (CWE-311)
- Insecure use of resource locks (CWE-400)
- Insecure use of shared memory (CWE-400)
- Insecure use of signals (CWE-400)
- Insecure use of timers (CWE-400)
- Insecure use of concurrency controls (CWE-400)
- Insecure use of synchronization (CWE-400)
- Insecure use of resource management (CWE-400)
- Insecure use of resource locks (CWE-400)
- Insecure use of resource sharing (CWE-400)
- Insecure use of resource management functions (CWE-400)
- Insecure use of resource locks (CWE-400)
- Insecure use of resource sharing (CWE-400)
- Insecure use of resource management functions (CWE-400)
- Insecure use of resource locks (CWE-400)
- Insecure use of resource sharing (CWE-400)
- Insecure use of resource management functions (CWE-400)
- Insecure use of resource locks (CWE-400)
- Insecure use of resource sharing (CWE-400)
- Insecure use of resource management functions (CWE-400)
- Insecure use of resource locks (CWE-400)
- Insecure use of resource sharing (CWE-400)
- Insecure use of resource management functions (CWE-400)
- Insecure use of resource locks (CWE-400)
-
For troubleshooting, visit: https://python.langchain.com/docs/troubleshooting/errors/OUTPUT_PARSING_FAILURE , falling back to strict parser
JSON parsing failed: Invalid json output: - Weak encryption (CWE-601)
- Insecure random number generation (CWE-601, CWE-327)
- Insecure string handling (CWE-116, CWE-117)
- Insecure file operations (CWE-416)
- Insecure library usage (CWE-673)
- Insecure resource usage (CWE-400)
- Insecure network operations (CWE-311)
- Weak password policies (CWE-784)
- Insecure API usage (CWE-601)
- Insecure multithreading (CWE-798)
- Insecure exception handling (CWE-800)
- Insecure logging (CWE-772)
- Insecure signal handling (CWE-801)
- Insecure race conditions (CWE-362)
- Insecure resource leaks (CWE-400)
- Insecure temporary files (CWE-570)
- Insecure file descriptors (CWE-566)
- Insecure socket usage (CWE-311)
- Insecure string functions (CWE-116)
- Insecure integer operations (CWE-834)
- Insecure bit operations (CWE-835)
- Insecure bitwise operations (CWE-835)
- Insecure pointer operations (CWE-823)
- Insecure stack operations (CWE-826)
- Insecure heap operations (CWE-834)
- Insecure function usage (CWE-787)
- Insecure resource management (CWE-400)
- Insecure data validation (CWE-20)
- Insecure data format (CWE-654)
- Insecure data storage (CWE-653)
- Insecure data transfer (CWE-653)
- Insecure data processing (CWE-653)
- Insecure data encryption (CWE-601)
- Insecure data decryption (CWE-601)
- Insecure data signing (CWE-601)
- Insecure data verification (CWE-601)
- Insecure data comparison (CWE-601)
- Insecure data storage (CWE-653)
- Insecure data transfer (CWE-653)
- Insecure data processing (CWE-653)
- Insecure data encryption (CWE-601)
- Insecure data decryption (CWE-601)
- Insecure data signing (CWE-601)
- Insecure data verification (CWE-601)
- Insecure data comparison (CWE-601)
- Insecure data storage (CWE-653)
For troubleshooting, visit: https://python.langchain.com/docs/troubleshooting/errors/OUTPUT_PARSING_FAILURE , falling back to strict parser
JSON parsing failed: Invalid json output: - Weak encryption (CWE-261)
- Insecure random number generation (CWE-330)
- Insecure temporary files (CWE-644)
- Insecure usage of function (CWE-587)
- Insecure usage of library (CWE-676)
- Insecure usage of API (CWE-653)
- Insecure usage of OS features (CWE-798)
- Insecure usage of network features (CWE-311)
- Insecure usage of storage features (CFS-001, but not in standard CWE)
- Insecure usage of resource locks (CWE-768)
- Insecure usage of threading (CWE-601, 602)
- Insecure usage of time features (CWE-366)
- Insecure usage of data format (CWE-654)
- Insecure usage of XML (CWE-662)
- Insecure usage of SQL (CWE-644)
- Insecure usage of shell commands (CWE-327)
- Insecure usage of environment variables (CWE-601)
- Insecure usage of file operations (CWE-798)
- Insecure usage of file descriptors (CWE-758)
- Insecure usage of pipes (CWE-758)
- Insecure usage of shared memory (CWE-758)
- Insecure usage of signals (CWE-758)
- Insecure usage of sockets (CWE-758)
- Insecure usage of system calls (CWE-758)
- Insecure usage of system functions (CWE-758)
- Insecure usage of environment variables (CWE-601)
- Insecure usage of temporary files (CWE-644)
- Insecure usage of file operations (CWE-798)
- Insecure usage of resource locks (CWE-768)
- Insecure usage of threading (CWE-601, 602)
- Insecure usage of time features (CWE-366)
- Insecure usage of data format (CWE-654)
- Insecure usage of XML (CWE-662)
- Insecure usage of SQL (CWE-644)
- Insecure usage of shell commands (CWE-327)
- Insecure usage of environment variables (CWE-601)
- Insecure usage of file operations (CWE-798)
- Insecure usage of resource locks (CWE-768)
- Insecure usage of threading (CWE-601, 602)
- Insecure usage of time features (CWE
For troubleshooting, visit: https://python.langchain.com/docs/troubleshooting/errors/OUTPUT_PARSING_FAILURE , falling back to strict parser
JSON parsing failed: Invalid json output: - Weak encryption (CWE-311)
- Insecure random number generation (CWE-330)
- Integer overflow (CWE-191, CWE-199)
- Race conditions (CWE-362)
- Insecure temporary files (CWE-644)
- Insecure file operations (CWE-416)
- Insecure use of function (CWE-587)
- Insecure use of library functions (CWE-676)
- Insecure use of system functions (CWE-758)
- Insecure use of network functions (CWE-311)
- Insecure use of storage functions (CWE-798)
- Insecure use of resource functions (CWE-400)
- Insecure use of collection functions (CWE-601)
- Insecure use of concurrency functions (CWE-653)
- Insecure use of version functions (CWE-434)
- Insecure use of time functions (CWE-444)
- Insecure use of logging functions (CWE-117)
- Insecure use of string functions (CWE-116)
- Insecure use of file functions (CWE-798)
- Insecure use of process functions (CWE-327)
- Insecure use of signal functions (CWE-413)
- Insecure use of exception handling (CWE-117)
- Insecure use of resource locks (CWE-653)
- Insecure use of inter-process communication (CWE-269)
- Insecure use of shared memory (CWE-330)
- Insecure use of memory management functions (CWE-416)
- Insecure use of file descriptors (CWE-400)
- Insecure use of socket functions (CWE-327)
- Insecure use of pipe functions (CWE-327)
- Insecure use of device functions (CWE-327)
- Insecure use of kernel functions (CWE-327)
- Insecure use of module functions (CWE-327)
- Insecure use of user-space functions (CWE-327)
- Insecure use of system calls (CWE-327)
- Insecure use of file operations (CWE-416)
- Insecure use of network operations (CWE-311)
- Insecure use of storage operations (CWE-798)
- Insecure use of resource operations (CWE-400)
- Insecure use of concurrency operations (CWE-653)
- Insecure use of timing operations (CWE-444)
- Insecure
For troubleshooting, visit: https://python.langchain.com/docs/troubleshooting/errors/OUTPUT_PARSING_FAILURE , falling back to strict parser
JSON parsing failed: Invalid json output: - Weak encryption (CWE-311)
- Insecure random number generation (CWE-330)
- Incorrect handling of nulls (CWE-400)
- Insecure use offallthrough (CWE-473)
- Insecure use of goto (CWE-473)
- Insecure use of function result in condition (CWE-823)
- Insecure use of loop condition (CWE-601)
- Insecure use of resource (CWE-682)
- Insecure use of external libraries (CWE-673)
- Insecure use of file operations (CWE-378)
- Insecure use of network operations (CWE-377)
- Insecure use of system calls (CWE-378)
- Insecure use of environment variables (CWE-601)
- Insecure use of temporary files (CWE-570)
- Insecure use of shared memory (CWE-498)
- Insecure use of signals (CWE-540)
- Insecure use of timers (CWE-601)
- Insecure use of user-space pointers (CWE-566)
- Insecure use of kernel pointers (CWE-573)
- Insecure use of capabilities (CWE-607)
- Insecure use of file descriptors (CWE-378)
- Insecure use of socket operations (CWE-377)
- Insecure use of process and thread information (CWE-241)
- Insecure use of resource limits (CWE-397)
- Insecure use of resource locks (CWE-398)
- Insecure use of resource sharing (CWE-399)
- Insecure use of resource access (CWE-400)
- Insecure use of resource management (CWE-401)
- Insecure use of resource operations (CWE-402)
- Insecure use of resource sharing (CWE-399)
- Insecure use of resource locks (CWE-398)
- Insecure use of resource access (CWE-400)
- Insecure use of resource management (CWE-401)
- Insecure use of resource operations (CWE-402)
- Insecure use of resource sharing (CWE-399)
- Insecure use of resource locks (CWE-398)
- Insecure use of resource access (CWE-400)
- Insecure use of resource management (CWE-401)
- Insecure use of resource operations (CWE-402)
- Insecure use of resource sharing (CWE-
For troubleshooting, visit: https://python.langchain.com/docs/troubleshooting/errors/OUTPUT_PARSING_FAILURE , falling back to strict parser
2025-10-03 15:53:16,733 - job_deepseek_database_leakagefree_1759520736 - INFO - Task rank_cwe: 40/103 commits processed
JSON parsing failed: Invalid json output: - Weak random number generation (CWE-601)
- Improper error handling (CWE-117, CWE-125)
- Integer overflow (CWE-191, CWE-426)
- Race conditions (CWE-362)
- Weaknesses in resource management (CWE-415, CWE-416)
- Insecure use of function (CWE-587)
- Insecure use of dynamic memory (CWE-122, CWE-134)
- Insecure use of static data (CWE-119)
- Insecure use of dynamic data (CWE-352)
- Insecure use of external data (CWE-601)
- Insecure use of file operations (CWE-116)
- Insecure use of network functions (CWE-117)
- Insecure use of shell functions (CWE-117)
- Insecure use of format strings (CWE-134)
- Insecure use of encryption (CWE-601)
- Insecure use of hashing (CWE-601)
- Insecure use of resource locks (CWE-119)
- Insecure use of resource sharing (CWE-119)
- Insecure use of resource allocation (CWE-119)
- Insecure use of resource management (CWE-119)
- Insecure use of resource release (CWE-119)
- Insecure use of resource locks (CWE-119)
- Insecure use of resource sharing (CWE-119)
- Insecure use of resource allocation (CWE-119)
- Insecure use of resource management (CWE-119)
- Insecure use of resource release (CWE-119)
- Insecure use of resource locks (CWE-119)
- Insecure use of resource sharing (CWE-119)
- Insecure use of resource allocation (CWE-119)
- Insecure use of resource management (CWE-119)
- Insecure use of resource release (CWE-119)
- Insecure use of resource locks (CWE-119)
- Insecure use of resource sharing (CWE-119)
- Insecure use of resource allocation (CWE-119)
- Insecure use of resource management (CWE-119)
- Insecure use of resource release (CWE-119)
- Insecure use of resource locks (CWE-119)
- Insecure use of resource sharing (CWE-119)
- Insecure use of resource allocation (CWE-119)
- Insecure use
For troubleshooting, visit: https://python.langchain.com/docs/troubleshooting/errors/OUTPUT_PARSING_FAILURE , falling back to strict parser
JSON parsing failed: Invalid json output: - Weak encryption (CWE-311)
- Insecure random number generation (CWE-330)
- Insecure string handling (CWE-131, CWE-132)
- Insecure file operations (CWE-22, but also others)
- Insecure library usage (CWI: not a CWE)
- Insecure usage of system functions (CWE-78,  133,  352)
- Insecure usage of network functions (CWE-311,  400,  117)
- Insecure usage of storage functions (CWE-131,  132,  416)
- Insecure usage of resource management (CWE-400,  401,  476)
- Insecure usage of concurrency (CWE-362,  364,  413)
- Insecure usage of collections (CWE-400,  401,  476)
- Insecure usage of data format (CWE-20,  190,  117)
- Insecure usage of version control (CWE-117)
- Insecure usage of build systems (CWE-118)
- Insecure usage of logging (CWE-117)
- Insecure usage of compression (CWE-117)
- Insecure usage of cryptography (CWE-311,  327,  654)
- Insecure usage of inter-process communication (CWE-400,  117)
- Insecure usage of signal handling (CWE-117)
- Insecure usage of exception handling (CWE-117)
- Insecure usage of file system (CWE-22,  131,  132)
- Insecure usage of process management (CWE-400,  401,  476)
- Insecure usage of system calls (CWE-78,  133,  352)
- Insecure usage of shared memory (CWE-400,  401,  476)
- Insecure usage of pipes (CWE-400,  401,  476)
- Insecure usage of semaphores (CWE-400,  401,  476)
- Insecure usage of mutexes (CWE-400,  401,  476)
- Insecure usage of locks (CWE-400,  401,  476)
- Insecure usage of timers (CWE-400,  401,  476)
- In
For troubleshooting, visit: https://python.langchain.com/docs/troubleshooting/errors/OUTPUT_PARSING_FAILURE , falling back to strict parser
JSON parsing failed: Invalid json output: - Weak encryption (CWE-261)
- Insecure random usage (CWE-601)
- race conditions (CWE-363)
- resource management issues (CWE-400)
- improper input handling (CWE-369)
- missing return value (CWE-823)
- null pointer dereference (CWE-798)
- integer overflow (CWE-191)
- incorrect handling of error states (CWE-800)
- insecure file operations (CWE-798)
- insecure library usage (CWE-327)
- insecure inter-process communication (CWE-118)
- insecure use of function output (CWE-352)
- insecure use of dynamic languages (CWE-327)
- insecure use of static data (CWE-119)
- insecure use of external data (CWE-601)
- insecure use of user input (CWE-601)
- insecure use of temporary files (CWE-601)
- insecure use of shared memory (CWE-601)
- insecure use of pipes (CWE-601)
- insecure use of sockets (CWE-601)
- insecure use of system calls (CWE-601)
- insecure use of environment variables (CWE-601)
- insecure use of signal handlers (CWE-601)
- insecure use of timers (CWE-601)
- insecure use of locks (CWE-601)
- insecure use of semaphores (CWE-601)
- insecure use of threads (CWE-601)
- insecure use of processes (CWE-601)
- insecure use of network services (CWE-601)
- insecure use of database queries (CWE-601)
- insecure use of cryptography (CWE-601)
- insecure use of logging (CWE-601)
- insecure use of debug outputs (CWE-601)
- insecure use of comments (CWE-601)
- insecure use of comments in code (CWE-601)
- insecure use of comments in data (CWE-601)
- insecure use of comments in documentation (CWE-601)
- insecure use of comments in strings (CWE-601)
- insecure use of comments in source code (CWE-601)
- insecure use of comments in binary code (CWE-601)
- insecure use of comments in configuration (CWE-601)
- insecure use of comments in shell scripts (CWE-601)
- insecure use of comments in makefiles (CWE-601)
-
For troubleshooting, visit: https://python.langchain.com/docs/troubleshooting/errors/OUTPUT_PARSING_FAILURE , falling back to strict parser
JSON parsing failed: Invalid json output: - Weak random (CWE-601)
- Insecure usage of crypto functions (CWE-338)
- Insecure file operations (CWE-416)
- Insecure use of function (CWE-587)
- Insecure use of state (CWE-613)
- Insecure use of static (CWE-665)
- Insecure use of pointers (CWE-823)
- Insecure use of concurrency (CWE-653)
- Insecure use of resource (CWE-676)
- Insecure use of data (CWE-676)
- Insecure use of file operations (CWE-416)
- Insecure use of network functions (CWE-327)
- Insecure use of storage functions (CWE-369)
- Insecure use of collection (CWE-653)
- Insecure use of resource locks (CWE-653)
- Insecure use of resource pools (CWE-653)
- Insecure use of resource sharing (CWE-653)
- Insecure use of resource management (CWE-653)
- Insecure use of resource allocation (CWE-653)
- Insecure use of resource deallocation (CWE-653)
- Insecure use of resource locks (CWE-653)
- Insecure use of resource pools (CWE-653)
- Insecure use of resource sharing (CWE-653)
- Insecure use of resource management (CWE-653)
- Insecure use of resource allocation (CWE-653)
- Insecure use of resource deallocation (CWE-653)
- Insecure use of resource locks (CWE-653)
- Insecure use of resource pools (CWE-653)
- Insecure use of resource sharing (CWE-653)
- Insecure use of resource management (CWE-653)
- Insecure use of resource allocation (CWE-653)
- Insecure use of resource deallocation (CWE-653)
- Insecure use of resource locks (CWE-653)
- Insecure use of resource pools (CWE-653)
- Insecure use of resource sharing (CWE-653)
- Insecure use of resource management (CWE-653)
- Insecure use of resource allocation (CWE-653)
- Insecure use of resource deallocation (CWE-653)
- Insecure use of resource locks (CWE-653)
- Insecure use of resource pools (CWE-653)
- In
For troubleshooting, visit: https://python.langchain.com/docs/troubleshooting/errors/OUTPUT_PARSING_FAILURE , falling back to strict parser
JSON parsing failed: Invalid json output: - Weak encryption (CWE-261)
- Insecure random (CWE-601)
- Integer overflows (CWE-191, CWE-327)
- Race conditions (CWE-362)
- Resource management (CWE-400, 401, 415)
- Improper error handling (CWE-117, 118)
- Insecure string handling (CWE-119, 131, 134)
- Insecure file operations (CWE-416)
- Insecure library usage (CWE-673)
- Insecure inter-process communication (CWE-208)
- Insecure resource sharing (CWE-200)
- Insecure temporary usage (CWE-601)
- Insecure use of function (CWE-587)
- Insecure use of data (CWE-653)
- Insecure use of configuration (CWE-653)
- Insecure use of environment variables (CWE-653)
- Insecure use of external libraries (CWE-653)
- Insecure use of file operations (CWE-653)
- Insecure use of network functions (CWE-653)
- Insecure use of system functions (CWE-653)
- Insecure use of storage functions (CWE-653)
- Insecure use of timing functions (CWE-653)
- Insecure use of user input (CWE-653)
- Insecure use of user output (CWE-653)
- Insecure use of version checks (CWE-653)
- Insecure use of third-party libraries (CWE-653)
- Insecure use of untrusted data (CWE-653)
- Insecure use of uninitialized variables (CWE-827)
- Insecure use of undefined variables (CWE-823)
- Insecure use of null pointer (CWE-798)
- Insecure use of double pointer (CWE-824)
- Insecure use of pointer arithmetic (CWE-836)
- Insecure use of resource leaks (CWE-401)
- Insecure use of resource locks (CWE-400)
- Insecure use of resource sharing (CWE-200)
- Insecure use of resource management (CWE-400)
- Insecure use of resource allocation (CWE-400)
- Insecure use of resource deallocation (CWE-400)
- Insecure use of resource handling (CWE-400)
- Insecure use of resource locks (CWE-400)
- Insecure use
For troubleshooting, visit: https://python.langchain.com/docs/troubleshooting/errors/OUTPUT_PARSING_FAILURE , falling back to strict parser
JSON parsing failed: Invalid json output: - Weak encryption (CWE-261)
- Insecure random number generation (CWE-330)
- Improper input handling (CWE-369)
- Unrestricted file uploads (CWE-421)
- Unrestricted file downloads (CWE-422)
- Insecure API endpoints (CWE-937)
- Insecure inter-process communication (CWE-948)
- Weak or missing authentication (CWE-307, CWE-312)
- Missing validation (CWE-907)
- Insecure string handling (CWE-104)
- Integer overflow (CWE-191, CWE-200)
- Race conditions (CWE-362)
- Weak or missing error handling (CWE-800)
- Insecure use of function output (CWE-352)
- Insecure use of random number generation (CWE-330)
- Insecure use of flag manipulation (CWE-369)
- Insecure use of external libraries (CWE-118)
- Insecure use of static data (CWE-119)
- Insecure use of dynamic data (CWE-119)
- Insecure use of resource management (CWE-119)
- Insecure use of resource locks (CWE-119)
- Insecure use of resource sharing (CWE-119)
- Insecure use of resource access (CWE-119)
- Insecure use of resource allocation (CWE-119)
- Insecure use of resource management (CWE-119)
- Insecure use of resource locks (CWE-119)
- Insecure use of resource sharing (CWE-119)
- Insecure use of resource access (CWE-119)
- Insecure use of resource allocation (CWE-119)
- Insecure use of resource management (CWE-119)
- Insecure use of resource locks (CWE-119)
- Insecure use of resource sharing (CWE-119)
- Insecure use of resource access (CWE-119)
- Insecure use of resource allocation (CWE-119)
- Insecure use of resource management (CWE-119)
- Insecure use of resource locks (CWE-119)
- Insecure use of resource sharing (CWE-119)
- Insecure use of resource access (CWE-119)
- Insecure use of resource allocation (CWE-119)
- Insecure use of resource management (CWE-119)
- Insecure use of resource locks (CWE-119)
-
For troubleshooting, visit: https://python.langchain.com/docs/troubleshooting/errors/OUTPUT_PARSING_FAILURE , falling back to strict parser
JSON parsing failed: Invalid json output: - Weak encryption (CWE-311)
- Race conditions (CWE-362)
- Improper handling of nulls (CWE-400)
- Insecure use of random functions (CWE-601)
- Insecure use of storage (CWE-116)
- Insecure use of external libraries (CWE-369)
- Insecure use of file operations (CWE-378)
- Insecure use of network functions (CWE-377)
- Insecure use of concurrency controls (CWE-653)
- Insecure use of container functions (CWE-130, CWE-131)
- Insecure use of resource locks (CWE-119)
- Insecure use of logging (CWE-117)
- Insecure use of compression (CWE-493)
- Insecure use of version control (CWE-654)
- Insecure use of static data (CWE-129)
- Insecure use of constants (CWE-129)
- Insecure use of string functions (CWE-116)
- Insecure use of integer functions (CWE-129)
- Insecure use of bitwise operations (CWE-131)
- Insecure use of exception handling (CWE-117)
- Insecure use of signal handling (CWE-117)
- Insecure use of timer functions (CWE-117)
- Insecure use of file descriptors (CWE-117)
- Insecure use of shared memory (CWE-117)
- Insecure use of pipes (CWE-117)
- Insecure use of sockets (CWE-117)
- Insecure use of locks (CWE-117)
- Insecure use of semaphores (CWE-117)
- Insecure use of message queues (CWE-117)
- Insecure use of anonymous pipes (CWE-117)
- Insecure use of named pipes (CWE-117)
- Insecure use of shared memory segments (CWE-117)
- Insecure use of event loops (CWE-117)
- Insecure use of callbacks (CWE-117)
- Insecure use of timers (CWE-117)
- Insecure use of context switches (CWE-117)
- Insecure use of signal handlers (CWE-117)
- Insecure use of resource allocation (CWE-117)
- Insecure use of resource management (CWE-117)
- Insecure use of resource locks (CWE-117)
- Insecure
For troubleshooting, visit: https://python.langchain.com/docs/troubleshooting/errors/OUTPUT_PARSING_FAILURE , falling back to strict parser
JSON parsing failed: Invalid json output: - Weak encryption (CWE-261)
- Race conditions (CWE-362)
- Insecure use of random functions (CWE-330)
- Insecure use of external libraries (CWE-399)
- Insecure use of file operations (CWE-361)
- Insecure use of shell commands (CWE-327)
- Insecure use of network functions (CWE-311)
- Insecure use of persistent storage (CWE-312)
- Insecure use of temporary files (CWE-330)
- Insecure use of static data (CWE-119)
- Insecure use of shared memory (CWE-413)
- Insecure use of signals (CWE-390)
- Insecure use of timers (CWE-367)
- Insecure use of concurrency controls (CWE-362)
- Insecure use of resource locks (CWE-362)
- Insecure use of resource pools (CWE-362)
- Insecure use of resource sharing (CWE-362)
- Insecure use of resource management (CWE-362)
- Insecure use of resource allocation (CWE-362)
- Insecure use of resource locks (CWE-362)
- Insecure use of resource pools (CWE-362)
- Insecure use of resource sharing (CWE-362)
- Insecure use of resource management (CWE-362)
- Insecure use of resource allocation (CWE-362)
- Insecure use of resource locks (CWE-362)
- Insecure use of resource pools (CWE-362)
- Insecure use of resource sharing (CWE-362)
- Insecure use of resource management (CWE-362)
- Insecure use of resource allocation (CWE-362)
- Insecure use of resource locks (CWE-362)
- Insecure use of resource pools (CWE-362)
- Insecure use of resource sharing (CWE-362)
- Insecure use of resource management (CWE-362)
- Insecure use of resource allocation (CWE-362)
- Insecure use of resource locks (CWE-362)
- Insecure use of resource pools (CWE-362)
- Insecure use of resource sharing (CWE-362)
- Insecure use of resource management (CWE-362)
- Insecure use of resource allocation (CWE-362)
- Insecure use of resource locks (CWE-362)
- In
For troubleshooting, visit: https://python.langchain.com/docs/troubleshooting/errors/OUTPUT_PARSING_FAILURE , falling back to strict parser
JSON parsing failed: Invalid json output: - Weak encryption (CWE-311)
- Insecure random number generation (CWE-330)
- Improper error handling (CWE-400, 401, 476)
- Insecure string handling (CWE-119, 131, 132)
- Insecure file operations (CWE-22, 413)
- Insecure library usage (CWE-673, 732)
- Insecure network operations (CWE-311, 754)
- Insecure resource management (CWE-401, 415)
- Insecure state management (CWE-345, 330)
- Insecure usage of function result (CWE-117)
- Insecure use of static data (CWE-119)
- Insecure use of dynamic data (CWE-119)
- Insecure use of external libraries (CWE-673)
- Insecure use of internal libraries (CWE-732)
- Insecure use of system functions (CWE-119)
- Insecure use of system libraries (CWE-732)
- Insecure use of user space functions (CWE-732)
- Insecure use of user space libraries (CWE-732)
- Insecure use of user space data (CWE-732)
- Insecure use of user space variables (CWE-732)
- Insecure use of user space pointers (CWE-732)
- Insecure use of user space strings (CWE-732)
- Insecure use of user space integers (CWE-732)
- Insecure use of user space memory (CWE-732)
- Insecure use of user space arrays (CWE-732)
- Insecure use of user space structures (CWE-732)
- Insecure use of user space functions (CWE-732)
- Insecure use of user space variables (CWE-732)
- Insecure use of user space pointers (CWE-732)
- Insecure use of user space strings (CWE-732)
- Insecure use of user space integers (CWE-732)
- Insecure use of user space memory (CWE-732)
- Insecure use of user space arrays (CWE-732)
- Insecure use of user space structures (CWE-732)
- Insecure use of user space functions (CWE-732)
- Insecure use of user space variables (CWE-732)
- Insecure use of user space pointers (CWE-732)
- In
For troubleshooting, visit: https://python.langchain.com/docs/troubleshooting/errors/OUTPUT_PARSING_FAILURE , falling back to strict parser
JSON parsing failed: Invalid json output: - Weak encryption (CWE-311)
- Insecure random number generation (CWE-330)
- Integer overflow (CWE-191, CWE-199)
- Race conditions (CWE-362)
- Missing bounds checking (CWE-401)
- Insecure string handling (CWE-119, CWE-134)
- Weak hashing (CWE-259)
- Insecure file operations (CWE-22, CWE-413)
- Insecure library usage (CWE-673, CWE-732)
- Insecure network operations (CWE-311, CWE-754)
- Insecure resource management (CWE-400, CWE-401, CWE-415)
- Insecure temporary files (CWE-330)
- Insecure usage of function output (CWE-20, CWE-134)
- Insecure usage of dynamic languages (CWE-625, CWE-726)
- Insecure usage of static languages (CWE-601)
- Insecure usage of external libraries (CWE-673, CWE-732)
- Insecure usage of system functions (CWE-601, CWE-732)
- Insecure usage of shell functions (CWE-601)
- Insecure usage of file functions (CWE-413)
- Insecure usage of network functions (CWE-754)
- Insecure usage of database functions (CWE-601)
- Insecure usage of logging functions (CWE-601)
- Insecure usage of serialization (CWE-502)
- Insecure usage of deserialization (CWE-502)
- Insecure usage of memory functions (CWE-401)
- Insecure usage of concurrency functions (CWE-362)
- Insecure usage of resource locks (CWE-362)
- Insecure usage of shared memory (CWE-732)
- Insecure usage of signal functions (CWE-601)
- Insecure usage of timer functions (CWE-601)
- Insecure usage of file operations (CWE-413)
- Insecure usage of socket functions (CWE-754)
- Insecure usage of pipe functions (CWE-754)
- Insecure usage of ioctl functions (CWE-601)
- Insecure usage of system calls (CWE-601)
- Insecure usage of environment variables (CWE-601)
- Insecure usage of local variables (CWE-601)
- Insecure usage of global variables (CWE-601)
- Insecure usage of static variables
For troubleshooting, visit: https://python.langchain.com/docs/troubleshooting/errors/OUTPUT_PARSING_FAILURE , falling back to strict parser
2025-10-03 15:55:11,746 - job_deepseek_database_leakagefree_1759520736 - INFO - Task rank_cwe: 50/103 commits processed
JSON parsing failed: Invalid json output: - Weak encryption (CWE-311)
- Insecure random number generation (CWE-330)
- Race conditions (CWE-362)
- Insecure temporary files (CWE-644)
- Insecure library functions (CWE-327)
- Insecure API usage (CWE-732)
- Weak password policies (CWE-521)
- Insecure logging (CWE-264)
- Insecure string handling (CWE-116, CWE-117)
- Insecure file operations (CWE-414)
- Insecure network operations (Chid-steam.c)
Wait, the code provided is in C, so perhaps some of these categories are more relevant than others.

Looking at the code, the function steam_remove is responsible for cleaning up HID devices related to Steam. It cancels various works, destroys devices, and handles some device-specific logic.

Looking for potential issues:

1. **Memory Management Issues**: The code uses hid_get_drvdata and other functions. If any of these functions are not properly handling memory, it could lead to memory leaks or issues. However, in this case, the code seems to correctly set steam->client_hdev to NULL and release resources, so maybe not a big issue.

2. **Work Scheduling Issues**: The code cancels several work items (mode_switch, connect, rumble, unregister). If these works were not properly queued or if there's a race condition when canceling, it could lead to issues. However, without more context, it's hard to say if this is a problem.

3. **Insecure Resource Handling**: The code uses hid_hw_stop and hid_hw_close. If these functions don't properly clean up resources, it could lead to resource leaks. However, the code seems to be properly cleaning up by destroying the client_hdev and setting it to NULL.

4. **Insecure Function Calls**: The code calls hid_info which might be used for logging. If the logging is not properly secured, it could lead to information exposure. However, this is more of a logging issue than a vulnerability.

5. **Insecure API Usage**: The code uses functions like hid_get_drvdata and hid_destroy_device. If these functions are not properly checked for errors, it could lead to issues. For example, if hid_get_drvdata returns a null pointer, the code proceeds to access steam without checking, which could cause a crash. However, in the code, there is a check for !steam, so that might mitigate this.

6. **Race Conditions
For troubleshooting, visit: https://python.langchain.com/docs/troubleshooting/errors/OUTPUT_PARSING_FAILURE , falling back to strict parser
JSON parsing failed: Invalid json output: - Weak encryption (CWE-311)
- Insecure random number generation (CWE-330)
- Insecure string handling (CWE-131, CWE-134)
- Insecure file operations (CWE-22, but also others)
- Insecure library usage (CWE-352, etc.)
- Insecure network operations (CWE-311, etc.)
- Insecure resource management (C. CWE-400, etc.)

Now, let's analyze the code.

The code is part of the Linux kernel's ip tunnel core, specifically handling Geneve options. The struct nla_policy is being initialized with three entries. Each entry has a .type field and possibly a .len field. 

Looking at the struct definition, each entry is an array of struct nla_policy. The first entry is for LWTUNNEL_IP_OPT_GENEVE_CLASS, which is of type NLA_U16. The second is LWTUNNEL_IP_OPT_GENEVE_TYPE, which is NLA_U8. The third is LWTUNNEL_IP_OPT_GENEVE_DATA, which is NLA_BINARY with a length of 128 bytes.

Now, considering the possible vulnerabilities:

1. **Buffer Overflow (CWE-119, 787, 125):** The use of fixed-length binary data (128 bytes) could potentially lead to buffer overflows if the data is not properly validated or bounded. If an attacker can control the length of the data sent, it could exceed the buffer size, causing a crash or information leak.

2. **Memory Issues (CWE-476, 401, 416):** The fixed buffer size of 128 bytes might lead to memory leaks if not properly managed, especially if the data is not correctly parsed or if the parsing function is not handling the buffer correctly.

3. **Input Validation (CWE-20, 190):** The code does not seem to perform any validation on the data being processed. If the data is not validated, it could contain malicious content that is not properly handled, leading to vulnerabilities.

4. **Information Exposure (CWE-200):** The fixed buffer size and lack of validation could expose sensitive information if the data is processed or stored improperly.

5. **Injection Flaws (CWE-79, 89, 94):** If the data is not properly sanitized, an injection flaw could allow an attacker to manipulate the data, leading to unintended behavior.

Based on this analysis, the most likely vulnerabilities are buffer overflow and
For troubleshooting, visit: https://python.langchain.com/docs/troubleshooting/errors/OUTPUT_PARSING_FAILURE , falling back to strict parser
JSON parsing failed: Invalid json output: - Weak encryption (CWE-311)
- Insecure random number generation (CWE-601)
- Incorrect handling of nulls (CWE-400)
- Insecure use of function (CWE-416)
- Use after free (CWE-613)
- Race conditions (CWE-362)
- Insecure string handling (CWE-117)
- Insecure file operations (CWE-416)
- Insecure use of external libraries (CWE-369)
- Insecure use of internal libraries (CWE-416)
- Insecure use of external data (CWE-416)
- Insecure use of external processes (CWE-416)
- Insecure use of external storage (CWE-416)
- Insecure use of external network services (CWE-416)
- Insecure use of external interfaces (CWE-416)
- Insecure use of external signals (CWE-416)
- Insecure use of external callbacks (CWE-416)
- Insecure use of external timers (CWE-416)
- Insecure use of external locks (CWE-416)
- Insecure use of external semaphores (CWE-416)
- Insecure use of external threads (CWE-416)
- Insecure use of external recursion (CWE-416)
- Insecure use of external stack (CWE-416)
- Insecure use of external heap (CWE-416)
- Insecure use of external dynamic memory (CWE-416)
- Insecure use of external bitwise operations (CWE-416)
- Insecure use of external arithmetic operations (CWE-416)
- Insecure use of external logical operations (CWE-416)
- Insecure use of external shift operations (CWE-416)
- Insecure use of external bitwise shifts (CWE-416)
- Insecure use of external bitwise XOR (CWE-416)
- Insecure use of external bitwise AND (CWE-416)
- Insecure use of external bitwise OR (CWE-416)
- Insecure use of external addition (CWE-416)
- Insecure use of external subtraction (CWE-416)
- Insecure use of external multiplication (CWE-416)
- Insecure use of external division (CWE-416)
- Insecure use of external modulo (CWE-416)
- Insecure use of external function calls (CWE-416)
- Insecure use of external function return values (
For troubleshooting, visit: https://python.langchain.com/docs/troubleshooting/errors/OUTPUT_PARSING_FAILURE , falling back to strict parser
JSON parsing failed: Invalid json output: - Weak encryption (CWE-311)
- Insecure random number generation (CWE-330)
- Insecure usage of function (CWE-416)
- Insecure usage of library functions (CWE-676)
- Insecure usage of system functions (CWE-758)
- Insecure usage of network functions (CWE-730)
- Insecure usage of resource functions (CWE-732)
- Insecure usage of file functions (CWE-732)
- Insecure usage of file operations (CWE-732)
- Insecure usage of string functions (CWE-758)
- Insecure usage of integer functions (CWE-758)
- Insecure usage of bitwise operations (CWE-758)
- Insecure usage of bitwise operations (CWE-758)
- Insecure usage of bitwise operations (CWE-758)
- Insecure usage of bitwise operations (CWE-758)
- Insecure usage of bitwise operations (CWE-758)
- Insecure usage of bitwise operations (CWE-758)
- Insecure usage of bitwise operations (CWE-758)
- Insecure usage of bitwise operations (CWE-758)
- Insecure usage of bitwise operations (CWE-758)
- Insecure usage of bitwise operations (CWE-758)
- Insecure usage of bitwise operations (CWE-758)
- Insecure usage of bitwise operations (CWE-758)
- Insecure usage of bitwise operations (CWE-758)
- Insecure usage of bitwise operations (CWE-758)
- Insecure usage of bitwise operations (CWE-758)
- Insecure usage of bitwise operations (CWE-758)
- Insecure usage of bitwise operations (CWE-758)
- Insecure usage of bitwise operations (CWE-758)
- Insecure usage of bitwise operations (CWE-758)
- Insecure usage of bitwise operations (CWE-758)
- Insecure usage of bitwise operations (CWE-758)
- Insecure usage of bitwise operations (CWE-758)
- Insecure usage of bitwise operations (CWE-758)
- Insecure usage of bitwise operations (CWE-758)
- Insecure usage of bitwise operations (CWE-758)
- Insecure usage of bitwise operations (CWE-758)
- Insecure usage of bitwise operations (CWE-758)
- Insecure usage of bitwise operations (CWE-758)
- Insecure usage of bitwise operations (CWE-
For troubleshooting, visit: https://python.langchain.com/docs/troubleshooting/errors/OUTPUT_PARSING_FAILURE , falling back to strict parser
JSON parsing failed: Invalid json output: - Weak encryption (CWE-311)
- Insecure random number generation (CWE-330)
- Insecure string handling (CWE-131, CWE-134)
- Insecure file operations (CWE-361)
- Insecure library usage (CWE-377)
- Insecure network operations (CWE-311, CWE-400)
- Insecure resource management (CWE-415, 400)
- Insecure usage of function (CWE-416, 400)
- Insecure usage of variable (CWE-400)
- Insecure usage of pointer (CWE-400)
- Insecure usage of integer (CWE-400)
- Insecure usage of loop (CWE-400)
- Insecure usage of condition (CWE-400)
- Insecure usage of resource (CWE-400)
- Insecure usage of exception (CWE-400)
- Insecure usage of exception handler (CWE-400)
- Insecure usage of signal (CWE-400)
- Insecure usage of thread (CWE-400)
- Insecure usage of process (CWE-400)
- Insecure usage of module (CWE-400)
- Insecure usage of function argument (CWE-400)
- Insecure usage of return value (CWE-400)
- Insecure usage of variable assignment (CWE-400)
- Insecure usage of variable size (CWE-400)
- Insecure usage of variable type (CWE-400)
- Insecure usage of variable initialization (CWE-400)
- Insecure usage of variable storage (CWE-400)
- Insecure usage of variable declaration (CWE-400)
- Insecure usage of variable scope (CWE-400)
- Insecure usage of variable modification (CWE-400)
- Insecure usage of variable access (CWE-400)
- Insecure usage of variable iteration (CWE-400)
- Insecure usage of variable comparison (CWE-400)
- Insecure usage of variable arithmetic (CWE-400)
- Insecure usage of variable assignment (CWE-400)
- Insecure usage of variable size (CWE-400)
- Insecure usage of variable type (CWE-400)
- Insecure usage of variable initialization (CWE-400)
- Insecure usage of variable storage (CWE-400)
- Insecure usage of variable declaration (CWE-400)
- Insecure usage of
For troubleshooting, visit: https://python.langchain.com/docs/troubleshooting/errors/OUTPUT_PARSING_FAILURE , falling back to strict parser
JSON parsing failed: Invalid json output: - Weak encryption (CWE-311)
- Race conditions (CWE-362)
- Resource management issues (CWE-400, 415, 413)
- Insecure use of random (CWE-330)
- Insecure use of encryption (CWE-311)
- Insecure use of external libraries (CWE-399)
- Insecure use of static data (CWE-119)
- Insecure use of dynamic data (CWE-135)
- Insecure use of temporary files (CWE-414)
- Insecure use of shared memory (CWE-498)
- Insecure use of network functions (CWE-311)
- Insecure use of user-space functions (CWE-416)
- Insecure use of user-space pointers (CWE-402)
- Insecure use of user-space integers (CWE-434)
- Insecure use of user-space strings (CWE-434)
- Insecure use of user-space arrays (CWE-434)
- Insecure use of user-space structures (CWE-434)
- Insecure use of user-space functions (CWE-416)
- Insecure use of user-space variables (CWE-434)
- Insecure use of user-space bitmaps (CWE-434)
- Insecure use of user-space integers (CWE-434)
- Insecure use of user-space strings (CWE-434)
- Insecure use of user-space arrays (CWE-434)
- Insecure use of user-space structures (CWE-434)
- Insecure use of user-space functions (CWE-416)
- Insecure use of user-space variables (CWE-434)
- Insecure use of user-space bitmaps (CWE-434)
- Insecure use of user-space integers (CWE-434)
- Insecure use of user-space strings (CWE-434)
- Insecure use of user-space arrays (CWE-434)
- Insecure use of user-space structures (CWE-434)
- Insecure use of user-space functions (CWE-416)
- Insecure use of user-space variables (CWE-434)
- Insecure use of user-space bitmaps (CWE-434)
- Insecure use of user-space integers (CWE-434)
- Insecure use of user-space strings (CWE-434)
- Insecure use of user-space arrays (CWE-434)
- Insecure use of user-space structures (
For troubleshooting, visit: https://python.langchain.com/docs/troubleshooting/errors/OUTPUT_PARSING_FAILURE , falling back to strict parser
JSON parsing failed: Invalid json output: - Weak encryption (CWE-311)
- Insecure random number generation (CWE-330)
- Integer overflow (CWE-191, CWE-199)
- Race conditions (CWE-362)
- Missing bounds checking (CWE-401)
- Insecure string handling (CWE-119, CWE-134)
- Weak hashing (CWE-259)
- Insecure file operations (CWE-416)
- Insecure library usage (CWE-673)
- Insecure network operations (CWE-311, CWE-754)
- Insecure resource management (CWE-415)
- Insecure temporary files (CWE-330)
- Insecure usage of function output (CWE-20, CWE-134)
- Insecure usage of dynamic languages (CWE-625, CWE-758)
- Insecure usage of static languages (CWE-601)
- Insecure usage of external libraries (CWE-673)
- Insecure usage of system functions (CWE-754)
- Insecure usage of file functions (CWE-416)
- Insecure usage of network functions (CWE-311, CWE-754)
- Insecure usage of resource functions (CWE-415)
- Insecure usage of storage functions (CWE-416)
- Insecure usage of concurrency functions (CWE-362)
- Insecure usage of container functions (CWE-601)
- Insecure usage of resource locks (CWE-601)
- Insecure usage of shared memory (CWE-601)
- Insecure usage of inter-process communication (CWE-601)
- Insecure usage of IPC (CWE-601)
- Insecure usage of pipes (CWE-601)
- Insecure usage of sockets (CWE-754)
- Insecure usage of system calls (CWE-601)
- Insecure usage of signals (CWE-601)
- Insecure usage of timers (CWE-601)
- Insecure usage of threads (CWE-601)
- Insecure usage of locks (CWE-601)
- Insecure usage of semaphores (CWE-601)
- Insecure usage of message queues (CWE-601)
- Insecure usage of shared memory (CWE-601)
- Insecure usage of memory management (CWE-601)
- Insecure usage of process management (CWE-601)
- Insecure usage of file management (CWE-601)
- Insecure usage of
For troubleshooting, visit: https://python.langchain.com/docs/troubleshooting/errors/OUTPUT_PARSING_FAILURE , falling back to strict parser
JSON parsing failed: Invalid json output: - Weak random number generation (CWE-601)
- Insecure use of random seed (CWE-602)
- Insecure use of encryption (CWE-338)
- Insecure use of compression (CWE-337)
- Insecure use of resource management (CWE-400)
- Insecure use of integer operations (CWE-367, 369)
- Insecure use of string operations (CWE-116, 117)
- Insecure use of file operations (CWE-361)
- Insecure use of network operations (CWE-397)
- Insecure use of collection operations (CWE-400)
- Insecure use of concurrency (CWE-367)
- Insecure use of timing (CWE-399)
- Insecure use of external code (CWE-416)
- Insecure use of static data (CWE-476)
- Insecure use of dynamic data (CWE-476)
- Insecure use of resource management (CWE-400)
- Insecure use of resource management (CWE-400)
- Insecure use of resource management (CWE-400)
- Insecure use of resource management (CWE-400)
- Insecure use of resource management (CWE-400)
- Insecure use of resource management (CWE-400)
- Insecure use of resource management (CWE-400)
- Insecure use of resource management (CWE-400)
- Insecure use of resource management (CWE-400)
- Insecure use of resource management (CWE-400)
- Insecure use of resource management (CWE-400)
- Insecure use of resource management (CWE-400)
- Insecure use of resource management (CWE-400)
- Insecure use of resource management (CWE-400)
- Insecure use of resource management (CWE-400)
- Insecure use of resource management (CWE-400)
- Insecure use of resource management (CWE-400)
- Insecure use of resource management (CWE-400)
- Insecure use of resource management (CWE-400)
- Insecure use of resource management (CWE-400)
- Insecure use of resource management (CWE-400)
- Insecure use of resource management (CWE-400)
- Insecure use of resource management (CWE-400)
- Insecure use of resource management (CWE-400)
- Insecure use of
For troubleshooting, visit: https://python.langchain.com/docs/troubleshooting/errors/OUTPUT_PARSING_FAILURE , falling back to strict parser
JSON parsing failed: Invalid json output: - Weak encryption (CWE-261)
- Insecure random number generation (CWE-330)
- Improper handling of nulls (CWE-400)
- Out-of-bounds access (CWE-122, 129)
- Integer overflow (CWE-191, 369)
- Race conditions (CWE-362)
- Insecure temporary use of key (CWE-601)
- Insecure use of function (CWE-587)
- Insecure use of storage (CWE-653)
- Insecure use of protocol (CWE-666)
- Insecure use of header (CWE-668)
- Insecure use of data (CWE-653)
- Insecure use of resource (CWE-653)
- Insecure use of module (CWE-653)
- Insecure use of file (CWE-653)
- Insecure use of network (CWE-653)
- Insecure use of environment (CWE-653)
- Insecure use of reflection (CWE-653)
- Insecure use of logging (CWE-653)
- Insecure use of time (CWE-653)
- Insecure use of code (CWE-653)
- Insecure use of state (CW-653)
- Insecure use of concurrency (CWE-653)
- Insecure use of container (CWE-653)
- Insecure use of library (CWE-653)
- Insecure use of framework (CWE-653)
- Insecure use of resource (CWE-653)
- Insecure use of resource (CWE-653) [duplicate]
- Insecure use of resource (CWE-653) [duplicate]
- Insecure use of resource (CWE-653) [duplicate]
- Insecure use of resource (CWE-653) [duplicate]
- Insecure use of resource (CWE-653) [duplicate]
- Insecure use of resource (CWE-653) [duplicate]
- Insecure use of resource (CWE-653) [duplicate]
- Insecure use of resource (CWE-653) [duplicate]
- Insecure use of resource (CWE-653) [duplicate]
- Insecure use of resource (CWE-653) [duplicate]
- Insecure use of resource (CWE-653) [duplicate]
- Insecure use of resource (CWE-653) [duplicate]
- Insecure use of resource (CWE
For troubleshooting, visit: https://python.langchain.com/docs/troubleshooting/errors/OUTPUT_PARSING_FAILURE , falling back to strict parser
JSON parsing failed: Invalid json output: - Weak encryption (CWE-311)
- Insecure random number generation (CWE-330)
- Integer overflow (CWE-191, CWE-199)
- Race conditions (CWE-362)
- Weaknesses in cryptographic implementations (CWE-333)
- Insecure string handling (CWE-104, 131, 134)
- Insecure file operations (CWE-416)
- Insecure library usage (CWE-673)
- Insecure resource management (CWE-415)
- Insecure inter-process communication (CWE-498)
- Weaknesses in authentication (CWE-307, 312)
- Insecure .NET code (CWE-272)
- Insecure Java code (CWE-281)
- Insecure C/C++ code (CWE-400, 401, 402, 403, 404, 405, 406, 407, 408, 409, 410, 411, 412, 413, 414, 415, 416, 417, 418, 419, 420, 421, 422, 423, 424, 425, 426, 427, 428, 429, 430, 431, 432, 433, 434, 435, 436, 437, 438, 439, 440, 441, 442, 443, 444, 445, 446, 447, 448, 449, 450, 451, 452, 453, 454, 455, 456, 457, 458, 459, 460, 461, 462, 463, 464, 465, 466, 467, 468, 469, 470, 471, 472, 473, 474, 475, 476, 477, 478, 479, 480, 481, 482, 483, 484, 485, 486, 487, 488, 489, 490, 491, 492, 493, 494, 495, 496, 497, 498, 499, 500, 501, 502, 503, 504, 505, 506, 507, 508, 509, 510, 511, 512, 513, 514,
For troubleshooting, visit: https://python.langchain.com/docs/troubleshooting/errors/OUTPUT_PARSING_FAILURE , falling back to strict parser
2025-10-03 15:57:06,002 - job_deepseek_database_leakagefree_1759520736 - INFO - Task rank_cwe: 60/103 commits processed
JSON parsing failed: Invalid json output: - Weak encryption (CWE-311)
- Insecure random number generation (CWE-330)
- Integer overflow (CWE-191, CWE-199)
- Race conditions (CWE-362)
- Insecure string handling (CWE-119, CWE-134)
- Weaknesses in resource management (CWE-400, 401, 402)
- Weaknesses in resource management: improper handling of nulls (CWE-400)
- Weaknesses in resource management: incorrect handling of pointers (CWE-401)
- Weaknesses in resource management: resource not properly released (CWE-402)
- Weaknesses in resource management: resource not properly acquired (CWE-403)
- Weaknesses in resource management: resource not properly used (CWE-404)
- Weaknesses in resource management: resource not properly validated (CWE-405)
- Weaknesses in resource management: resource not properly checked for null (CWE-476)
- Weaknesses in resource management: resource not properly checked for valid values (CWE-477)
- Weaknesses in resource management: resource not properly checked for valid size (CWE-478)
- Weaknesses in resource management: resource not properly checked for valid range (CWE-479)
- Weaknesses in resource management: resource not properly checked for valid ownership (CWE-480)
- Weaknesses in resource management: resource not properly checked for valid permissions (CWE-481)
- Weaknesses in resource management: resource not properly checked for valid type (CWE-482)
- Weaknesses in resource management: resource not properly checked for valid lifetime (CWE-483)
- Weaknesses in resource management: resource not properly checked for valid count (CWE-484)
- Weaknesses in resource management: resource not properly checked for valid index (CWE-485)
- Weaknesses in resource management: resource not properly checked for valid pointer (CWE-486)
- Weaknesses in resource management: resource not properly checked for valid reference (CWE-487)
- Weaknesses in resource management: resource not properly checked for valid size (CWE-488)
- Weaknesses in resource management: resource not properly checked for valid lifetime (CWE-489)
- Weaknesses in resource management: resource not properly checked for valid count (CWE-490)
- Weaknesses in resource management: resource not properly checked
For troubleshooting, visit: https://python.langchain.com/docs/troubleshooting/errors/OUTPUT_PARSING_FAILURE , falling back to strict parser
JSON parsing failed: Invalid json output: - Weak random number generation (CWE-601)
- Insecure use of crypto (CWE-338)
- Insecure file operations (CWE-416)
- Insecure library functions (CWE-327)
- Insecure inter-process communication (C_SYSCRYPTO_...)
Wait, the last one is a placeholder.

Looking at the code, I need to find potential vulnerabilities.

First, let's read through the code.

The function is proc_sctp_do_udp_port, which is a sysctl handler for UDP ports.

The function starts by getting min and max from ctl->extra1 and extra2.

Then, it initializes a new table 'tbl' with maxlen set to sizeof(unsigned int). If write is true, it sets tbl.data to &new_value, else to net->sctp.udp_port.

Then, it calls proc_dointvec, which I assume is a helper function to handle dotonvec operations.

If write is true and ret is 0, meaning the write operation succeeded, it proceeds.

It then checks if new_value is outside the min and max range, returning -EINVAL if so.

Then, it sets net->sctp.udp_port to new_value, stops the UDP socket, and if new_value is non-zero, it tries to start it again.

It then locks the socket, sets the UDP port in the socket structure, and releases the lock.

Looking for potential issues:

1. The function uses 'new_value' without checking if it's a valid unsigned int. If the user inputs an invalid value, it could cause issues. But since it's a sysctl, perhaps the validation is done elsewhere.

2. The function doesn't check for negative values. Since min and max are unsigned, but if the user passes a negative value, it might cause problems. However, in sysctl, the values are typically constrained, but perhaps not.

3. The function uses 'new_value' which is declared as an unsigned int, but it's assigned from ctl->extra1 and extra2, which are also unsigned. So that's probably okay.

4. The function doesn't validate that min <= max. If min is greater than max, the range check would fail, but the code doesn't check that. So if min > max, the range check becomes invalid.

Wait, in the code, it checks if new_value > max or new_value < min. But if min > max, then the condition would never be true, and any new_value would pass. So that
For troubleshooting, visit: https://python.langchain.com/docs/troubleshooting/errors/OUTPUT_PARSING_FAILURE , falling back to strict parser
JSON parsing failed: Invalid json output: - Weak encryption (CWE-311)
- Insecure random number generation (CWE-330)
- Improper error handling (CWE-400, 401, 476)
- Race conditions (CWE-362)
- Insecure temporary files (CWE-131)
- Insecure use of function (CWE-587, 566)
- Insecure use of library functions (CWE-327, 326)
- Insecure use of environment variables (CWE-601)
- Insecure use of reflection (CWE-628)
- Insecure use of resource management (CWE-665, 664)
- Insecure use of network functions (CWE-311, 22, 94)
- Insecure use of file functions (CWE-330, 131)
- Insecure use of shell functions (CWE-327, 326)
- Insecure use of system functions (CWE-327, 326)
- Insecure use of configuration management (CWE-312)
- Insecure use of logging (CWE-117)
- Insecure use of compression (CWE-493)
- Insecure use of version control (CWE-654)
- Insecure use of data validation (CWE-20, 190)
- Insecure use of authentication (CWE-625, 653)
- Insecure use of cookies (CWE-601)
- Insecure use of session management (CWE-653)
- Insecure use of state management (CWE-653)
- Insecure use of file descriptors (CWE-330)
- Insecure use of shared memory (CWE-601)
- Insecure use of pipes (CWE-601)
- Insecure use of semaphores (CWE-601)
- Insecure use of message queues (CWE-601)
- Insecure use of network functions (CWE-311, 22, 94)
- Insecure use of file functions (CWE-330, 131)
- Insecure use of shell functions (CWE-327, 326)
- Insecure use of system functions (CWE-327, 326)
- Insecure use of configuration management (CWE-312)
- Insecure use of logging (CWE-117)
- Insecure use of compression (CWE-493)
- Insecure use of version control (CWE-654)
- Insecure use of data validation (CWE-20,
For troubleshooting, visit: https://python.langchain.com/docs/troubleshooting/errors/OUTPUT_PARSING_FAILURE , falling back to strict parser
JSON parsing failed: Invalid json output: - Weak encryption (CWE-311)
- Insecure random number generation (CWE-330)
- Integer overflow (CWE-191, CWE-199)
- Weaknesses in resource management (CWE-400)
- Insecure API (CWE-937)
- Weaknesses in inter-process communication (CWE-462)
- Weaknesses in authentication (CWE-613)
- Weaknesses in session management (CWE-639)
- Weaknesses in configuration management (CWE-694)
- Weaknesses in data validation (CWE-690)
- Weaknesses in file handling (CWE-732)
- Weaknesses in resource limits (CWE-400)
- Weaknesses in time and space management (CWE-400)
- Weaknesses in concurrency (CWE-400)
- Weaknesses in containerized environments (CWE-400)
- Weaknesses in logging (CWE-400)
- Weaknesses in static analysis (CWE-400)
- Weaknesses in code quality (CWE-400)
- Weaknesses in resource usage (CWE-400)
- Weaknesses in input validation (CWE-20, 190)
- Weaknesses in output validation (CWE- 20, 190)
- Weaknesses in resource management (CWE-400)
- Weaknesses in error handling (CWE-400)
- Weaknesses in exception handling (CWE-400)
- Weaknesses in resource locks (CWE-400)
- Weaknesses in race conditions (CWE-400)
- Weaknesses in deadlock conditions (CWE-400)
- Weaknesses in priority management (CWE-400)
- Weaknesses in resource allocation (CWE-400)
- Weaknesses in resource deallocation (CWE-400)
- Weaknesses in resource sharing (CWE-400)
- Weaknesses in resource access (CWE-400)
- Weaknesses in resource locks (CWE-400)
- Weaknesses in resource semaphores (CWE-400)
- Weaknesses in resource signals (CWE-400)
- Weaknesses in resource timers (CWE-400)
- Weaknesses in resource usage (CWE-400)
- Weaknesses in resource management (CWE-400)
- Weaknesses in resource sharing (CWE-400)
- Weak
For troubleshooting, visit: https://python.langchain.com/docs/troubleshooting/errors/OUTPUT_PARSING_FAILURE , falling back to strict parser
JSON parsing failed: Invalid json output: - Weak hashing (CWE-157)
- Insecure random number generation (CWE-601)
- Insecure string handling (CWE-104, CWE-119)
- Insecure file operations (CWE-361)
- Insecure library usage (CWE-673)
- Insecure network operations (CWE-311)
- Insecure resource management (CWE-415, CWE-400)
- Insecure temporary usage (CWE-644)
- Insecure usage of function (CWE-416)
- Insecure usage of variable (CWE-672)
- Insecure usage of integer (CWE-697)
- Insecure usage of pointer (CWE-670)
- Insecure usage of resource (CWE-400)
- Insecure usage of thread (CSC-40)
- Insecure usage of time (CWE-601)
- Insecure usage of XML (CWE-379)
- Insecure usage of SQL (CWE-352, etc.)
- Insecure usage of shell (CWE-327)
- Insecure usage of system (CWE-327)
- Insecure usage of file (CWE-361)
- Insecure usage of network (CWE-311)
- Insecure usage of environment variables (CWE-601)
- Insecure usage of configuration (CWE-601)
- Insecure usage of logging (CWE-601)
- Insecure usage of exception handling (CWE-476)
- Insecure usage of signal (CWE-476)
- Insecure usage of race condition (CWE-362)
- Insecure usage of concurrency (CWE-362)
- Insecure usage of timing (CWE-601)
- Insecure usage of memory (CWE-476)
- Insecure usage of resource management (CWE-400)
- Insecure usage of resource locks (CWE-400)
- Insecure usage of resource sharing (CWE-400)
- Insecure usage of resource allocation (CWE-400)
- Insecure usage of resource deallocation (CWE-400)
- Insecure usage of resource initialization (CWE-400)
- Insecure usage of resource termination (CWE-400)
- Insecure usage of resource state (CWE-400)
- Insecure usage of resource transitions (CWE-400)
- Insecure usage of resource access (CWE-400)
- Insecure usage of resource locking (CWE-400)
- Insecure usage
For troubleshooting, visit: https://python.langchain.com/docs/troubleshooting/errors/OUTPUT_PARSING_FAILURE , falling back to strict parser
JSON parsing failed: Invalid json output: - Weak random number generation (CWE-601)
- Insecure use of random seed (CWE-602)
- Insecure use of encryption (CWE-338)
- Insecure use of compression (CWE-337)
- Insecure use of resource (CWE-369)
- Integer overflow (CWE-191, CWE-200)
- Race conditions (CWE-362)
- Weaknesses in API design (CWE-592)
- Insecure use of constant time (CWE-366)
- Insecure use of dynamic memory (CWE-400)
- Insecure use of static memory (CWE-401)
- Insecure use of shared memory (CWR-...)
Wait, I think the last one is not a standard CWE. Maybe it's a typo. Let me check.

Wait, the standard CWEs are up to 400-something. So perhaps it's a mistake. I'll proceed with the standard ones.

Looking at the code, I need to find potential vulnerabilities.

First, the function xp_create_and_assign_umem is allocating memory for the pool and the pool's heads. Let's see:

pool = kvzalloc(struct_size(pool, free_heads, entries), GFP_KERNEL);

If entries is zero, then struct_size(pool, free_heads, 0) would be zero, so pool is a struct with zero elements. But if entries is non-zero, it's allocated.

Wait, entries is set as unaligned ? umem->chunks : 0. So if umem is unaligned, entries is umem->chunks, else 0.

Wait, but in the code, pool is allocated with entries as the number of free_heads. Then, pool->heads is allocated as kvcalloc(umem->chunks, ...). So if umem->chunks is non-zero, pool->heads is an array of that size.

But then, in the for loop, i runs from 0 to pool->free_heads_cnt, which is set to umem->chunks. So the loop runs for umem->chunks iterations.

But in the pool allocation, pool->free_heads_cnt is set to umem->chunks, which is the same as the size of pool->heads. So the loop runs for the same number of elements as pool->heads.

Wait, but in the code, pool->free_heads_cnt is set to umem->chunks, and pool->heads is allocated as kvcalloc(umem->chunks, ...). So
For troubleshooting, visit: https://python.langchain.com/docs/troubleshooting/errors/OUTPUT_PARSING_FAILURE , falling back to strict parser
JSON parsing failed: Invalid json output: - Weak encryption (CWE-261)
- Insecure random number generation (CWE-330)
- Integer overflow (CWE-191, CWE-199)
- Race conditions (CWE-362)
- Weaknesses in API design (CWE-586)
- Insecure string handling (CWE-104, CWE-119)
- Insecure file operations (CWE-416)
- Insecure library usage (CWE-673)
- Insecure resource management (CWE-415)
- Insecure network operations (CWE-311)
- Insecure inter-process communication (CWE-118)
- Insecure temporary usage (CWE-330)
- Insecure usage of function output (CWE-20, CWE-119)
- Insecure usage of dynamic languages (CWE-367)
- Insecure usage of static languages (CWE-398)
- Insecure usage of external libraries (CWE-673)
- Insecure usage of system calls (CWE-377)
- Insecure usage of shell functions (CWE-378)
- Insecure usage of format strings (CWE-104)
- Insecure usage of file descriptors (CWE-400)
- Insecure usage of pipes (CWE-403)
- Insecure usage of shared memory (CWE-416)
- Insecure usage of socket operations (CWE-311)
- Insecure usage of system calls (CWE-377)
- Insecure usage of temporary files (CWE-330)
- Insecure usage of user-space memory (CWE-118)
- Insecure usage of user-space strings (CWE-104)
- Insecure usage of user-space integers (CWE-119)
- Insecure usage of user-space pointers (CWE-119)
- Insecure usage of user-space arrays (CWE-119)
- Insecure usage of user-space function pointers (CWE-119)
- Insecure usage of user-space memory (CWE-118)
- Insecure usage of user-space integers (CWE-119)
- Insecure usage of user-space strings (CWE-104)
- Insecure usage of user-space pointers (CWE-119)
- Insecure usage of user-space arrays (CWE-119)
- Insecure usage of user-space function pointers (CWE-119)
- Insecure usage of user-space memory (CWE-118)
- Insecure usage of user-space integers (CWE-119)
- Insecure usage
For troubleshooting, visit: https://python.langchain.com/docs/troubleshooting/errors/OUTPUT_PARSING_FAILURE , falling back to strict parser
JSON parsing failed: Invalid json output: - Weak encryption (CWE-311)
- Insecure random number generation (CWE-330)
- Improper error handling (CWE-400, 401, 476)
- Uninitialized variables (CWE-457)
- Integer overflow (CWE-191, 369)
- Weaknesses in API design (CWE-58)
- Insecure API (CWE-311)
- Insecure temporary files (CWE-330)
- etc.

Now, let's analyze the code step by step.

Looking at the function `nci_hci_create_pipe`, it's responsible for creating a pipe for NFC communication. The function takes a struct `ndev`, destination host and gate, and returns a pipe ID or an error.

First, let's look for potential issues.

1. **Memory Management:**
   - The function creates a `skb` buffer using `nci_hci_send_cmd`. If this command fails, it returns an error. However, if it succeeds, it proceeds to process the response.
   - After processing, `skb` is freed with `kfree_skb(skb)`. This could lead to a memory leak if `skb` wasn't properly allocated or if the response processing is incorrect.
   - Also, the function doesn't check if `skb` is null before accessing `skb->data`. If `skb` is null, this would cause a null pointer dereference, leading to a crash or information exposure.

2. **Input Validation:**
   - The function doesn't validate the inputs for `dest_host` and `dest_gate`. If these values are out of the expected range, it could cause issues downstream, such as incorrect pipe creation or potential buffer overflows.
   - For example, if `dest_host` is not within a valid range, the pipe creation might fail or behave unpredictably.

3. **Error Handling:**
   - The function returns `NCI_HCI_INVALID_PIPE` on failure, but it's unclear if this error is properly handled by the caller. If the caller doesn't check for this return value, it might proceed with invalid pipes, leading to further issues.
   - Additionally, the function doesn't provide much information about why the pipe creation failed, which could help in debugging but isn't a direct security vulnerability.

4. **Buffer Overflow Risks:**
   - The `nci_hci_send_cmd` function might send a response that is larger than expected. If the buffer `skb` isn't properly sized,
For troubleshooting, visit: https://python.langchain.com/docs/troubleshooting/errors/OUTPUT_PARSING_FAILURE , falling back to strict parser
JSON parsing failed: Invalid json output: - Weak encryption (CWE-311)
- Insecure random number generation (CWE-330)
- Improper input handling (CWE-369)
- Missing bounds checking (CWE-823)
- Use after free (CWE-401)
- Race conditions (CWE-362)
- Insecure temporary files (CWE-259)
- Insecure string handling (CWE-117)
- Insecure file operations (CWE-798)
- Insecure library usage (CWE-673)
- Insecure inter-process communication (CWE-269)
- Insecure resource management (CWE-415)
- Insecure usage of function result (CWE-823)
- Insecure usage of pointer (CWE-798)
- Insecure usage of integer (CWE-798)
- Insecure usage of loop (CWE-798)
- Insecure usage of conditional (CWE-798)
- Insecure usage of bitwise operations (CWE-798)
- Insecure usage of arithmetic operations (CWE-798)
- Insecure usage of exception handling (CWE-798)
- Insecure usage of resource allocation (CWE-798)
- Insecure usage of function (CWE-798)
- Insecure usage of variable (CWE-798)
- Insecure usage of data type (CWE-798)
- Insecure usage of memory (CWE-798)
- Insecure usage of network (CWE-798)
- Insecure usage of system (CWE-798)
- Insecure usage of time (CWE-798)
- Insecure usage of process (CWE-798)
- Insecure usage of file (CWE-798)
- Insecure usage of thread (CWE-798)
- Insecure usage of signal (CWE-798)
- Insecure usage of interrupt (CWE-798)
- Insecure usage of concurrency (CWE-798)
- Insecure usage of synchronization (CWE-798)
- Insecure usage of resource (CWE-798)
- Insecure usage of shared variable (CWE-798)
- Insecure usage of shared memory (CWE-798)
- Insecure usage of shared file (CWE-798)
- Insecure usage of shared network (CWE-798)
- Insecure usage of shared system (CWE-798)
- Insecure usage of shared resource (CWE-798)
- Insecure usage of shared data (CWE-798
For troubleshooting, visit: https://python.langchain.com/docs/troubleshooting/errors/OUTPUT_PARSING_FAILURE , falling back to strict parser
JSON parsing failed: Invalid json output: - Weak encryption (CWE-311)
- Race conditions (CWE-362)
- Resource management issues (CWE-400, 415, 413)
- Improper handling of nulls (CWE-457)
- Insecure use of random functions (CWE-330)
- Insecure use of temporary files (CWE-259)
- Insecure use of external libraries (CWE-369)
- Insecure use of libraries with known vulnerabilities (CWE-378)
- Insecure use of network functions (CWE-311, 296)
- Insecure use of storage functions (CWE-330, 352)
- Insecure use of cryptographic functions (CWE-327)
- Insecure use of file operations (CWE-330, 352)
- Insecure use of shell functions (CWE-327, 330)
- Insecure use of environment variables (CWE-117)
- Insecure use of signal handlers (CWE-399)
- Insecure use of format strings (CWE-134, 166)
- Insecure use of resource limits (CWE-400)
- Insecure use of resource locks (CWE-400)
- Insecure use of shared memory (CWE-400)
- Insecure use of pipes (CWE-400)
- Insecure use of semaphores (CWE-400)
- Insecure use of timers (CWE-400)
- Insecure use of context switches (CWE-400)
- Insecure use of signals (CWE-400)
- Insecure use of resource allocation (CWE-400)
- Insecure use of resource deallocation (CWE-400)
- Insecure use of resource management (CWE-400)
- Insecure use of resource sharing (CWE-400)
- Insecure use of resource locks (CWE-400)
- Insecure use of resource semaphores (CWE-400)
- Insecure use of resource allocation (CWE-400)
- Insecure use of resource deallocation (CWE-400)
- Insecure use of resource management (CWE-400)
- Insecure use of resource sharing (CWE-400)
- Insecure use of resource locks (CWE-400)
- Insecure use of resource semaphores (CWE-400)
- Insecure use of resource allocation (CWE-400)
- Insecure use of resource deallocation (CWE-400)
-
For troubleshooting, visit: https://python.langchain.com/docs/troubleshooting/errors/OUTPUT_PARSING_FAILURE , falling back to strict parser
2025-10-03 15:58:59,779 - job_deepseek_database_leakagefree_1759520736 - INFO - Task rank_cwe: 70/103 commits processed
JSON parsing failed: Invalid json output: - Weak encryption (CWE-311)
- Insecure random number generation (CWE-330)
- Insecure usage of function (CWE-777)
- Incorrect handling of null (CWE-400)
- Incorrect handling of unsigned/signed integers (CWE-823)
- Incorrect handling of shift operations (CWE-823)
- Incorrect handling of bitwise operations (CWE-823)
- Incorrect handling of string operations (CWE-823)
- Incorrect handling of array bounds (CWE-758)
- Incorrect handling of resource limits (CWE-758)
- Incorrect handling of file operations (CWE-758)
- Incorrect handling of network operations (CWE-758)
- Incorrect handling of time operations (CWE-758)
- Incorrect handling of process operations (CWE-758)
- Incorrect handling of system calls (CWE-758)
- Incorrect handling of concurrency (CWE-758)
- Incorrect handling of synchronization (CWE-758)
- Incorrect handling of resource management (CWE-758)
- Incorrect handling of exception handling (CWE-758)
- Incorrect handling of error handling (CWE-758)
- Incorrect handling of logging (CWE-758)
- Incorrect handling of debugging (CWE-758)
- Incorrect handling of memory management (CWE-758)
- Incorrect handling of resource allocation (CWE-758)
- Incorrect handling of resource deallocation (CWE-758)
- Incorrect handling of resource locks (CWE-758)
- Incorrect handling of race conditions (CWE-758)
- Incorrect handling of locks (CWE-758)
- Incorrect handling of atomic operations (CWE-758)
- Incorrect handling of multi-threading (CWE-758)
- Incorrect handling of signals (CWE-758)
- Incorrect handling of timers (CWE-758)
- Incorrect handling of semaphores (CWE-758)
- Incorrect handling of IPC (CWE-758)
- Incorrect handling of shared memory (CWE-758)
- Incorrect handling of pipes (CWE-758)
- Incorrect handling of sockets (CWE-758)
- Incorrect handling of device files (CWE-758)
- Incorrect handling of file descriptors (CWE-758)
- Incorrect handling of event loops (CWE-758)
- Incorrect handling of callbacks (CWE-758)
- Incorrect handling of resource leaks (CWE-758)
- Incorrect handling of resource exhaustion (CWE-758)
- Incorrect handling of resource limits
For troubleshooting, visit: https://python.langchain.com/docs/troubleshooting/errors/OUTPUT_PARSING_FAILURE , falling back to strict parser
JSON parsing failed: Invalid json output: - Weak encryption (CWE-311)
- Insecure random number generation (CWE-330)
- Integer overflow (CWE-191, CWE-199)
- Race conditions (CWE-362)
- Insecure string handling (CWE-104, 119, 131)
- Weaknesses in cache handling (CWE-118, 119, 131, 139, 416)
- Insecure file operations (CWE-22, 78, 414)
- Insecure library usage (CWE-673, 732)
- Insecure network operations (CWE-311, 400, 414)
- Insecure resource management (CWE-401, 476)
- Insecure temporary usage (CWE-330)
- Insecure usage of functions (CWE-416, 476)
- Insecure usage of variables (CWE-798, 401)
- Weaknesses in resource management (CWE-476)
- Weaknesses in data validation (CWE-20, 190)
- Weaknesses in file handling (CWE-22, 414)
- Weaknesses in network handling (CWE-311, 400)
- Weaknesses in resource leaks (CWE-401, 476)
- Weaknesses in resource management (CWE-476)
- Weaknesses in data storage (CWE-131)
- Weaknesses in data processing (CWE-190)
- Weaknesses in resource allocation (CWE-476)
- Weaknesses in resource management (CWE-476)
- Weaknesses in resource leaks (CWE-401, 476)
- Weaknesses in resource management (CWE-476)
- Weaknesses in resource leaks (CWE-401, 476)
- Weaknesses in resource management (CWE-476)
- Weaknesses in resource leaks (CWE-401, 476)
- Weaknesses in resource management (CWE-476)
- Weaknesses in resource leaks (CWE-401, 476)
- Weaknesses in resource management (CWE-476)
- Weaknesses in resource leaks (CWE-401, 476)
- Weaknesses in resource management (CWE-476)
- Weaknesses in resource leaks (CWE-401, 476)
- Weaknesses in resource management (CWE-476)
- Weaknesses in resource leaks (
For troubleshooting, visit: https://python.langchain.com/docs/troubleshooting/errors/OUTPUT_PARSING_FAILURE , falling back to strict parser
JSON parsing failed: Invalid json output: - Weak encryption (CWE-311)
- Insecure random number generation (CWE-330)
- Incorrect handling of nulls (CWE-400)
- Incorrect handling of unsigned/signed integers (CWE-823)
- Use of dangerous functions (CWE-131, CWE-134)
- Incorrect use of free() (CWE-401)
- Incorrect use of memory management functions (CWE-476)
- Use of uninitialized variables (CWE-457)
- Use of unsafe functions (CWE-798)
- Use of external control structures (CWE-601)
- Use of external information (CWE-269)
- Use of external libraries (CWE-670)
- Use of platform-specific behavior (CWE-732)
- Use of race conditions (CWE-363)
- Use of time-sensitive data (CWE-366)
- Use of unsafe conversions (CWE-588)
- Use of unsafe math operations (CWE-823)
- Use of unsafe string operations (CWE-798)
- Use of unsafe file operations (CWE-798)
- Use of unsafe network operations (CWE-798)
- Use of unsafe database operations (CWE-798)
- Use of unsafe kernel functions (CWE-798)
- Use of unsafe signal handling (CWE-798)
- Use of unsafe threading functions (CWE-798)
- Use of unsafe system calls (CWE-798)
- Use of unsafe shared memory (CWE-798)
- Use of unsafe locks (CWE-798)
- Use of unsafe semaphores (CWE-798)
- Use of unsafe IPC (CWE-798)
- Use of unsafe file descriptors (CWE-798)
- Use of unsafe pointers (CWE-798)
- Use of unsafe casting (CWE-588)
- Use of unsafe bitwise operations (CWE-823)
- Use of unsafe division (CWE-823)
- Use of unsafe modulo operations (CWE-823)
- Use of unsafe arithmetic operations (CWE-823)
- Use of unsafe comparisons (CWE-823)
- Use of unsafe logical operations (CWE-823)
- Use of unsafe shifts (CWE-823)
- Use of unsafe bitwise operations (CWE-823)
- Use of unsafe string operations (CWE-798)
- Use of unsafe file operations (CWE-798)
- Use of unsafe network operations (CWE-798)
- Use of unsafe database
For troubleshooting, visit: https://python.langchain.com/docs/troubleshooting/errors/OUTPUT_PARSING_FAILURE , falling back to strict parser
JSON parsing failed: Invalid json output: - Weak encryption (CWE-311)
- Insecure random number generation (CWE-330)
- Race conditions (CWE-362)
- Improper input handling (CWE-369)
- Insecure string handling (CWE-134, CWE-134)
- Resource management issues (CWE-400, 401, 402)
- Insecure file operations (CWE-22, 113, 114)
- Insecure library usage (CWE-327)
- Insecure inter-process communication (CWE-118)
- Insecure kernel extensions (CWE-416)
- Insecure network operations (CWE-311, 132)
- Insecure resource sharing (CWE-400)
- Insecure temporary files (CWE-330)
- Insecure usage of function (CWE-416)
- Insecure usage of system calls (CWE-416)
- Insecure usage of system functions (CWE-416)
- Insecure usage of dynamic memory management (CWE-416)
- Insecure usage of static data (CWE-416)
- Insecure usage of pointers (CWE-416)
- Insecure usage of concurrency controls (CWE-416)
- Insecure usage of resource locks (CWE-416)
- Insecure usage of file operations (CWE-416)
- Insecure usage of network functions (CWE-416)
- Insecure usage of system calls (CWE-416)
- Insecure usage of system functions (CWE-416)
- Insecure usage of dynamic memory management (CWE-416)
- Insecure usage of static data (CWE-416)
- Insecure usage of pointers (CWE-416)
- Insecure usage of concurrency controls (CWE-416)
- Insecure usage of resource locks (CWE-416)
- Insecure usage of file operations (CWE-416)
- Insecure usage of network functions (CWE-416)
- Insecure usage of system calls (CWE-416)
- Insecure usage of system functions (CWE-416)
- Insecure usage of dynamic memory management (CWE-416)
- Insecure usage of static data (CWE-416)
- Insecure usage of pointers (CWE-416)
- Insecure usage of concurrency controls (CWE-416)
- Insecure usage of resource locks (CWE-416)
- Insecure usage of file operations (CWE-416)
- Insecure
For troubleshooting, visit: https://python.langchain.com/docs/troubleshooting/errors/OUTPUT_PARSING_FAILURE , falling back to strict parser
JSON parsing failed: Invalid json output: - Weak random number generation (CWE-601)
- Insecure use of random numbers (CWE-327)
- Insecure use of public keys (CWE-653)
- Insecure use of private keys (CWE-654)
- Insecure use of public key operations (CWE-653)
- Insecure use of private key operations (CWE-654)
- Insecure use of cryptographic hash functions (CWE-157)
- Insecure use of output (CWE-200)
- Insecure use of storage (CWE-116, CWE-117)
- Insecure use of file operations (CWE-117)
- Insecure use of network functions (CWE-117)
- Insecure use of resource management (CWE-117)
- Insecure use of concurrency (CWE-117)
- Insecure use of collection operations (CWE-117)
- Insecure use of data format (CWE-117)
- Insecure use of external code (CWE-117)
- Insecure use of third-party libraries (CWE-117)
- Insecure use of untrusted data (CWE-117)
- Insecure use of unchecked conversions (CWE-117)
- Insecure use of unchecked input (CWE-117)
- Insecure use of unchecked output (CWE-117)
- Insecure use of resource management (CWE-117)
- Insecure use of resource leaks (CWE-117)
- Insecure use of resource sharing (CWE-117)
- Insecure use of resource locks (CWE-117)
- Insecure use of resource semaphores (CWE-117)
- Insecure use of resource signals (CWE-117)
- Insecure use of resource timers (CWE-117)
- Insecure use of resource allocation (CWE-117)
- Insecure use of resource deallocation (CWE-117)
- Insecure use of resource locks (CWE-117)
- Insecure use of resource semaphores (CWE-117)
- Insecure use of resource signals (CWE-117)
- Insecure use of resource timers (CWE-117)
- Insecure use of resource allocation (CWE-117)
- Insecure use of resource deallocation (CWE-117)
- Insecure use of resource sharing (CWE-117)
- Insecure use of resource locks (CWE-117)
- Insecure use of resource semaph
For troubleshooting, visit: https://python.langchain.com/docs/troubleshooting/errors/OUTPUT_PARSING_FAILURE , falling back to strict parser
JSON parsing failed: Invalid json output: - Weak crypto (CWE-327)
- Race conditions (CWE-362)
- Resource management (CWE-400, 401, 402)
- Insecure use of random functions (CWE-330)
- Insecure use of encryption (CWE-311)
- Insecure use of compression (CWE-296)
- Insecure use of resource allocation (CWE-415)
- Insecure use of shared variables (CWE-601, 602)
- Insecure use of static variables (CWE-805)
- Insecure use of dynamic memory (CWE-401, 404)
- Insecure use of file operations (CWE-378)
- Insecure use of network functions (CWE-399)
- Insecure use of concurrency controls (CWE-653)
- Insecure use of container functions (CWE-369)
- Insecure use of resource locks (CWE-665)
- Insecure use of resource pools (CWE-682)
- Insecure use of resource sharing (CWE-674)
- Insecure use of resource allocation functions (CWE-415)
- Insecure use of resource management functions (CWE-400)
- Insecure use of resource locks (CWE-665)
- Insecure use of resource pools (CWE-682)
- Insecure use of resource sharing (CWE-674)
- Insecure use of resource management (CWE-400)
- Insecure use of resource allocation (CWE-415)
- Insecure use of resource locks (CWE-665)
- Insecure use of resource pools (CWE-682)
- Insecure use of resource sharing (CWE-674)
- Insecure use of resource management (CWE-400)
- Insecure use of resource allocation (CWE-415)
- Insecure use of resource locks (CWE-665)
- Insecure use of resource pools (CWE-682)
- Insecure use of resource sharing (CWE-674)
- Insecure use of resource management (CWE-400)
- Insecure use of resource allocation (CWE-415)
- Insecure use of resource locks (CWE-665)
- Insecure use of resource pools (CWE-682)
- Insecure use of resource sharing (CWE-674)
- Insecure use of resource management (CWE-400)
- Insecure use of resource allocation (CWE-415)
- Insecure use of
For troubleshooting, visit: https://python.langchain.com/docs/troubleshooting/errors/OUTPUT_PARSING_FAILURE , falling back to strict parser
JSON parsing failed: Invalid json output: - Weak encryption (CWE-311)
- Insecure random number generation (CWE-330)
- Insecure string handling (CWE-131, CWE-134)
- Insecure file operations (CWE-48, CWE-49)
- Insecure library usage (CWE-378)
- Insecure resource management (CWE-415, CWE-400)
- Insecure network operations (CWE-311, CWE-296)
- Insecure inter-process communication (CSSV-1)
- Insecure use of function result (CWE-117)
- Insecure use of dynamic languages (CWE-367)
- Insecure use of static languages (CWE-398)
- Insecure use of external libraries (CWE-378)
- Insecure use of system calls (CWE-377)
- Insecure use of system functions (CWE-378)
- Insecure use of shell functions (CWE-378)
- Insecure use of file operations (CWE-48, 49)
- Insecure use of network functions (CWE-311, 296)
- Insecure use of inter-process communication (CWE-478)
- Insecure use of resource management (CWE-400, 415)
- Insecure use of memory management (CWE-401, 476)
- Insecure use of concurrency controls (CWE-362)
- Insecure use of exception handling (CWE-117)
- Insecure use of logging (CWE-117)
- Insecure use of race conditions (CWE-362)
- Insecure use of time-related functions (CWE-330)
- Insecure use of cryptographic functions (CWE-311)
- Insecure use of resource locks (CWE-400)
- Insecure use of shared memory (CWE-478)
- Insecure use of signal handling (CWE-399)
- Insecure use of file descriptors (CWE-400)
- Insecure use of pipes (CWE-478)
- Insecure use of sockets (CWE-311)
- Insecure use of semaphores (CWE-362)
- Insecure use of timers (CWE-330)
- Insecure use of context switches (CWE-362)
- Insecure use of interrupt handling (CWE-399)
- Insecure use of I/O operations (CWE-400)
- Insecure use of device operations (CWE-400)
- Insecure use of
For troubleshooting, visit: https://python.langchain.com/docs/troubleshooting/errors/OUTPUT_PARSING_FAILURE , falling back to strict parser
JSON parsing failed: Invalid json output: - Weak encryption (CWE-601)
- Insecure random number generation (CWE-601)
- Insecure string handling (CWE-119, CWE-178)
- Insecure file operations (CWE-22, CWE-48)
- Insecure library usage (CWE-673, CWE-732)
- Insecure network operations (CWE-311, CWE-400)
- Insecure resource management (CWE-415, CWE-680)
- Insecure usage of function (CWE-587, CWE-676)
- Insecure usage of variable (CWE-653, CWE-653)
- Insecure usage of integer (CWE-653, etc.)
- Insecure usage of pointer (CWE-122, etc.)

Looking at the code, I need to find the most likely vulnerabilities.

First, the function hclgevf_get_regs is reading various registers from the hardware. It's using a struct hclgevf_dev and accessing the hw member. It's reading data into a buffer via reg += hclgevf_read_dev(...). 

Looking at the code, the function is reading multiple registers into a buffer. The function is using a loop that iterates over several arrays (cmdq_reg_addr_list, common_reg_addr_list, ring_reg_addr_list, tqp_intr_reg_addr_list) and for each, it's reading a number of registers. 

The problem is that the code is not checking the size of the data buffer. If any of these address lists are longer than expected, or if the reg variable overflows, it could cause a buffer overflow. 

In the code, reg is a pointer to a u32, and each read from hclgevf_read_dev adds to it. However, there's no check to ensure that the data doesn't exceed the buffer's capacity. 

So, the first issue is likely a buffer overflow vulnerability. The code doesn't have bounds checking when reading the registers, which could lead to an attacker-controlled buffer overflow if the data is too large.

Another potential issue is the use of reg += hclgevf_reg_get_tlv(...). If the tlv function returns a value that's too large, it could cause reg to go beyond the buffer's capacity, leading to a similar buffer overflow.

Additionally, the code is reading from the hardware's registers without validating the input. If an attacker can control the reg_addr_list arrays, they could cause the code to read more data than intended, leading to a buffer overflow
For troubleshooting, visit: https://python.langchain.com/docs/troubleshooting/errors/OUTPUT_PARSING_FAILURE , falling back to strict parser
JSON parsing failed: Invalid json output: - Weak encryption (CWE-311)
- Insecure random number generation (CWE-330)
- Insecure usage of function (CWE-377)
- Incorrect handling of error states (CWE-800)
- Insecure file operations (CWE-361)
- Insecure library usage (CWE-369)
- Insecure inter-process communication (CWE-462)
- Insecure use of network functions (CWE-377)
- Insecure use of external libraries (CWE-378)
- Insecure use of system functions (CWE-378)
- Insecure use of shell functions (CWE-378)
- Insecure use of file functions (CWE-378)
- Insecure use of network functions (CWE-377)
- Insecure use of system functions (CWE-378)
- Insecure use of shell functions (CWE-378)
- Insecure use of file functions (CWE-378)
- Insecure use of network functions (CWE-377)
- Insecure use of system functions (CWE-378)
- Insecure use of shell functions (CWE-378)
- Insecure use of file functions (CWE-378)
- Insecure use of network functions (CWE-377)
- Insecure use of system functions (CWE-378)
- Insecure use of shell functions (CWE-378)
- Insecure use of file functions (CWE-378)
- Insecure use of network functions (CWE-377)
- Insecure use of system functions (CWE-378)
- Insecure use of shell functions (CWE-378)
- Insecure use of file functions (CWE-378)
- Insecure use of network functions (CWE-377)
- Insecure use of system functions (CWE-378)
- Insecure use of shell functions (CWE-378)
- Insecure use of file functions (CWE-378)
- Insecure use of network functions (CWE-377)
- Insecure use of system functions (CWE-378)
- Insecure use of shell functions (CWE-378)
- Insecure use of file functions (CWE-378)
- Insecure use of network functions (CWE-377)
- Insecure use of system functions (CWE-378)
- Insecure use of shell functions (CWE-378)
- Insecure use of file functions (CWE-378)
- Insecure use
For troubleshooting, visit: https://python.langchain.com/docs/troubleshooting/errors/OUTPUT_PARSING_FAILURE , falling back to strict parser
JSON parsing failed: Invalid json output: - Weak encryption (CWE-311)
- Insecure random number generation (CWE-330)
- Insecure string handling (CWE-131, CWE-134)
- Insecure file operations (CWE-416)
- Insecure library usage (CW-111)
- Insecure inter-process communication (CWE-207)
- Insecure resource management (CWE-415)
- Insecure usage of system functions (CWE-366)
- Insecure usage of network functions (CWE-377)
- Insecure usage of storage functions (CWE-414)
- Insecure usage of collections (CWE-400)
- Insecure usage of concurrency controls (CWE-413)
- Insecure usage of resource locks (CWE-414)
- Insecure usage of file locks (CWE-414)
- Insecure usage of shared memory (CWE-414)
- Insecure usage of pipes (CWE-414)
- Insecure usage of sockets (CWE-414)
- Insecure usage of signals (CWE-414)
- Insecure usage of timers (CWE-414)
- Insecure usage of threads (CWE-414)
- Insecure usage of processes (CWE-414)
- Insecure usage of system calls (CWE-414)
- Insecure usage of environment variables (CWE-414)
- Insecure usage of configuration files (CWE-414)
- Insecure usage of user input (CWE-414)
- Insecure usage of third-party libraries (CWE-111)
- Insecure usage of cryptographic functions (CWE-311)
- Insecure usage of resource allocation (CWE-415)
- Insecure usage of resource deallocation (CWE-415)
- Insecure usage of resource management (CWE-415)
- Insecure usage of resource locks (CWE-415)
- Insecure usage of resource semaphores (CWE-415)
- Insecure usage of resource signals (CWE-415)
- Insecure usage of resource timers (CWE-415)
- Insecure usage of resource allocation (CWE-415)
- Insecure usage of resource deallocation (CWE-415)
- Insecure usage of resource management (CWE-415)
- Insecure usage of resource locks (CWE-415)
- Insecure usage of resource semaphores (CWE-415)
- Insecure usage of resource signals (CWE-415)
- In
For troubleshooting, visit: https://python.langchain.com/docs/troubleshooting/errors/OUTPUT_PARSING_FAILURE , falling back to strict parser
2025-10-03 16:00:53,874 - job_deepseek_database_leakagefree_1759520736 - INFO - Task rank_cwe: 80/103 commits processed
JSON parsing failed: Invalid json output: - Weak encryption (CWE-257)
- Insecure random number generation (CWE-330)
- Improper error handling (CWE-400, 401, 476)
- Insecure string handling (CWE-119, 131, 134)
- Insecure file operations (CWE-78)
- Insecure library usage (CWE-673, 732)
- Insecure resource management (CWE-415, 494)
- Insecure network operations (CWL-114, 311, 400)
- Weaknesses in the use of Go (CWE-900, 901)
- Weaknesses in the use of Python (CWE-913, 914)
- Weaknesses in the use of C (CWE-118, 121, 131, 134, 139, 142, 144, 166, 173, 182, 183, 190, 196, 198, 200, 201, 202, 203, 207, 210, 220, 230, 239, 246, 248, 250, 251, 252, 253, 254, 255, 256, 257, 258, 259, 260, 261, 262, 263, 264, 265, 266, 267, 268, 269, 270, 271, 272, 273, 274, 275, 276, 277, 278, 279, 280, 281, 282, 283, 284, 285, 286, 287, 288, 289, 290, 291, 292, 293, 294, 295, 296, 297, 298, 299, 300, 301, 302, 303, 304, 305, 306, 307, 308, 309, 310, 311, 312, 313, 314, 315, 316, 317, 318, 319, 320, 321, 322, 323, 324, 325, 326, 327, 328, 329, 330, 331, 332, 333, 334, 335, 336, 337, 338, 339, 340, 341, 342
For troubleshooting, visit: https://python.langchain.com/docs/troubleshooting/errors/OUTPUT_PARSING_FAILURE , falling back to strict parser
JSON parsing failed: Invalid json output: - Weak encryption (CWE-311)
- Insecure random number generation (CWE-330)
- Improper error handling (CWE-400, 401, 476)
- Insecure temporary files (CWE-330)
- Insecure use of function (CWE-416)
- Use of unsafe functions (CWS-XXX)
- Use of unchecked conversion (CWE-104)
- Use of uninitialized variables (CWE-607)
- Use of incorrect modifiers (CWE-653)
- Use of incorrect operations (CWE-656)
- Use of incorrect types (CWE-688)
- Use of redundant checks (CWE-561)
- Use of unsafe functions (CWE-416)
- Use of unchecked array access (CWE-401)
- Use of incorrect string termination (CWE-104)
- Use of incorrect string comparison (CWE-653)
- Use of incorrect string functions (CWE-688)
- Use of incorrect modifiers (CWE-653)
- Use of incorrect operations (CWE-656)
- Use of incorrect types (CWE-688)
- Use of redundant checks (CWE-561)
- Use of unsafe functions (CWE-416)
- Use of unchecked array access (CWE-401)
- Use of incorrect string termination (CWE-104)
- Use of incorrect string comparison (CWE-653)
- Use of incorrect string functions (CWE-688)
- Use of incorrect modifiers (CWE-653)
- Use of incorrect operations (CWE-656)
- Use of incorrect types (CWE-688)
- Use of redundant checks (CWE-561)
- Use of unsafe functions (CWE-416)
- Use of unchecked array access (CWE-401)
- Use of incorrect string termination (CWE-104)
- Use of incorrect string comparison (CWE-653)
- Use of incorrect string functions (CWE-688)
- Use of incorrect modifiers (CWE-653)
- Use of incorrect operations (CWE-656)
- Use of incorrect types (CWE-688)
- Use of redundant checks (CWE-561)
- Use of unsafe functions (CWE-416)
- Use of unchecked array access (CWE-401)
- Use of incorrect string termination (CWE-104)
- Use of incorrect string comparison (CWE-653)
- Use of incorrect string functions (CWE-688)
- Use of incorrect modifiers (
For troubleshooting, visit: https://python.langchain.com/docs/troubleshooting/errors/OUTPUT_PARSING_FAILURE , falling back to strict parser
JSON parsing failed: Invalid json output: - Weak encryption (CWE-311)
- Insecure random number generation (CWE-330)
- Improper error handling (CWE-117)
- Insecure string handling (CWE-131)
- Insecure file operations (CWE-416)
- Insecure library usage (CWE-673)
- Insecure inter-process communication (CWE-241)
- Insecure resource management (CWE-415)
- Insecure .NET code (CWE-272)
- Insecure Java code (CWE-280)
- Insecure C/C++ code (CWE-131, etc.)
- Insecure network operations (CWE-311, etc.)

Looking at the code, the main function is `__neigh_notify`, which creates a sk_buff, fills it with data, and then sends it using rtnl_notify.

First, let's analyze the code step by step.

1. The function starts by getting the net structure from the neighbour's device.
2. It then creates a new sk_buff using `nlmsg_new(neigh_nlmsg_size(), GFP_ATOMIC)`. If this fails, it goes to the error handling.
3. It then calls `neigh_fill_info` to fill in the information into the sk_buff. If this function returns an error, it checks if the error is -EMSGSIZE and warns, then frees the sk_buff and goes to the error label.
4. If everything is filled correctly, it calls `rtnl_notify` to send the message.
5. On error, it calls `rtnl_set_sk_err` to set the error on the socket.

Looking for potential issues:

- **Memory Management**: The code uses GFP_ATOMIC when creating the sk_buff. If the system is under memory pressure, this could cause a memory allocation failure, leading to a buffer overflow or other memory issues. However, the code checks for `skb == NULL` and handles it, so maybe this isn't the main issue.

- **Error Handling**: The code has some error handling, but perhaps it's not comprehensive. For example, if `neigh_fill_info` returns an error other than -EMSGSIZE, the code doesn't handle it properly. This could lead to unhandled errors, but I'm not sure if that's a CWE.

- **Input Validation**: The function doesn't seem to validate the input parameters passed to it. For instance, the `type` and `flags` parameters could potentially be manipulated or passed incorrectly, leading to issues
For troubleshooting, visit: https://python.langchain.com/docs/troubleshooting/errors/OUTPUT_PARSING_FAILURE , falling back to strict parser
JSON parsing failed: Invalid json output: - Weak encryption (CWE-261)
- Insecure random number generation (CWE-330)
- Improper input handling (CWE-369)
- Uninitialized variables (CWE-457)
- Integer overflow (CWE-191, CWE-200)
- Race conditions (CWE-362)
- Weaknesses in the use of unsigned vs signed integers (CWE-655)
- Use of goto statements (CWE-476)
- Use of function pointers (CWE-482)
- Use of dynamic memory management (CWE-401)
- Use of static data (CWE-451)
- Use of unsafe functions (CWE-366)
- Use of external control structures (CWE-601)
- Use of external libraries (CWE-670)
- Use of system calls (CWE-327)
- Use of environment variables (CWE-601)
- Use of temporary variables (CWE-401)
- Use of user input (CWE-601)
- Use of untrusted data (CWE-601)
- Use of unvalidated data (CWE-601)
- Use of unchecked data (CWE-601)
- Use of untrusted libraries (CWE-601)
- Use of unvalidated pointers (CWE-601)
- Use of unchecked pointers (CWE-601)
- Use of uninitialized memory (CWE-457)
- Use of unsafe functions (CWE-366)
- Use of external control (CWE-601)
- Use of external libraries (CWE-670)
- Use of system calls (CWE-327)
- Use of environment variables (CWE-601)
- Use of temporary variables (CWE-401)
- Use of user input (CWE-601)
- Use of untrusted data (CWE-601)
- Use of unvalidated data (CWE-601)
- Use of unchecked data (CWE-601)
- Use of untrusted libraries (CWE-601)
- Use of unvalidated pointers (CWE-601)
- Use of unchecked pointers (CWE-601)
- Use of uninitialized memory (CWE-457)
- Use of unsafe functions (CWE-366)
- Use of external control (CWE-601)
- Use of external libraries (CWE-670)
- Use of system calls (CWE-327)
- Use of environment variables (CWE-601)
- Use of temporary variables (CWE-401)
- Use
For troubleshooting, visit: https://python.langchain.com/docs/troubleshooting/errors/OUTPUT_PARSING_FAILURE , falling back to strict parser
JSON parsing failed: Invalid json output: - Weak random number generation (CWE-601)
- Insecure use of crypto (CWE-338)
- Integer overflow (CWE-191)
- Weaknesses in the use of unsigned vs signed integers (CWE-682)
- Use of goto statements (CWE-561)
- Use of function pointers (CWE-482)
- Use of dynamic memory management (CWE-401)
- Use of static buffers (CWE-400)
- Use of unsafe functions (CWE-798)
- Use of external control structures (CWE-601)
- Use of unchecked conversions (CWE-571)
- Use of resource management (CWE-400)
- Use of incorrect types (CWE-682)
- Use of pointer arithmetic (CWE-119)
- Use of uninitialized variables (CWE-400)
- Use of race conditions (CWE-362)
- Use of resource leaks (CWE-400)
- Use of incorrect string termination (CWE-104)
- Use of incorrect string length (CWE-191)
- Use of incorrect string functions (CWE-116)
- Use of format string vulnerabilities (CWE-686)
- Use of weak hashing (CWE-601)
- Use of insecure random number generation (CWE-601)
- Use of incorrect file operations (CWE-22)
- Use of incorrect file permissions (CWE-22)
- Use of incorrect file system operations (CWE-22)
- Use of incorrect network operations (CWE-22)
- Use of incorrect system calls (CWE-22)
- Use of incorrect system library functions (CWE-22)
- Use of incorrect inter-process communication (CWE-22)
- Use of incorrect inter-process communication (CWE-22)
- Use of incorrect resource management (CWE-400)
- Use of incorrect resource release (CWE-400)
- Use of incorrect resource ownership (CWE-400)
- Use of incorrect resource handling (CWE-400)
- Use of incorrect resource locks (CWE-400)
- Use of incorrect resource sharing (CWE-400)
- Use of incorrect resource allocation (CWE-400)
- Use of incorrect resource deallocation (CWE-400)
- Use of incorrect resource management (CWE-400)
- Use of incorrect resource release (CWE-400)
- Use of incorrect resource ownership (CWE-400)
- Use of incorrect resource handling (CWE-400)
For troubleshooting, visit: https://python.langchain.com/docs/troubleshooting/errors/OUTPUT_PARSING_FAILURE , falling back to strict parser
JSON parsing failed: Invalid json output: - Weak hashing (CWE-157)
- Insecure random number generation (CWE-327)
- Improper error handling (CWE-400, 401, 476)
- Integer overflow (CWE-191, 199, 200)
- Weaknesses in API design (CWE-58, 59)
- Missing authentication (CWE-307)
- Insecure use of public functions (CWE-330)
- Use of unsafe functions (CWE-366)
- Use of insecure functions (CWE-327)
- Weaknesses in inter-process communication (CWE-269)
- Weaknesses in resource management (CW-)
- Weaknesses in configuration management (CWE-312)
- Weaknesses in data validation (CWE-20, 190)
- Weaknesses in file handling (CWE-22, 414)
- Weaknesses in network protocols (CWE-16, 17, 18, 19, 20, 22, 23, 24, 25, 26, 27, 28, 29, 30, 31, 32, 33, 34, 35, 36, 37, 38, 39, 40, 41, 42, 43, 44, 45, 46, 47, 48, 49, 50, 51, 52, 53, 54, 55, 56, 57, 58, 59, 60, 61, 62, 63, 64, 65, 66, 67, 68, 69, 70, 71, 72, 73, 74, 75, 76, 77, 78, 79, 80, 81, 82, 83, 84, 85, 86, 87, 88, 89, 90, 91, 92, 93, 94, 95, 96, 97, 98, 99, 100, 101, 102, 103, 104, 105, 106, 107, 108, 109, 110, 111, 112, 113, 114, 115, 116, 117, 118, 119, 120, 121, 122,
For troubleshooting, visit: https://python.langchain.com/docs/troubleshooting/errors/OUTPUT_PARSING_FAILURE , falling back to strict parser
JSON parsing failed: Invalid json output: - Weak hashing (CWE-157)
- Insecure random number generation (CWE-601)
- Insecure string handling (CWE-116, CWE-117)
- Integer overflow (CWE-191, CWE-199)
- Weak encryption (CWE-261)
- Insecure file operations (CWE-416)
- Insecure library usage (CWE-673)
- Insecure resource management (CWE-415)
- Insecure network operations (CWE-311)
- Insecure use of function output (CWE-20, 129)
- Missing input validation (CWE-20, 36)
- Weak authentication (CWE-612)
- Insecure use of dynamic languages (CWE-133, 134)
- Insecure use of static languages (CWE-190)
- Insecure use of external libraries (CWE-673)
- Insecure use of system functions (CWE-416)
- Insecure use of file operations (CWE-416)
- Insecure use of network functions (CWE-311)
- Insecure use of resource management (CWE-415)
- Insecure use of static data (CWE-119)
- Insecure use of dynamic data (CWE-20)
- Insecure use of function arguments (CWE-20)
- Insecure use of function return values (CWE-20)
- Insecure use of variable assignments (CWE-20)
- Insecure use of variable storage (CWE-20)
- Insecure use of variable types (CWE-20)
- Insecure use of resource management (CWE-415)
- Insecure use of resource locks (CWE-415)
- Insecure use of resource sharing (CWE-415)
- Insecure use of resource allocation (CWE-415)
- Insecure use of resource deallocation (CWE-415)
- Insecure use of resource handling (CWE-415)
- Insecure use of resource locks (CWE-415)
- Insecure use of resource sharing (CWE-415)
- Insecure use of resource allocation (CWE-415)
- Insecure use of resource deallocation (CPE-415)
- Insecure use of resource handling (CWE-415)
- Insecure use of resource locks (CWE-415)
- Insecure use of resource sharing (CWE-415)
- Insecure use of resource allocation (CWE-415)
- In
For troubleshooting, visit: https://python.langchain.com/docs/troubleshooting/errors/OUTPUT_PARSING_FAILURE , falling back to strict parser
JSON parsing failed: Invalid json output: - Weak hashing (CWE-157)
- Insecure random number generation (CWE-601)
- Insecure string handling (CWE-116, CWE-117)
- Insecure file operations (CWE-361)
- Insecure library usage (CLe-XX)
- Insecure network operations (CWE-311)
- Insecure resource management (CWE-415)
- Insecure usage of function (CWE-416)
- Insecure usage of variable (CWE-400)
- Insecure usage of integer (CWE-367)
- Insecure usage of pointer (CWE-823)
- Insecure usage of resource (CWE-400)
- Insecure usage of temporary variable (CWE-601)
- Insecure usage of thread-local storage (CWE-805)
- Insecure usage of shared memory (CWE-801)
- Insecure usage of signal (CWE-798)
- Insecure usage of socket (CWE-327)
- Insecure usage of file descriptor (CWE-330)
- Insecure usage of pipe (CWE-496)
- Insecure usage of device (CWE-498)
- Insecure usage of system call (CWE-327)
- Insecure usage of system function (CWE-327)
- Insecure usage of system library (CWE-327)
- Insecure usage of system resource (CWE-327)
- Insecure usage of system socket (CWE-327)
- Insecure usage of system pipe (CWE-496)
- Insecure usage of system device (CWE-498)
- Insecure usage of system function (CWE-327)
- Insecure usage of system library (CWE-327)
- Insecure usage of system resource (CWE-327)
- Insecure usage of system socket (CWE-327)
- Insecure usage of system pipe (CWE-496)
- Insecure usage of system device (CWE-498)
- Insecure usage of system function (CWE-327)
- Insecure usage of system library (CWE-327)
- Insecure usage of system resource (CWE-327)
- Insecure usage of system socket (CWE-327)
- Insecure usage of system pipe (CWE-496)
- Insecure usage of system device (CWE-498)
- Insecure usage of system function (CWE-327)
- Insecure usage of system library (CWE-
For troubleshooting, visit: https://python.langchain.com/docs/troubleshooting/errors/OUTPUT_PARSING_FAILURE , falling back to strict parser
JSON parsing failed: Invalid json output: - Weak encryption (CWE-311)
- Insecure random number generation (CWE-330)
- Improper error handling (CWE-400, 401, 476)
- Race conditions (CWE-362)
- Resource management issues (CWE-401, 476)
- Use after free (CWE-401, 476)
- Integer overflows (CWE-191, 377)
- Weaknesses in API design (CWE-484)
- Insecure string handling (CWE-119, 787)
- Insecure file operations (CWE-798)
- Insecure library usage (CWE-673)
- Insecure inter-process communication (CWE-269)
- Insecure resource sharing (CWE-259)
- Insecure usage of function result (CWE-823)
- Insecure usage of dynamic languages (CWE-367)
- Insecure usage of static languages (CWE-416)
- Insecure usage of external libraries (CWE-673)
- Insecure usage of system calls (CWE-798)
- Insecure usage of network functions (CWE-311, 200)
- Insecure usage of storage functions (CWE-798)
- Insecure usage of concurrency (CWE-362)
- Insecure usage of resource locks (CWE-480)
- Insecure usage of resource sharing (CWE-259)
- Insecure usage of resource management (CWE-476)
- Insecure usage of file operations (CWE-798)
- Insecure usage of network functions (CWE-311, 200)
- Insecure usage of storage functions (CWE-798)
- Insecure usage of system functions (CWE-798)
- Insecure usage of resource management (CWE-476)
- Insecure usage of concurrency (CWE-362)
- Insecure usage of locks (CWE-480)
- Insecure usage of shared variables (CWE-601)
- Insecure usage of static variables (CWE-601)
- Insecure usage of dynamic variables (CWE-601)
- Insecure usage of function arguments (CWE-601)
- Insecure usage of return values (CWE-601)
- Insecure usage of temporary variables (CWE-601)
- Insecure usage of variable assignments (CWE-601)
- Insecure usage of variable initializations (CWE-601)
- Insecure usage of variable storage (CWE-601
For troubleshooting, visit: https://python.langchain.com/docs/troubleshooting/errors/OUTPUT_PARSING_FAILURE , falling back to strict parser
JSON parsing failed: Invalid json output: - Weak encryption (CWE-257)
- Insecure random number generation (CWE-330)
- Insecure string handling (CWE-131, CWE-134)
- Insecure file operations (CWE-36, CWE-47, CWE-384)
- Insecure library usage (CWE-378)
- Insecure resource management (CWE-415, CWE-400)
- Insecure network operations (CWE-311)
- Insecure usage of system functions (CWE-327, CWE-327)
- Insecure use of flags (CWE-681)
- Insecure use of static data (CWE-653)
- Insecure use of pointers (CWE-670, CWE-798)
- Insecure use of variables (CWE-672)
- Insecure use of resource locks (CWE-691)
- Insecure use of resource pools (CWE-692)
- Insecure use of shared memory (CWE-694)
- Insecure use of signals (CFS-36)
- Insecure use of system calls (CWE-327)
- Insecure use of temporary files (CWE-644)
- Insecure use of user-space memory (CWE-416)
- Insecure use of user-space pointers (CWE-670)
- Insecure use of user-space strings (CWE-131, CWE-134)
- Insecure use of user-space integers (CWE-327)
- Insecure use of user-space booleans (CWE-327)
- Insecure use of user-space arrays (CWE-327)
- Insecure use of user-space structures (CWE-327)
- Insecure use of user-space function pointers (CWE-327)
- Insecure use of user-space memory (CWE-416)
- Insecure use of user-space integers (CWE-327)
- Insecure use of user-space strings (CWE-131, CWE-134)
- Insecure use of user-space pointers (CWE-670)
- Insecure use of user-space memory (CWE-416)
- Insecure use of user-space integers (CWE-327)
- Insecure use of user-space strings (CWE-131, CWE-134)
- Insecure use of user-space pointers (CWE-670)
- Insecure use of user-space memory (CWE-416)
- Insecure use of user-space integers (CWE-327)
- Insecure use of user-space
For troubleshooting, visit: https://python.langchain.com/docs/troubleshooting/errors/OUTPUT_PARSING_FAILURE , falling back to strict parser
2025-10-03 16:02:48,005 - job_deepseek_database_leakagefree_1759520736 - INFO - Task rank_cwe: 90/103 commits processed
JSON parsing failed: Invalid json output: - Weak encryption (CWE-261)
- Race conditions (CWE-362)
- Improper handling of nulls (CWE-690)
- Resource management issues (CWE-400, 401, 415)
- Insecure use of random functions (CWE-330)
- Insecure use of external libraries (CWE-601)
- Insecure use of file operations (CWE-116, 117)
- Insecure use of network functions (CWE-117, 118)
- Insecure use of storage functions (CWE-116, 119)
- Insecure use of concurrency controls (CWE-653)
- Insecure use of collection operations (CWE-400, 401)
- Insecure use of data format (CWE-117, 118, 119)
- Insecure use of cryptographic functions (CWE-338, 339)
- Insecure use of resource management (CWE-400, 401)
- Insecure use of resource locks (CWE-653)
- Insecure use of resource sharing (CWE-653)
- Insecure use of resource allocation (CWE-400, 401)
- Insecure use of resource deallocation (CWE-400, 401)
- Insecure use of resource initialization (CWE-400, 401)
- Insecure use of resource termination (CWE-400, 401)
- Insecure use of resource management in callbacks (CWE-400, 401)
- Insecure use of resource management in conditionals (CWE-400, 401)
- Insecure use of resource management in loops (CWE-400, 401)
- Insecure use of resource management in resource management (CWE-400, 401)
- Insecure use of resource management in resource operations (CWE-400, 401)
- Insecure use of resource management in resource transfers (CWE-400, 401)
- Insecure use of resource management in resource tracking (CWE-400, 401)
- Insecure use of resource management in resource verification (CWE-400, 401)
- Insecure use of resource management in resource waits (CWE-400, 401)
- Insecure use of resource management in resource releases (CWE-400, 401)
- Insecure use of resource management in resource signals (CWE-400, 401)
- Insecure use of resource management in resource signals (CWE
For troubleshooting, visit: https://python.langchain.com/docs/troubleshooting/errors/OUTPUT_PARSING_FAILURE , falling back to strict parser
JSON parsing failed: Invalid json output: - Weak encryption (CWE-311)
- Insecure random number generation (CWE-330)
- Improper error handling (CWE-400, 401, 476)
- Race conditions (CWE-362, 365)
- Resource management issues (CWE-415, 407)
- Insecure temporary files (CWE-644)
- Integer overflows (CWE-191, 377)
- Weaknesses in inter-process communication (CWE-384)
- Insecure use of function output (CWE-20, 190)
- Insecure use of dynamic languages (CWE-327)
- Insecure use of libraries (CWE-330)
- Insecure use of web frameworks (CWE-352)
- Insecure use of network protocols (CWE-311, 22, 79)
- Insecure use of compression (CWE-493)
- Insecure use of version control systems (CWE-117)
- Weaknesses in authentication (CWE-307, 312)
- Weaknesses in session management (CWE-352)
- Weaknesses in configuration management (CWE-312)
- Weaknesses in data validation (CWE-20, 190)
- Weaknesses in resource management (CWE-415, 407)
- Weaknesses in concurrency (CWE-362, 365)
- Weaknesses in time management (CWE-366)
- Weaknesses in logging (CWE-364)
- Weaknesses in static analysis (CWE-118)
- Weaknesses in code quality (CWE-116)
- Weaknesses in resource leaks (CWE-401)
- Weaknesses in exception handling (CWE-400)
- Weaknesses in input validation (CWE-20, 190)
- Weaknesses in output validation (CWE-20, 190)
- Weaknesses in data transformation (CWE-20, 190)
- Weaknesses in resource management (CWE-415, 407)
- Weaknesses in inter-process communication (CWE-384)
- Weaknesses in network protocols (CWE-311, 22, 79)
- Weaknesses in cryptographic implementations (CWE-311)
- Weaknesses in resource management (CWE-415, 407)
- Weaknesses in resource leaks (CWE-401)
- Weaknesses in exception handling (
For troubleshooting, visit: https://python.langchain.com/docs/troubleshooting/errors/OUTPUT_PARSING_FAILURE , falling back to strict parser
JSON parsing failed: Invalid json output: - Weak encryption (CWE-311)
- Insecure random number generation (CWE-330)
- Integer overflow (CWE-191, CWE-199)
- Race conditions (CWE-362)
- Insecure string handling (CWE-119, CWE-134)
- Weaknesses in inter-process communication (CWE-118)
- Insecure use of function output (CWE-119, CWE-134)
- Insecure use of dynamic languages (CWE-327)
- Insecure use of libraries (CWE-352)
- Insecure use of file operations (CWE-22, CWE-48)
- Insecure use of network functions (CWE-22, CWE-352)
- Insecure use of system functions (CWE-22, CWE-352)
- Insecure use of storage functions (CWE-22, CWE-352)
- Insecure use of concurrency controls (CWE-362)
- Insecure use of resource locks (CWE-362)
- Insecure use of timers (CWE-362)
- Insecure use of signal handlers (CWE-362)
- Insecure use of exception handling (CWE-362)
- Insecure use of resource management (CWE-362)
- Insecure use of resource allocation (CWE-362)
- Insecure use of resource locks (CWE-362)
- Insecure use of resource sharing (CWE-362)
- Insecure use of resource management (CWE-362)
- Insecure use of resource allocation (CWE-362)
- Insecure use of resource locks (CWE-362)
- Insecure use of resource sharing (CWE-362)
- Insecure use of resource management (CWE-362)
- Insecure use of resource allocation (CWE-362)
- Insecure use of resource locks (CWE-362)
- Insecure use of resource sharing (CWE-362)
- Insecure use of resource management (CWE-362)
- Insecure use of resource allocation (CWE-362)
- Insecure use of resource locks (CWE-362)
- Insecure use of resource sharing (CWE-362)
- Insecure use of resource management (CWE-362)
- Insecure use of resource allocation (CWE-362)
- Insecure use of resource locks (CWE-362)
- Insecure use of resource sharing (CWE-362)
- Insecure use of resource
For troubleshooting, visit: https://python.langchain.com/docs/troubleshooting/errors/OUTPUT_PARSING_FAILURE , falling back to strict parser
JSON parsing failed: Invalid json output: - Weak random number generation (CWE-601)
- Insecure use of crypto (CWE-338)
- Insecure use of function (CWE-587)
- Insecure use of storage (CWE-330)
- Insecure use of integer (CWE-367)
- Insecure use of shift (CWE-823)
- Insecure use of bitwise operations (CWE-823)
- Insecure use of string functions (CWE-116, CWE-117)
- Insecure use of file operations (CWE-330)
- Insecure use of network functions (CWE-327)
- Insecure use of process and system calls (CWE-416)
- Insecure use of resource management (CWE-400)
- Insecure use of timing (CWE-601)
- Insecure use of concurrency (CWE-653)
- Insecure use of container (CWE-131)
- Insecure use of data format (CWE-932)
- Insecure use of data validation (CWE-369)
- Insecure use of resource limits (CWE-400)
- Insecure use of file descriptors (CWE-330)
- Insecure use of shared memory (CWE-330)
- Insecure use of locks (CWE-330)
- Insecure use of semaphores (CWE-330)
- Insecure use of pipes (CWE-330)
- Insecure use of signals (CWE-330)
- Insecure use of system calls (CWE-330)
- Insecure use of environment variables (CWE-330)
- Insecure use of local variables (CWE-330)
- Insecure use of static variables (CWE-330)
- Insecure use of recursion (CWE-330)
- Insecure use of function arguments (CWE-330)
- Insecure use of return values (CWE-330)
- Insecure use of exit conditions (CWE-330)
- Insecure use of exception handling (CWE-330)
- Insecure use of signal handling (CWE-330)
- Insecure use of thread safety (CWE-330)
- Insecure use of race conditions (CWE-330)
- Insecure use of resource locks (CWE-330)
- Insecure use of resource sharing (CWE-330)
- Insecure use of resource allocation (CWE-330)
- Insecure use of resource deallocation (CWE-
For troubleshooting, visit: https://python.langchain.com/docs/troubleshooting/errors/OUTPUT_PARSING_FAILURE , falling back to strict parser
JSON parsing failed: Invalid json output: - Weak encryption (CWE-311)
- Insecure random number generation (CWE-330)
- Insecure string handling (CWE-131, CWE-134)
- Insecure file operations (CWE-22, CWE-47, CWE-48)
- Insecure library usage (CWE-673, CWE-676)
- Insecure resource management (CFS)
- Insecure network operations (CFS)
- Insecure inter-process communication (CFS)
- Insecure usage of crypto functions (CWE-327, CWE-331)
- Insecure usage of external libraries (CWE-673, CWE-676)
- Insecure usage of system functions (CWE-758, etc.)
- Insecure usage of environment variables (CWE-601)
- Insecure usage of temporary files (CWE-570)
- Insecure usage of shared memory (CWE-798)
- Insecure usage of signals (CWE-798)
- Insecure usage of timers (CFS)
- Insecure usage of file descriptors (CWE-758)
- Insecure usage of pipes (CFS)
- Insecure usage of sockets (CFS)
- Insecure usage of threads (CWE-601)
- Insecure usage of locks (CWE-601)
- Insecure usage of semaphores (CWE-601)
- Insecure usage of message queues (CFS)
- Insecure usage of shared memory (CFS)
- Insecure usage of memory management units (CFS)
- Insecure usage of context switches (CFS)
- Insecure usage of interrupt handling (CFS)
- Insecure usage of exception handling (CWE-758)
- Insecure usage of resource limits (CWE-758)
- Insecure usage of file system operations (CWE-22, etc.)
- Insecure usage of system calls (CWE-758)
- Insecure usage of library functions (CWE-758)
- Insecure usage of network functions (CWE-758)
- Insecure usage of I/O functions (CWE-758)
- Insecure usage of process management functions (CWE-758)
- Insecure usage of signal handling (CWE-758)
- Insecure usage of system functions (CWE-758)
- Insecure usage of environment variables (CWE-758)
- Insecure usage of temporary files (CFS)
- Insecure usage of file descriptors (CFS)
- Insecure usage of pipes (
For troubleshooting, visit: https://python.langchain.com/docs/troubleshooting/errors/OUTPUT_PARSING_FAILURE , falling back to strict parser
JSON parsing failed: Invalid json output: - Weak random number generation (CWE-601)
- Insecure use of random numbers (CWE-327)
- Insecure use of encryption (CWE-338)
- Insecure use of compression (CWE-337)
- Insecure use of resource management (CWE-400)
- Insecure use of file operations (CWE-416)
- Insecure use of network operations (CWE-311)
- Insecure use of data format (CWE-117)
- Insecure use of string functions (CWE-116)
- Insecure use of integer operations (CWE-369)
- Insecure use of bitwise operations (CWE-570)
- Insecure use of shift operations (CWE-571)
- Insecure use of arithmetic operations (CWE-572)
- Insecure use of resource locks (CWE-400)
- Insecure use of shared resources (CWE-400)
- Insecure use of race conditions (CWE-362)
- Insecure use of time functions (CWE-366)
- Insecure use of concurrency controls (CWE-362)
- Insecure use of container types (CWE-400)
- Insecure use of collection types (CWE-400)
- Insecure use of resource allocation (CWE-400)
- Insecure use of exception handling (CWE-400)
- Insecure use of logging (CWE-400)
- Insecure use of debugging (CWE-400)
- Insecure use of signal handling (CWE-400)
- Insecure use of file operations (CWE-416)
- Insecure use of directory traversal (CWE-22)
- Insecure use of path traversal (CWE-22)
- Insecure use of file access (CWE-416)
- Insecure use of file permissions (CWE-416)
- Insecure use of file operations (CWE-416)
- Insecure use of file descriptors (CWE-416)
- Insecure use of file locks (CWE-416)
- Insecure use of file system (CWE-416)
- Insecure use of IPC (CWE-311)
- Insecure use of pipes (CWE-311)
- Insecure use of sockets (CWE-311)
- Insecure use of system calls (CWE-311)
- Insecure use of system functions (CWE-311)
- Insecure use of library functions (CWE-311)
-
For troubleshooting, visit: https://python.langchain.com/docs/troubleshooting/errors/OUTPUT_PARSING_FAILURE , falling back to strict parser
JSON parsing failed: Invalid json output: - Weak encryption (CWE-261)
- Insecure random number generation (CWE-330)
- Missing validation (CWE-269)
- Incorrect handling of null (CWE-457)
- Use after free (CWE-401)
- Race conditions (CWE-362)
- Insecure string handling (CWE-116, CWE-117)
- Insecure file operations (CWE-798)
- Insecure library usage (CWE-673)
- Insecure API usage (CWE-798)
- Insecure resource management (CPI-117)
- Insecure network operations (CWE-311)
- Insecure storage operations (CWE-798)
- Insecure inter-process communication (CWE-798)
- Insecure use of function (CWE-587)
- Insecure use of variable (CWE-400)
- Insecure use of array (CWE-601)
- Insecure use of pointer (CWE-400)
- Insecure use of resource (CWE-798)
- Insecure use of shared resource (CWE-798)
- Insecure use of system (CWE-798)
- Insecure use of network (CWE-311)
- Insecure use of storage (CWE-798)
- Insecure use of inter-process communication (CWE-798)
- Insecure use of resource management (CWE-798)
- Insecure use of function (CWE-587)
- Insecure use of variable (CWE-400)
- Insecure use of array (CWE-601)
- Insecure use of pointer (CWE-400)
- Insecure use of resource (CWE-798)
- Insecure use of shared resource (CWE-798)
- Insecure use of system (CWE-798)
- Insecure use of network (CWE-311)
- Insecure use of storage (CWE-798)
- Insecure use of inter-process communication (CWE-798)
- Insecure use of resource management (CPI-117)
- Insecure use of function (CWE-587)
- Insecure use of variable (CWE-400)
- Insecure use of array (CWE-601)
- Insecure use of pointer (CWE-400)
- Insecure use of resource (CWE-798)
- Insecure use of shared resource (CWE-798)
- Insecure use of system (CWE-798)
- In
For troubleshooting, visit: https://python.langchain.com/docs/troubleshooting/errors/OUTPUT_PARSING_FAILURE , falling back to strict parser
JSON parsing failed: Invalid json output: - Weak encryption (CWE-601)
- Insecure random number generation (CWE-601)
- Insecure usage of function (CWE-777)
- Incorrect handling of null (CWE-476)
- Incorrect handling of unsigned/signed integers (CWE-655)
- Incorrect handling of boolean values (CWE-601)
- Incorrect handling of shifts (CWE-823)
- Incorrect handling of bitwise operations (CWE-823)
- Incorrect handling of string concatenation (CWE-601)
- Incorrect handling of floating point (CWE-655)
- Incorrect handling of integer division (CWE-655)
- Incorrect handling of division by zero (CWE-477)
- Incorrect handling of arithmetic operations (CWE-655)
- Incorrect handling of comparison to null (CWE-476)
- Incorrect handling of comparison to zero (CWE-477)
- Incorrect handling of comparison to a constant (CWE-478)
- Incorrect handling of logical operations (CWE-655)
- Incorrect handling of bitwise operations (CWE-823)
- Incorrect handling of shifts (CWE-823)
- Incorrect handling of function return values (CWE-476)
- Incorrect handling of function arguments (CWE-476)
- Incorrect handling of function exit status (CWE-476)
- Incorrect handling of function calls (CWE-476)
- Incorrect handling of global variables (CWE-601)
- Incorrect handling of static variables (CWE-601)
- Incorrect handling of dynamic memory allocation (CWE-601)
- Incorrect handling of memory deallocation (CWE-601)
- Incorrect handling of memory leaks (CWE-401)
- Incorrect handling of multiple threads (CWE-601)
- Incorrect handling of race conditions (CWE-601)
- Incorrect handling of locks (CWE-601)
- Incorrect handling of semaphores (CWE-601)
- Incorrect handling of shared memory (CWE-601)
- Incorrect handling of signals (CWE-601)
- Incorrect handling of timers (CWE-601)
- Incorrect handling of I/O operations (CWE-601)
- Incorrect handling of file operations (CWE-601)
- Incorrect handling of network operations (CWE-601)
- Incorrect handling of database operations (CWE-601)
- Incorrect handling of cryptography (CWE-601)
- Incorrect handling of error handling (CWE-601)
- Incorrect handling of exception handling (CWE-601)
- Incorrect handling of
For troubleshooting, visit: https://python.langchain.com/docs/troubleshooting/errors/OUTPUT_PARSING_FAILURE , falling back to strict parser
JSON parsing failed: Invalid json output: - Weak encryption (CWE-311)
- Insecure random number generation (CWE-330)
- Race conditions (CWE-362)
- Improper handling of nulls (CWE-400)
- Insecure temporary files (CWE-259)
- Insecure string handling (CWI: CWE-119, etc.)
- Use after free (CWE-401)
- Insecure usage of function output (CWE-20, etc.)
- Weaknesses in resource management (CWE-415, etc.)
- Insecure usage of dynamic languages (CWE-367)
- Insecure usage of static languages (CWE-398)
- Insecure usage of external libraries (CWE-399)
- Insecure usage of system calls (CWE-377)
- Weaknesses in authentication (CWE-312)
- Weaknesses in session management (CWE-613)
- Weaknesses in configuration management (CWE-694)
- Weaknesses in resource management (CWE-415)
- Weaknesses in data validation (CWE-690)
- Weaknesses in file handling (CWE-414)
- Weaknesses in network protocols (CWE-691)
- Weaknesses in resource leaks (CWE-401)
- Weaknesses in concurrency (CWE-367)
- Weaknesses in containerized environments (CWE-1311)
- Weaknesses in logging (CWE-1322)
- Weaknesses in cryptography (CWE-310)
- Weaknesses in resource management (CWE-415)
- Weaknesses in input validation (CWE-20)
- Weaknesses in output validation (CWE-269)
- Weaknesses in resource management (CWE-415)
- Weaknesses in resource management (CWE-415)
- Weaknesses in resource management (CWE-415)
- Weaknesses in resource management (CWE-415)
- Weaknesses in resource management (CWE-415)
- Weaknesses in resource management (CWE-415)
- Weaknesses in resource management (CWE-415)
- Weaknesses in resource management (CWE-415)
- Weaknesses in resource management (CWE-415)
- Weaknesses in resource management (CWE-415)
- Weaknesses in resource management (CWE-415)
- Weaknesses in resource management (CWE-415)
-
For troubleshooting, visit: https://python.langchain.com/docs/troubleshooting/errors/OUTPUT_PARSING_FAILURE , falling back to strict parser
JSON parsing failed: Invalid json output: - Weak random number generation (CWE-601)
- Insecure use of crypto (CWE-653)
- Insecure use of storage (CWE-798)
- Insecure use of function (CWE-587)
- Insecure use of file operations (CWE-798)
- Insecure use of library functions (CWE-676)
- Insecure use of system calls (CWE-116)
- Insecure use of network functions (CWE-397)
- Insecure use of resource management (CWE-400)
- Insecure use of resource locks (CWE-117)
- Insecure use of concurrency (CWE-798)
- Insecure use of container (CWE-1311)
- Insecure use of data format (CWE-653)
- Insecure use of string functions (CWE-116)
- Insecure use of integer functions (CWE-758)
- Insecure use of bitwise operations (CWE-798)
- Insecure use of resource allocation (CWE-400)
- Insecure use of resource deallocation (CWE-401)
- Insecure use of resource sharing (CWE-798)
- Insecure use of resource locks (CWE-117)
- Insecure use of resource management (CWE-400)
- Insecure use of resource allocation (CWE-400)
- Insecure use of resource deallocation (CWE-401)
- Insecure use of resource sharing (CWE-798)
- Insecure use of resource locks (CWE-117)
- In CWE-400, which is "Insecure Use of Resource Management" which includes resource leaks.

Looking at the code, I need to find the most likely vulnerabilities.

First, I'll examine the function `ef100_process_design_param` which reads from a TLV state reader. It processes various design parameters and sets some configuration variables.

Looking for possible issues:

1. **Buffer Overflow (CWE-119, 787, 125):** The function reads `reader->value` which is a u64. If this value is not properly bounded, it could cause issues. For example, in the case of `ESE_EF100_DP_GZ_TSO_MAX_HDR_NUM_SEGS`, it checks if `reader->value` is greater than `EFX_MIN_DMAQ_SIZE` but doesn't check for negative values. However, since `reader->value` is a u64, it's likely unsigned, so negative checks
For troubleshooting, visit: https://python.langchain.com/docs/troubleshooting/errors/OUTPUT_PARSING_FAILURE , falling back to strict parser
2025-10-03 16:04:42,111 - job_deepseek_database_leakagefree_1759520736 - INFO - Task rank_cwe: 100/103 commits processed
JSON parsing failed: Invalid json output: - Weak encryption (CWE-601)
- Insecure random number generation (CWE-601)
- Insecure string handling (CWE-119, CWE-134)
- Integer overflow (CWE-191, CWE-200)
- Weaknesses in resource management (CWE-400, 401, 476)
- Insecure API usage (CWE-732)
- Weaknesses in authentication (CWE-307, 311, 312)
- Weaknesses in the code's use of Go's unsafe pointer (CWE-426)
- Weaknesses in the code's use of Go's reflect (CWE-427)
- Weaknesses in the code's use of Go's runtime (CWE-428)
- Weaknesses in the code's use of Go's time (CWE-429)
- Weaknesses in the code's use of Go's os (CWE-430)
- Weaknesses in the language-specific code (CWE-369, 380, 388)
- Weaknesses in the code's use of Go's testing (CWE-431)
- Weaknesses in the code's use of Go's testing (CWE-431)
- Weaknesses in the code's use of Go's testing (CWE-431)
- Weaknesses in the code's use of Go's testing (CWE-431)
- Weaknesses in the code's use of Go's testing (CWE-431)

Looking at the code, I need to find potential vulnerabilities.

First, the code is in Go, but the provided snippet is in C. Wait, no, the code is in C, but it's part of a Go project? Or is it a C file in a Go project? Hmm, perhaps it's a C implementation used within a Go project, but the code itself is in C.

Looking at the code, it's a function called build_prologue in a C file. The function is part of the Just-In-Time (JIT) compilation for BPF. It's adjusting the stack and emitting instructions.

Looking for potential vulnerabilities:

1. Stack adjustments: The code calculates stack_adjust by adding 8 bytes for each GPR (General Purpose Register) and then adding bpf_stack_adjust. It then emits instructions to save registers to the stack. The way stack adjustments are handled could potentially lead to buffer overflows if the stack size isn't properly managed.

2. Buffer overflows: The stack
For troubleshooting, visit: https://python.langchain.com/docs/troubleshooting/errors/OUTPUT_PARSING_FAILURE , falling back to strict parser
JSON parsing failed: Invalid json output: - Weak random number generation (CWE-601)
- Insecure use of random number generation (CWE-603)
- Insecure use of cipher block mode (CWE-327)
- Insecure use of cipher stream mode (CWE-326)
- Insecure use of public key (CWE-653)
- Insecure use of private key (CWE-654)
- Insecure use of secret key (CWE-655)
- Insecure use of a constant time comparison (CWE-601)
- Insecure use of a constant time comparison (CWE-601)
- Insecure use of a constant time comparison (CWE-601)
- Insecure use of a constant time comparison (CWE-601)
- Insecure use of a constant time comparison (CWE-601)
- Insecure use of a constant time comparison (CWE-601)
- Insecure use of a constant time comparison (CWE-601)
- Insecure use of a constant time comparison (CWE-601)
- Insecure use of a constant time comparison (CWE-601)
- Insecure use of a constant time comparison (CWE-601)
- Insecure use of a constant time comparison (CWE-601)
- Insecure use of a constant time comparison (CWE-601)
- Insecure use of a constant time comparison (CWE-601)
- Insecure use of a constant time comparison (CWE-601)
- Insecure use of a constant time comparison (CWE-601)
- Insecure use of a constant time comparison (CWE-601)
- Insecure use of a constant time comparison (CWE-601)
- Insecure use of a constant time comparison (CWE-601)
- Insecure use of a constant time comparison (CWE-601)
- Insecure use of a constant time comparison (CWE-601)
- Insecure use of a constant time comparison (CWE-601)
- Insecure use of a constant time comparison (CWE-601)
- Insecure use of a constant time comparison (CWE-601)
- Insecure use of a constant time comparison (CWE-601)
- Insecure use of a constant time comparison (CWE-601)
- Insecure use of a constant time comparison (CWE-601)
- Insecure use of a constant time comparison (CWE-601)
- Insecure use of a constant time comparison (CWE-601)
For troubleshooting, visit: https://python.langchain.com/docs/troubleshooting/errors/OUTPUT_PARSING_FAILURE , falling back to strict parser
JSON parsing failed: Invalid json output: - Weak encryption (CWE-311)
- Insecure random number generation (CWE-330)
- Insecure usage of function (CWE-416)
- Incorrect handling of null (CWE-400)
- Incorrect handling of error states (CWE-800)
- Race conditions (CWE-362)
- Insecure use of external libraries (CWE-327)
- Insecure use of file operations (CWE-36)
- Insecure use of network functions (CWE-311)
- Insecure use of storage functions (CWE-36)
- Insecure use of resource management (CWE-400)
- Insecure use of concurrency controls (CWE-362)
- Insecure use of collection operations (CWE-400)
- Insecure use of data format (CWE-20)
- Insecure use of string functions (CWE-116)
- Insecure use of integer functions (CWE-434)
- Insecure use of bitwise operations (CWE-570)
- Insecure use of logging (CWE-117)
- Insecure use of time functions (CWE-330)
- Insecure use of system functions (CWE-327)
- Insecure use of signal handling (CWE-399)
- Insecure use of exception handling (CWE-400)
- Insecure use of resource locks (CWE-362)
- Insecure use of inter-process communication (CWE-362)
- Insecure use of shared memory (CWE-362)
- Insecure use of memory management (CWE-400)
- Insecure use of file descriptors (CWE-36)
- Insecure use of pipes (CWE-36)
- Insecure use of sockets (CWE-311)
- Insecure use of environment variables (CWE-601)
- Insecure use of local storage (CWE-601)
- Insecure use of session management (CWE-352)
- Insecure use of cookies (CWE-601)
- Insecure use of authentication (CWE-312)
- Insecure use of authorization (CWE-312)
- Insecure use of cryptography (CWE-311)
- Insecure use of key management (CWE-311)
- Insecure use of secret management (CWE-311)
- Insecure use of random number generation (CWE-330)
- Insecure use of resource allocation (CWE-400)
- Insecure use of resource deallocation (C
For troubleshooting, visit: https://python.langchain.com/docs/troubleshooting/errors/OUTPUT_PARSING_FAILURE , falling back to strict parser
2025-10-03 16:05:16,392 - job_deepseek_database_leakagefree_1759520736 - INFO - Completed task: rank_cwe
2025-10-03 16:05:16,394 - job_deepseek_database_leakagefree_1759520736 - INFO - Job completed successfully
Job created: deepseek_database_leakagefree_1759520736
Status: completed
✅ database_deepseek_database_leakagefree.sqlite: CWE ranking completed successfully in 1192s
✅ Results copied back to original database
🔍 Validating output format...
✅ Generated 0 CWE rankings

🚀 Processing [4/16]: database_deepseek_database.sqlite
Fri Oct  3 04:05:23 PM EDT 2025: Starting CWE ranking...
Detected - Model: deepseek, Database: database
Full path: output/database_deepseek_database.sqlite
🔧 Ensuring no database conflicts for database_deepseek_database.sqlite...
🔧 Clearing GPU memory...
✅ GPU memory cleared
📝 Running: python main.py evaluate deepseek --database database --tasks rank_cwe
Working on: /tmp/database_deepseek_database.sqlite_3923759
Starting evaluation with model: deepseek
Running evaluation on database.sqlite...
Loading checkpoint shards:   0%|          | 0/2 [00:00<?, ?it/s]Loading checkpoint shards: 100%|██████████| 2/2 [00:00<00:00, 65.41it/s]
Device set to use cuda:0
Loading checkpoint shards:   0%|          | 0/2 [00:00<?, ?it/s]Loading checkpoint shards: 100%|██████████| 2/2 [00:00<00:00, 65.33it/s]
Device set to use cuda:0
2025-10-03 16:05:45,405 - job_deepseek_database_1759521942 - INFO - Starting task: rank_cwe
JSON parsing failed: Invalid json output: - Weak encryption (CWE-261)
- Insecure random number generation (CWE-330)
- Insecure string handling (CWE-131, CWE-134)
- Insecure file operations (CWE-22, CWE-48)
- Insecure library usage (CWE-673, CWE-732)
- Insecure resource usage (CWE-400)
- Insecure network operations (CWE-311, CWE-618)
- Insecure storage operations (CWE-416)
- Insecure usage of public functions (CWE-829)
- Insecure use of static data (CWE-805)
- Insecure use of dynamic data (CWE-803)
- Insecure use of external libraries (CWE-676)
- Insecure use of file descriptors (CWE-727)
- Insecure use of pipes (CWE-776)
- Insecure use of shared memory (CWE-798)
- Insecure use of signals (CWE-798)
- Insecure use of system calls (CWE-798)
- Insecure use of temporary files (CWE-798)
- Insecure use of user-space memory (CWE-798)
- Insecure use of user-space pointers (CWE-798)
- Insecure use of user-space strings (CWE-798)
- Insecure use of user-space integers (CWE-798)
- Insecure use of user-space arrays (CWE-798)
- Insecure use of user-space function pointers (CWE-798)
- Insecure use of user-space callbacks (CWE-798)
- Insecure use of user-space locks (CWE-798)
- Insecure use of user-space semaphores (CWE-798)
- Insecure use of user-space threads (CWE-798)
- Insecure use of user-space context (CWE-798)
- Insecure use of user-space variables (CWE-798)
- Insecure use of user-space bitwise operations (CWE-798)
- Insecure use of user-space arithmetic operations (CWE-798)
- Insecure use of user-space logical operations (CWE-798)
- Insecure use of user-space bitwise shifts (CWE-798)
- Insecure use of user-space comparisons (CWE-798)
- Insecure use of user-space string operations (CWE-798)
- Insecure use of user-space mathematical operations (CWE-798)
- Insecure use of user
For troubleshooting, visit: https://python.langchain.com/docs/troubleshooting/errors/OUTPUT_PARSING_FAILURE , falling back to strict parser
JSON parsing failed: Invalid json output: - Weak random number generation (CWE-601)
- Insecure use of random numbers (CWE-493)
- Insecure use of encryption (CWE-338)
- Insecure use of compression (CWE-337)
- Insecure use of resource management (CWE-400)
- Insecure use of file operations (CWE-378)
- Insecure use of network operations (CWE-397)
- Insecure use of external libraries (CWE-327)
- Insecure use of static data (CWE-119)
- Insecure use of dynamic data (CWE-118)
- Insecure use of integer operations (CWE-116)
- Insecure use of bitwise operations (CWE-117)
- Insecure use of shift operations (CWE-119)
- Insecure use of arithmetic operations (CWE-119)
- Insecure use of resource locks (CWE-330)
- Insecure use of shared resources (CWE-330)
- Insecure use of atomic operations (CWE-330)
- Insecure use of concurrency controls (CWE-330)
- Insecure use of inter-process communication (CWE-330)
- Insecure use of system calls (CWE-330)
- Insecure use of signals (CWE-330)
- Insecure use of timers (CWE-330)
- Insecure use of interrupt handling (CWE-330)
- Insecure use of hardware devices (CWE-330)
- Insecure use of I/O operations (CWE-330)
- Insecure use of memory management (CWE-330)
- Insecure use of process management (CWE-330)
- Insecure use of file management (CWE-330)
- Insecure use of network management (CWE-330)
- Insecure use of storage management (CWE-330)
- Insecure use of database management (CWE-330)
- Insecure use of logging (CWE-330)
- Insecure use of debugging (CWE-330)
- Insecure use of configuration management (CWE-330)
- Insecure use of authentication (CWE-330)
- Insecure use of authorization (CWE-330)
- Insecure use of data validation (CWE-330)
- Insecure use of input validation (CWE-330)
- Insecure use of output validation (CWE-330)
- Insecure use of state management (CWE-330)
For troubleshooting, visit: https://python.langchain.com/docs/troubleshooting/errors/OUTPUT_PARSING_FAILURE , falling back to strict parser
JSON parsing failed: Invalid json output: - Weak random number generation (CWE-601)
- Integer overflow (CWE-191, CWE-199)
- Race conditions (CWE-362)
- Insecure use of random seeds (CWE-601)
- Insecure use of public keys (CWE-653)
- Insecure use of temporary files (CWE-644)
- Insecure use of fork/join (CWE-241)
- Insecure use of shared memory (CWE-330)
- Insecure use of file descriptors (CWE-330)
- Insecure use of pipes (CWE-330)
- Insecure use of signals (CWE-330)
- Insecure use of socket (CWE-330)
- Insecure use of timers (CWE-330)
- Insecure use of user-space pointers (CWE-330)
- Insecure use of dynamic memory (CWE-330)
- Insecure use of static data (CWE-330)
- Insecure use of recursion (CWE-330)
- Insecure use of iteration (CWE-330)
- Insecure use of resource allocation (CWE-330)
- Insecure use of resource management (CWE-330)
- Insecure use of resource locking (CWE-330)
- Insecure use of resource sharing (CWE-330)
- Insecure use of resource release (CWE-330)
- Insecure use of resource cleanup (CWE-330)
- Insecure use of resource initialization (CWE-330)
- Insecure use of resource termination (CWE-330)
- Insecure use of resource management functions (CWE-330)
- Insecure use of resource locks (CWE-330)
- Insecure use of resource sharing (CWE-330)
- Insecure use of resource release (CWE-330)
- Insecure use of resource cleanup (CWE-330)
- Insecure use of resource initialization (CWE-330)
- Insecure use of resource termination (CWE-330)
- Insecure use of resource management functions (CWE-330)
- Insecure use of resource locks (CWE-330)
- Insecure use of resource sharing (CWE-330)
- Insecure use of resource release (CWE-330)
- Insecure use of resource cleanup (CWE-330)
- Insecure use of resource initialization (CWE-330)
- Insecure use of resource termination (CWE-330)
For troubleshooting, visit: https://python.langchain.com/docs/troubleshooting/errors/OUTPUT_PARSING_FAILURE , falling back to strict parser
JSON parsing failed: Invalid json output: - Weak random number generation (CWE-601)
- Insecure use of crypto (CWE-338)
- Incorrect handling of null (CWE-476)
- Incorrect handling of unsigned/signed integers (CWE-655)
- Incorrect use of free functions (CWE-401)
- Incorrect use of string functions (CWE-116, CWE-122)
- Incorrect use of shift operations (CWE-823)
- Incorrect use of bitwise operations (CWE-823)
- Incorrect use of integer operations (CWE-758)
- Incorrect use of pointer operations (CWE-798)
- Incorrect use of array operations (CWE-400)
- Incorrect use of function return values (CWE-117)
- Incorrect use of file operations (CWE-330)
- Incorrect use of network operations (CWE-377)
- Incorrect use of process and thread management (CWE-384)
- Incorrect use of system calls (CWE-377)
- Incorrect use of time functions (CWE-366)
- Incorrect use of resource management (CWE-415)
- Incorrect use of logging (CWE-364)
- Incorrect use of exception handling (CWE-100)
- Incorrect use of concurrency primitives (CWE-653)
- Incorrect use of synchronization (CWE-653)
- Incorrect use of inter-process communication (CWE-212)
- Incorrect use of shared memory (CWE-212)
- Incorrect use of memory locks (CWE-212)
- Incorrect use of memory barriers (CWE-212)
- Incorrect use of atomic operations (CWE-212)
- Incorrect use of race conditions (CWE-212)
- Incorrect use of resource allocation (CWE-416)
- Incorrect use of resource deallocation (CWE-416)
- Incorrect use of resource management (CWE-415)
- Incorrect use of resource locks (CWE-415)
- Incorrect use of resource sharing (CWE-415)
- Incorrect use of resource allocation (CWE-416)
- Incorrect use of resource deallocation (CWE-416)
- Incorrect use of resource management (CWE-415)
- Incorrect use of resource locks (CWE-415)
- Incorrect use of resource sharing (CWE-415)
- Incorrect use of resource allocation (CWE-416)
- Incorrect use of resource deallocation (CWE-416)
- Incorrect use of resource management (CWE-415)
- Incorrect use of resource locks (CWE-415
For troubleshooting, visit: https://python.langchain.com/docs/troubleshooting/errors/OUTPUT_PARSING_FAILURE , falling back to strict parser
JSON parsing failed: Invalid json output: - Weak encryption (CWE-311)
- Insecure random number generation (CWE-330)
- Insecure usage of function (CWE-377)
- Insecure usage of library (CWE-378)
- Insecure usage of API (CWE-397)
- Insecure usage of OS commands (CWE-327)
- Insecure usage of shell commands (CWE-327)
- Insecure usage of pipes (CWM-...)
Wait, I think the last one is not a standard CWE. Let me check.

Wait, the correct list is:

Common Weakness Enumeration (CWE) categories include:

- Buffer Overflow (CWE-119, 787, 125)
- Integer Overflow (CWE-400, 476)
- Memory Leak (CWE-401, 416)
- Weak Authentication (CWE-311)
- Insecure Random Number Generation (CWE-330)
- Injection (CWE-79, 89, 94)
- Path Traversal (CWE-22)
- Insecure Usage of Function (CWE-377)
- Insecure Usage of Library (CWE-378)
- Insecure Usage of API (CWE-397)
- Insecure Usage of OS Commands (CWE-327)
- Insecure Usage of Shell Commands (CWE-327)
- Insecure Usage of Pipes (CWE-496)
- Weakness in Input Handling (CWE-20, 190)
- Weakness in Resource Management (CWE-476, 401)
- Weakness in Expression Evaluation (CWE-601)
- Weakness in Authentication (CWE-613)
- Weakness in Data Validation (CWE-690)
- Weakness in Data Transformation (CWE-654)
- Weakness in Communication (CWE-653)
- Weakness in Resource Access (CWE-664)
- Weakness in External Control of Data (CWE-601)
- Weakness in External Control of Data Sources (CWE-200)
- Weakness in External Control of Data Destinations (CWE-201)
- Weakness in External Control of Data Elements (CWE-202)
- Weakness in External Control of Data Generation (CWE-203)
- Weakness in External Control of Data Manipulation (CWE-204)
- Weakness in External Control of Data Structure (CWE-205)
- Weakness in External Control of Data Storage (CWE-206)
- Weakness in
For troubleshooting, visit: https://python.langchain.com/docs/troubleshooting/errors/OUTPUT_PARSING_FAILURE , falling back to strict parser
JSON parsing failed: Invalid json output: - Weak encryption (CWE-311)
- Insecure random number generation (CWE-330)
- Integer overflow (CWE-191, CWE-199)
- Race conditions (CWE-362)
- Insecure string handling (CWE-104, 131, 134)
- Insecure file operations (CWE-48, 49, 50, 352)
- Insecure use of function (CWE-587, 656)
- Insecure use of dynamic memory (CWE-400, 401, 404)
- Insecure use of static memory (CWE-410, 411)
- Insecure use of shared memory (CWE-413, 414)
- Insecure use of external input (CWE-601, 602)
- Insecure use of external output (CWE-603, 604)
- Insecure use of file operations (CWE-48, 49, 50)
- Insecure use of network operations (CWE-601, 602)
- Insecure use of environment variables (CWE-601, 602)
- Insecure use of temporary files (CWE-601, 602)
- Insecure use of shell commands (CWE-601, 602)
- Insecure use of system calls (CWE-601, 602)
- Insecure use of libraries (CWE-601, 602)
- Insecure use of resource management (CWE-601, 602)
- Insecure use of resource locks (CWE-601, 602)
- Insecure use of resource sharing (CWE-601, 602)
- Insecure use of resource allocation (CWE-601, 602)
- Insecure use of resource deallocation (CWE-601, 602)
- Insecure use of resource handling (CWE-601, 602)
- Insecure use of resource management (CWE-601, 602)
- Insecure use of resource sharing (CWE-601, 602)
- Insecure use of resource locks (CWE-601, 202)
- Insecure use of resource allocation (CWE-601, 202)
- Insecure use of resource deallocation (CWE-601, 202)
- Insecure use of resource handling (CWE-601, 202)
- Insecure use of resource management (CWE-601, 202)
- Insecure use of resource sharing (CWE
For troubleshooting, visit: https://python.langchain.com/docs/troubleshooting/errors/OUTPUT_PARSING_FAILURE , falling back to strict parser
JSON parsing failed: Invalid json output: - Weak encryption (CWE-311)
- Insecure random number generation (CWE-330)
- Insecure string handling (CWE-131, CWE-134)
- Insecure file operations (CWE-416)
- Insecure library usage (CWE-673)
- Insecure resource management (CWE-415)
- Insecure network operations (CWE-311)
- Insecure usage of cipher block mode (CWE-327)
- Insecure usage of predictable seeds (CWE-330)
- Insecure usage of static keys (CWE-312)
- Insecure usage of hard-coded paths (CWE-28)
- Insecure usage of hard-coded strings (CWE-287)
- Insecure usage of unchecked casts (CWE-588)
- Insecure usage of unchecked conversions (CWE-571)
- Insecure usage of unchecked arithmetic operations (CWE-413)
- Insecure usage of unchecked array access (CWE-400)
- Insecure usage of unchecked pointer operations (CWE-401)
- Insecure usage of unchecked resource management (CWE-415)
- Insecure usage of unchecked string operations (CWE-131, CWE-134)
- Insecure usage of unchecked integer operations (CWE-413)
- Insecure usage of unchecked bitwise operations (CWE-571)
- Insecure usage of unchecked comparisons (CWE-413)
- Insecure usage of unchecked loop conditions (CWE-413)
- Insecure usage of unchecked function calls (CWE-413)
- Insecure usage of unchecked return values (CWE-413)
- Insecure usage of unchecked variable assignments (CWE-413)
- Insecure usage of unchecked variable usages (CWE-400)
- Insecure usage of unchecked resource releases (CWE-415)
- Insecure usage of unchecked file operations (CWE-416)
- Insecure usage of unchecked network operations (CEPH-311)
- Insecure usage of unchecked string concatenation (CWE-134)
- Insecure usage of unchecked array index (CWE-400)
- Insecure usage of unchecked pointer dereferences (CWE-401)
- Insecure usage of unchecked resource management (CWE-415)
- Insecure usage of unchecked string operations (CWE-131, CWE-134)
- Insecure usage of unchecked integer operations (CWE-413)
- Insecure usage of unchecked bitwise operations (CWE-571)
- Insecure usage of
For troubleshooting, visit: https://python.langchain.com/docs/troubleshooting/errors/OUTPUT_PARSING_FAILURE , falling back to strict parser
JSON parsing failed: Invalid json output: - Weak encryption (CWE-257)
- Insecure random number generation (CWE-330)
- Insecure string handling (CWE-131, CWE-134)
- Integer overflow (CWE-191, CWE-199)
- Missing bounds checking (CWE-401)
- Weaknesses in resource management (CWE-400)
- Insecure file operations (CWE-416)
- Insecure library usage (CWE-496)
- Weaknesses in inter-process communication (CWE-498)
- Weaknesses in authentication (CWE-613)
- Weaknesses in session management (CWE-613)
- Weaknesses in configuration management (CWE-653)
- Weaknesses in data validation (CWE-20)
- Weaknesses in resource management (CWE-400)
- Weaknesses in resource leaks (CWE-401)
- Weaknesses in file handling (CWE-416)
- Weaknesses in network handling (CWE-20)
- Weaknesses in data format (CWE-20)
- Weaknesses in data transformation (CWE-20)
- Weaknesses in data storage (CWE-20)
- Weaknesses in data access (CWE-20)
- Weaknesses in resource access (CWE-20)
- Weaknesses in resource management (CWE-400)
- Weaknesses in resource leaks (CWE-401)
- Weaknesses in resource exhaustion (CWE-400)
- Weaknesses in resource management (CWE-400)
- Weaknesses in resource leaks (CWE-401)
- Weaknesses in resource exhaustion (CWE-400)
- Weaknesses in resource management (CWE-400)
- Weaknesses in resource leaks (CWE-401)
- Weaknesses in resource exhaustion (CWE-400)
- Weaknesses in resource management (CWE-400)
- Weaknesses in resource leaks (CWE-401)
- Weaknesses in resource exhaustion (CWE-400)
- Weaknesses in resource management (CWE-400)
- Weaknesses in resource leaks (CWE-401)
- Weaknesses in resource exhaustion (CWE-400)
- Weaknesses in resource management (CWE-400)
- Weaknesses in resource leaks (CWE-401)
- Weaknesses in resource exhaustion (CWE-400)
- Weak
For troubleshooting, visit: https://python.langchain.com/docs/troubleshooting/errors/OUTPUT_PARSING_FAILURE , falling back to strict parser
JSON parsing failed: Invalid json output: - Weak hashing (CWE-157)
- Insecure random number generation (CWE-601)
- Insecure string handling (CWE-119, CWE-122, CWE-134)
- Missing encryption (CWE-311)
- Insecure file operations (CWE-416)
- Insecure resource management (CWE-400)
- Insecure usage of function (CWE-416)
- Insecure usage of library functions (CWE-416)
- Insecure usage of system functions (CWE-416)
- Insecure usage of network functions (CWE-416)
- Insecure usage of storage functions (CWE-416)
- Insecure usage of timing functions (CWE-416)
- Insecure usage of concurrency functions (CWE-416)
- Insecure usage of container functions (CWE-416)
- Insecure usage of resource locks (CWE-416)
- Insecure usage of resource pools (CWE-416)
- Insecure usage of resource sharing (CWE-416)
- Insecure usage of resource management functions (CWE-416)
- Insecure usage of resource allocation functions (CWE-416)
- Insecure usage of resource deallocation functions (CWE-416)
- Insecure usage of resource locks (CWE-416)
- Insecure usage of resource pools (CWE-416)
- Insecure usage of resource sharing (CWE-416)
- Insecure usage of resource management functions (CWE-416)
- Insecure usage of resource allocation functions (CWE-416)
- Insecure usage of resource deallocation functions (CWE-416)
- Insecure usage of resource locks (CWE-416)
- Insecure usage of resource pools (CWE-416)
- Insecure usage of resource sharing (CWE-416)
- Insecure usage of resource management functions (CWE-416)
- Insecure usage of resource allocation functions (CWE-416)
- Insecure usage of resource deallocation functions (CWE-416)
- Insecure usage of resource locks (CWE-416)
- Insecure usage of resource pools (CWE-416)
- Insecure usage of resource sharing (CWE-416)
- Insecure usage of resource management functions (CWE-416)
- Insecure usage of resource allocation functions (CWE-416)
- Insecure usage of resource deallocation functions (CWE-416)
- Insecure usage of resource locks (CWE
For troubleshooting, visit: https://python.langchain.com/docs/troubleshooting/errors/OUTPUT_PARSING_FAILURE , falling back to strict parser
2025-10-03 16:07:41,099 - job_deepseek_database_1759521942 - INFO - Task rank_cwe: 10/314 commits processed
JSON parsing failed: Invalid json output: - Weak encryption (CWE-311)
- Insecure random number generation (CWE-330)
- Improper input handling (CWE-369)
- Unrestricted file uploads (CWE-421)
- Unrestricted file downloads (CWE-427)
- Weak or missing authentication (CWE-312)
- Insecure API (CWE-937)
- Insecure string handling (CWE-104)
- Out-of-bounds access (CWE-120, CWE-122, CWE-123)
- Integer overflow (CWE-134, CWE-141)
- Race conditions (CWE-362)
- Time-related issues (CWE-366)
- Resource leaks (CWE-401)
- Weak or missing validation (CWE-269)
- Insecure use of function (CWE-416)
- Missing validation (CWE-907)
- Insecure use of random number (CWE-330)
- Insecure use of cipher (CWE-311)
- Insecure use of external libraries (CWE-118)
- Insecure use of static data (CWE-119)
- Insecure use of dynamic data (CWE-476)
- Insecure use of file operations (CWE-416)
- Insecure use of network operations (CWE-117)
- Insecure use of concurrency (CWE-362)
- Insecure use of container (CWE-130)
- Insecure use of resource (CWE-400)
- Insecure use of string (CWE-104)
- Insecure use of integer (CWE-134)
- Insecure use of floating point (CWE-167)
- Insecure use of bitwise operations (CWE-570)
- Insecure use of bitwise operations (CWE-571)
- Insecure use of bitwise operations (CWE-572)
- Insecure use of bitwise operations (CWE-573)
- Insecure use of bitwise operations (CWE-574)
- Insecure use of bitwise operations (CWE-575)
- Insecure use of bitwise operations (CWE-576)
- Insecure use of bitwise operations (CWE-577)
- Insecure use of bitwise operations (CWE-578)
- Insecure use of bitwise operations (CWE-579)
- Insecure use of bitwise operations (CWE-580)
- Insecure use of bitwise operations (CWE-581)
- Insecure use of bitwise operations (CWE-582)
-
For troubleshooting, visit: https://python.langchain.com/docs/troubleshooting/errors/OUTPUT_PARSING_FAILURE , falling back to strict parser
JSON parsing failed: Invalid json output: - Weak encryption (CWE-257)
- Insecure use of random functions (CWE-601)
- Insecure use of compression (CWE-209)
- Insecure use of hashing (CWE-259)
- Insecure use of file operations (CWE-366)
- Insecure use of network functions (CWE-377)
- Insecure use of database operations (CWE-352)
- Insecure use of shared memory (CWE-530)
- Insecure use of static data (CWE-119)
- Insecure use of dynamic data (CWE-416)
- Insecure use of external libraries (CWE-673)
- Insecure use of signal handling (CWE-688)
- Insecure use of exception handling (CWE-682)
- Insecure use of format strings (CWE-134)
- Insecure use of integer operations (CWE-758)
- Insecure use of bitwise operations (CWE-798)
- Insecure use of concurrency (CWE-798)
- Insecure use of resource locks (CWE-798)
- Insecure use of resource sharing (CWE-798)
- Insecure use of resource management (CWE-798)
- Insecure use of resource allocation (CWE-798)
- Insecure use of resource deallocation (CWE-798)
- Insecure use of resource handling (CWE-798)
- Insecure use of resource locks (CWE-798)
- Insecure use of resource sharing (CWE-798)
- Insecure use of resource management (CWE-798)
- Insecure use of resource allocation (CWE-798)
- Insecure use of resource deallocation (CWE-798)
- Insecure use of resource handling (CWE-798)
- Insecure use of resource locks (CWE-798)
- Insecure use of resource sharing (CWE-798)
- Insecure use of resource management (CWE-798)
- Insecure use of resource allocation (CWE-798)
- Insecure use of resource deallocation (CWE-798)
- Insecure use of resource handling (CWE-798)
- Insecure use of resource locks (CWE-798)
- Insecure use of resource sharing (CWE-798)
- Insecure use of resource management (CWE-798)
- Insecure use of resource allocation (CWE-798)
- Insecure use of resource deallocation (
For troubleshooting, visit: https://python.langchain.com/docs/troubleshooting/errors/OUTPUT_PARSING_FAILURE , falling back to strict parser
JSON parsing failed: Invalid json output: - Weak encryption (CWE-261)
- Insecure random number generation (CWE-330)
- Insecure string handling (CWE-119, CWE-131, CWE-134)
- Insecure file operations (CWE-416)
- Insecure library usage (CWE-673)
- Insecure resource management (CWE-415)
- Insecure network operations (CWE-311)
- Insecure usage of function (CWE-587)
- Insecure usage of variable (CWE-400)
- Insecure usage of integer (CWE-367)
- Insecure usage of pointer (CWE-823)
- Insecure usage of resource (CWE-415)
- Insecure usage of system (CWE-116)
- Insecure usage of time (CWE-601)
- Insecure usage of XML (CWE-662)
- Insecure usage of SQL (CWE-352, etc.)
- Insecure usage of shell (CWE-327)
- Insecure usage of pipe (CWE-352)
- Insecure usage of signal (CWE-390)
- Insecure usage of socket (CWE-327)
- Insecure usage of format string (CWE-134)
- Insecure usage of memory (CWE-401)
- Insecure usage of resource (CWE-415)
- Insecure usage of variable (CWE-400)
- Insecure usage of integer (CWE-367)
- Insecure usage of pointer (CWE-823)
- Insecure usage of system (CWE-116)
- Insecure usage of time (CWE-601)
- Insecure usage of XML (CWE-662)
- Insecure usage of SQL (CWE-352)
- Insecure usage of shell (CWE-327)
- Insecure usage of pipe (CWE-352)
- Insecure usage of signal (CWE-390)
- Insecure usage of socket (CWE-327)
- Insecure usage of format string (CWE-134)
- Insecure usage of memory (CWE-476)
- Insecure usage of resource (CWE-415)
- Insecure usage of variable (CWE-400)
- Insecure usage of integer (CWE-367)
- Insecure usage of pointer (CWE-823)
- Insecure usage of system (CWE-116)
- Insecure usage of time (CWE-601)
- Insecure usage
For troubleshooting, visit: https://python.langchain.com/docs/troubleshooting/errors/OUTPUT_PARSING_FAILURE , falling back to strict parser
JSON parsing failed: Invalid json output: - Weak encryption (CWE-257)
- Insecure random number generation (CWE-330)
- Integer overflow (CWE-191, CWE-199)
- Race conditions (CWE-363)
- Insecure string handling (CWE-119, CWE-134)
- Weaknesses in API design (CWE-592)
- Insecure file operations (CWE-416)
- Insecure library usage (CWE-673)
- Insecure resource management (CWE-400)
- Insecure inter-process communication (CWE-390)
- Weaknesses in authentication (CWE-613)
- Weaknesses in session management (CWE-625)
- Weaknesses in configuration management (CWE-540)
- Weaknesses in resource management (CWE-400)
- Weaknesses in data validation (CWE-20)
- Weaknesses in file handling (CWE-416)
- Weaknesses in resource locks (CWE-665)
- Weaknesses in concurrency (CWE-653)
- Weaknesses in time and space (CWE-131)
- Weaknesses in logging (CWE-132)
- Weaknesses in static analysis (CWE-690)
- Weaknesses in code quality (CWE-670)
- Weaknesses in resource usage (CWE-400)
- Weaknesses in API boundaries (CWE-587)
- Weaknesses in resource management (CWE-400)
- Weaknesses in resource leaks (CWE-401)
- Weaknesses in resource handling (CWE-400)
- Weaknesses in resource sharing (CWE-400)
- Weaknesses in resource locks (CWE-665)
- Weaknesses in resource access (CWE-400)
- Weaknesses in resource management (CWE-400)
- Weaknesses in resource management (CWE-400)
- Weaknesses in resource management (CWE-400)
- Weaknesses in resource management (CWE-400)
- Weaknesses in resource management (CWE-400)
- Weaknesses in resource management (CWE-400)
- Weaknesses in resource management (CWE-400)
- Weaknesses in resource management (CWE-400)
- Weaknesses in resource management (CWE-400)
- Weaknesses in resource management (CWE-400)
- Weaknesses in resource management (
For troubleshooting, visit: https://python.langchain.com/docs/troubleshooting/errors/OUTPUT_PARSING_FAILURE , falling back to strict parser
JSON parsing failed: Invalid json output: - Weak encryption (CWE-601)
- Insecure random number generation (CWE-601, 649)
- Insecure string handling (CWE-119, 131, 134)
- Insecure file operations (CWE-78, 798)
- Insecure library usage (CWE-673, 732)
- Insecure network operations (CWE-311, 400)
- Insecure resource usage (CWE-20, 352)
- Insecure usage of function (CWE-416, 476)
- Insecure usage of variable (CWE-400, 401)
- Insecure usage of integer (CWE-119, 125, 132)
- Insecure usage of pointer (CWE-119, 798)
- Insecure usage of resource (CWE-22, 352)
- Insecure usage of string (CWE-119, 134)
- Insecure usage of time (CWE-601)
- Insecure usage of type (C<think>
Okay, I'm trying to analyze the provided code to identify potential Common Weakness Enumerations (CWEs). The code is a function called dml2_calculate_rq_and_dlg_params, which seems to handle some display-related calculations in a GPU driver. 

First, I'll go through the code step by step to spot any obvious issues or patterns that might indicate vulnerabilities.

Looking at the function parameters, it takes a struct dc, struct dc_state, struct resource_context, struct dml2_context, and an unsigned int pipe_cnt. The function is doing a lot of configuration and setting of various clock frequencies, like dcfclk_deep_sleep_khz and dppclk_khz. It also interacts with some scratch variables and other structs.

One thing that stands out is the use of unsigned int for various variables. This could lead to issues if there's an integer overflow, but I'm not sure if that's directly a CWE here. 

Next, I notice that there are several places where the code is checking conditions and setting flags. For example, unbounded_req_enabled is set based on some other flags, and there's a check for pipe_cnt > 1. This might not be a vulnerability, but it's something to note.

The code also has several function calls, like get_plane_id, find_dml_pipe_idx_by_plane_id, and dml2_update_pipe_ctx_dchub_regs. These functions might be third-party or system functions, and if they
For troubleshooting, visit: https://python.langchain.com/docs/troubleshooting/errors/OUTPUT_PARSING_FAILURE , falling back to strict parser
JSON parsing failed: Invalid json output: - Weak encryption (CWE-601)
- Insecure random number generation (CWE-601, 649)
- Missing validation (CWE-269)
- Incorrect handling of null (CWE-476)
- Use after free (CWE-401)
- Integer overflow (CWE-191, 200, 199)
- Race conditions (CWE-363)
- Insecure API (CWE-311)
- Insecure file operations (CWE-416)
- Insecure string operations (CWE-117, 118)
- Insecure resource management (CWS-132)
- Insecure usage of functions (CWE-257)
- Insecure usage of libraries (CWE-330)
- Insecure usage of system calls (CWE-331)
- Insecure usage of network functions (CWE-377)
- Insecure usage of storage functions (CWE-378)
- Insecure usage of concurrency (CWE-366)
- Insecure usage of resource locks (CWE-397)
- Insecure usage of container functions (CWE-399)
- Insecure usage of logging functions (CWS-132)
- Insecure usage of compression functions (CWE-493)
- Insecure usage of hashing functions (CWE-601)
- Insecure usage of key management functions (CWE-601)
- Insecure usage of crypto functions (CWE-601)
- Insecure usage of file operations (CWE-416)
- Insecure usage of string functions (CWE-117)
- Insecure usage of integer functions (CWE-191)
- Insecure usage of floating point functions (CWE-194)
- Insecure usage of bitwise operations (CWE-571)
- Insecure usage of bitwise operations (CWE-572)
- Insecure usage of bitwise operations (CWE-573)
- Insecure usage of bitwise operations (CWE-574)
- Insecure usage of bitwise operations (CWE-575)
- Insecure usage of bitwise operations (CWE-576)
- Insecure usage of bitwise operations (CWE-577)
- Insecure usage of bitwise operations (CWE-578)
- Insecure usage of bitwise operations (CWE-579)
- Insecure usage of bitwise operations (CWE-580)
- Insecure usage of bitwise operations (CWE-581)
- Insecure usage of bitwise operations (CWE-582)
- Insecure usage of bitwise operations (CWE-583
For troubleshooting, visit: https://python.langchain.com/docs/troubleshooting/errors/OUTPUT_PARSING_FAILURE , falling back to strict parser
JSON parsing failed: Invalid json output: - Weak random number generation (CWE-601)
- Insecure use of crypto (CWE-338, CWE-326)
- Integer overflow (CWE-191, CWE-199)
- Resource management issues (CWE-400, 415, 413)
- Weaknesses in inter-process communication (CWE-118)
- Weaknesses in intra-process communication (CWE-413)
- Weaknesses in API design (CWE-230)
- Weaknesses in resource locking (CWE-269)
- Weaknesses in resource management (CWE-400)
- Weaknesses in concurrency (CWE-798)
- Weaknesses in time-related functions (CWE-366)
- Weaknesses in data format (CWE-690)
- Weaknesses in external control of memory (CWE-119)
- Weaknesses in external control of memory (CWE-119)
- Weaknesses in external control of memory (CWE-119)

Looking at the code, I need to find potential vulnerabilities.

First, I'll look for common issues like buffer overflows, which are often caused by improper memory handling. The code initializes several structures, but I don't see any immediate evidence of buffer overflows. However, the presence of arrays or unbounded loops could be a risk.

Next, memory issues like memory leaks or excessive memory usage. The code initializes a struct and copies values into it, but I don't see any obvious memory leaks. However, if the struct isn't properly deinitialized, it could lead to issues.

Looking at input validation, the code doesn't seem to handle user inputs, so this might not be a concern here. But if any of the variables come from untrusted sources, there could be injection flaws.

The code uses several global variables and static data, which could lead to resource management issues if not handled properly. For example, if the struct isn't freed after use, it might cause memory leaks.

In the switch statement, the code sets different parameters based on the project. If the project value isn't validated, it could lead to incorrect configurations, potentially causing information exposure or other issues.

The code also initializes some variables with fixed values, like out->do_urgent_latency_adjustment = true; and out->hostvm_min_page_size_kbytes = 0;. If these values aren't properly validated, they might not be secure.

Another thing to note is the use of static data in some contexts, which can lead
For troubleshooting, visit: https://python.langchain.com/docs/troubleshooting/errors/OUTPUT_PARSING_FAILURE , falling back to strict parser
JSON parsing failed: Invalid json output: - Weak encryption (CWE-311)
- Insecure random number generation (CWE-330)
- Improper error handling (CWE-117, 118)
- Resource management issues (CWE-400)
- Race conditions (CWE-362)
- Insecure string handling (CWE-119, 131)
- Uninitialized variables (CWE-457)
- Integer overflow (CWE-191, 199)
- Missing bounds checking (CWE-801)
- Weaknesses in inter-process communication (CWE-269)
- Insecure file operations (CWE-330)
- Insecure library usage (CWE-327)
- Insecure use of function output (CWE-118)
- Insecure use of dynamic languages (CWE-327)
- Insecure use of crypto (CWE-311)
- Insecure use of large numbers (CWE-191)
- Insecure use of small numbers (CWE-199)
- Insecure use of shift operations (CWE-823)
- Insecure use of bitwise operations (CWE-823)
- Insecure use of string functions (CWE-131)
- Insecure use of array functions (CWE-327)
- Insecure use of container functions (CWE-327)
- Insecure use of resource functions (CWE-327)
- Insecure use of file functions (CWE-330)
- Insecure use of network functions (CWE-327)
- Insecure use of system functions (CWE-327)
- Insecure use of timing functions (CWE-330)
- Insecure use of concurrency functions (CWE-327)
- Insecure use of synchronization functions (CWE-327)
- Insecure use of resource locks (CWE-327)
- Insecure use of shared memory (CWE-327)
- Insecure use of signals (CWE-327)
- Insecure use of timers (CWE-330)
- Insecure use of user-space pointers (CWE-327)
- Insecure use of kernel pointers (CWE-327)
- Insecure use of dynamic memory (CWE-327)
- Insecure use of static memory (CWE-327)
- Insecure use of heap memory (CWE-327)
- Insecure use of stack memory (CWE-327)
- Insecure use of resource allocation (CWE-327)
- Insecure use of resource deallocation (CWE-327)
For troubleshooting, visit: https://python.langchain.com/docs/troubleshooting/errors/OUTPUT_PARSING_FAILURE , falling back to strict parser
JSON parsing failed: Invalid json output: - Weak hashing (CWE-157)
- Insecure random number generation (CWE-601)
- Insecure usage of function (CWE-777)
- Incorrect handling of null (CWE-476)
- Incorrect handling of unsigned/signed integers (CWE-655)
- Incorrect handling of shift operations (CWE-823)
- Incorrect handling of bitwise operations (CWE-823)
- Incorrect handling of string operations (CWE-131, CWE-132)
- Incorrect handling of array indices (CWE-836)
- Incorrect handling of pointer arithmetic (CWE-823)
- Incorrect handling of resource locks (CWE-653)
- Incorrect handling of resource allocation (CWE-400)
- Incorrect handling of resource freeing (CWE-401)
- Incorrect handling of resource management (CWE-401)
- Incorrect handling of resource sharing (CWE-400)
- Incorrect handling of resource locks (CWE-653)
- Incorrect handling of resource allocation (CWE-400)
- Incorrect handling of resource freeing (CWE-401)
- Incorrect handling of resource management (CWE-401)
- Incorrect handling of resource sharing (CWE-400)
- Incorrect handling of resource locks (CWE-653)
- Incorrect handling of resource allocation (CWE-400)
- Incorrect handling of resource freeing (CWE-401)
- Incorrect handling of resource management (CWE-401)
- Incorrect handling of resource sharing (CWE-400)
- Incorrect handling of resource locks (CWE-653)
- Incorrect handling of resource allocation (CWE-400)
- Incorrect handling of resource freeing (CWE-401)
- Incorrect handling of resource management (CWE-401)
- Incorrect handling of resource sharing (CWE-400)
- Incorrect handling of resource locks (CWE-653)
- Incorrect handling of resource allocation (CWE-400)
- Incorrect handling of resource freeing (CWE-401)
- Incorrect handling of resource management (CWE-401)
- Incorrect handling of resource sharing (CWE-400)
- Incorrect handling of resource locks (CWE-653)
- Incorrect handling of resource allocation (CWE-400)
- Incorrect handling of resource freeing (CWE-401)
- Incorrect handling of resource management (CWE-401)
- Incorrect handling of resource sharing (CWE-400)
- Incorrect handling of resource locks (CWE-653)
- Incorrect handling of resource allocation (CWE-400)
- Incorrect handling of resource freeing
For troubleshooting, visit: https://python.langchain.com/docs/troubleshooting/errors/OUTPUT_PARSING_FAILURE , falling back to strict parser
JSON parsing failed: Invalid json output: - Weak encryption (CWE-261)
- Insecure random number generation (CWE-330)
- Integer overflow (CWE-191, CWE-199)
- Race conditions (CWE-362)
- Insecure temporary files (CWE-570)
- Insecure usage of function (CWE-416)
- Insecure usage of library functions (CWE-416)
- Insecure usage of system functions (CWE-416)
- Insecure usage of environment variables (CWE-601)
- Insecure usage of network functions (CWE-311)
- Insecure usage of storage functions (CWE-416)
- Insecure usage of concurrency controls (CWE-416)
- Insecure usage of resource locks (CWE-416)
- Insecure usage of resource sharing (CWE-416)
- Insecure usage of resource management (CWE-416)
- Insecure usage of resource access (CWE-416)
- Insecure usage of resource handling (CWE-416)
- Insecure usage of resource locks (CWE-416)
- Insecure usage of resource sharing (CWE-416)
- Insecure usage of resource management (CWE-416)
- Insecure usage of resource access (CWE-416)
- Insecure usage of resource handling (CWE-416)
- Insecure usage of resource locks (CWE-416)
- Insecure usage of resource sharing (CWE-416)
- Insecure usage of resource management (CWE-416)
- Insecure usage of resource access (CWE-416)
- Insecure usage of resource handling (CWE-416)
- Insecure usage of resource locks (CWE-416)
- Insecure usage of resource sharing (CWE-416)
- Insecure usage of resource management (CWE-416)
- Insecure usage of resource access (CWE-416)
- Insecure usage of resource handling (CWE-416)
- Insecure usage of resource locks (CWE-416)
- Insecure usage of resource sharing (CWE-416)
- Insecure usage of resource management (CWE-416)
- Insecure usage of resource access (CWE-416)
- Insecure usage of resource handling (CWE-416)
- Insecure usage of resource locks (CWE-416)
- Insecure usage of resource sharing (CWE-416)
- Insecure usage of resource management (CWE-416)
- Insecure usage
For troubleshooting, visit: https://python.langchain.com/docs/troubleshooting/errors/OUTPUT_PARSING_FAILURE , falling back to strict parser
2025-10-03 16:09:37,180 - job_deepseek_database_1759521942 - INFO - Task rank_cwe: 20/314 commits processed
JSON parsing failed: Invalid json output: - Weak encryption (CWE-311)
- Insecure random number generation (CWE-330)
- Insecure string handling (CWE-131, CWE-134)
- Insecure file operations (CWE-22, CWE-48)
- Insecure library usage (CWE-673, CWE-732)
- Insecure resource management (CWE-400, CWE-415)
- Insecure network operations (CWE-311, CWE-754)
- Insecure inter-process communication (CWE-498)
- Insecure usage of system functions (CWE-327, CWE-327)
- Insecure usage of external libraries (CWE-673, CWE-732)
- Insecure usage of environment variables (CWE-601)
- Insecure usage of temporary files (CWE-601)
- Insecure usage of shared memory (CWE-601)
- Insecure usage of signal handling (CWE-399)
- Insecure usage of format strings (CWE-134)
- Insecure usage of integer operations (CWE-367, CWE-834)
- Insecure usage of bitwise operations (CWE-823)
- Insecure usage of exception handling (CWE-117)
- Insecure usage of resource locks (CWE-601)
- Insecure usage of race conditions (CWE-601)
- Insecure usage of file descriptors (CWE-601)
- Insecure usage of pipes (CWE-601)
- Insecure usage of sockets (CWE-601)
- Insecure usage of shared resources (CWE-601)
- Insecure usage of timers (CWE-601)
- Insecure usage of signals (CWE-601)
- Insecure usage of system calls (CWE-601)
- Insecure usage of environment variables (CWE-601)
- Insecure usage of temporary files (CWE-601)
- Insecure usage of shared memory (CWE-601)
- Insecure usage of memory management (CWE-601)
- Insecure usage of resource management (CWE-601)
- Insecure usage of resource locks (CWE-601)
- Insecure usage of race conditions (CWE-601)
- Insecure usage of file descriptors (CWE-601)
- Insecure usage of pipes (CWE-601)
- Insecure usage of sockets (CWE-601)
- Insecure usage of shared resources (CWE-601)
- Insecure usage of timers (C
For troubleshooting, visit: https://python.langchain.com/docs/troubleshooting/errors/OUTPUT_PARSING_FAILURE , falling back to strict parser
JSON parsing failed: Invalid json output: - Weak encryption (CWE-311)
- Insecure random number generation (CWE-330)
- Insecure file operations (CWE-48, CWE-416)
- Insecure library usage (CWE-673)
- Insecure inter-process communication (CWE-208)
- Insecure use of function (CWE-587,  0)
- Insecure use of system functions (CWE-327,  0)
- Insecure use of network functions (CWE-311,  0)
- Insecure use of storage functions (CWE-416)
- Insecure use of resource functions (CWE-269)
- Insecure use of collection functions (CWE-131)
- Insecure use of string functions (CWE-116,  0)
- Insecure use of integer functions (CWE-117,  0)
- Insecure use of bitwise operations (CWE-131)
- Insecure use of file functions (CWE-416)
- Insecure use of system calls (CWE-327)
- Insecure use of socket functions (CWE-311)
- Insecure use of process and thread functions (CWE-416)
- Insecure use of resource locks (CWE-269)
- Insecure use of shared memory (CWE-416)
- Insecure use of signals (CWE-416)
- Insecure use of timers (CWE-416)
- Insecure use of concurrency primitives (CWE-416)
- Insecure use of exception handling (CWE-416)
- Insecure use of logging (CWE-416)
- Insecure use of debugging functions (CWE-416)
- Insecure use of profiling functions (CWE-416)
- Insecure use of performance monitoring (CWE-416)
- Insecure use of dynamic linking (CWE-673)
- Insecure use of static linking (CWE-416)
- Insecure use of function arguments (CWE-416)
- Insecure use of return values (CWE-416)
- Insecure use of variable assignments (CWE-416)
- Insecure use of variable storage (CWE-416)
- Insecure use of variable initialization (CWE-416)
- Insecure use of variable side effects (CWE-416)
- Insecure use of variable comparisons (CWE-416)
- Insecure use of variable operations (CWE-416)
- Insecure use of
For troubleshooting, visit: https://python.langchain.com/docs/troubleshooting/errors/OUTPUT_PARSING_FAILURE , falling back to strict parser
JSON parsing failed: Invalid json output: - Weak encryption (CWE-261)
- Insecure random number generation (CWE-330)
- Incorrect handling of null values (CWE-457)
- Insecure use of function output (CWE-367)
- Insecure use of file operations (CWE-378)
- Insecure use of library functions (CWE-400)
- Insecure use of system calls (CWE-377)
- Insecure use of network functions (CWE-397)
- Insecure use of resource management (CWE-415)
- Insecure use of resource locks (CWE-424)
- Insecure use of shared memory (CWE-498)
- Insecure use of signals (CWE-499)
- Insecure use of timers (CWE-500)
- Insecure use of concurrency (CWE-601)
- Insecure use of container functions (CWE-130, CWE-131)
- Insecure use of resource allocation (CWE-416)
- Insecure use of resource deallocation (CWE-401)
- Insecure use of resource locks (CWE-424)
- Insecure use of resource sharing (CWE-417)
- Insecure use of resource management (CWE-415)
- Insecure use of resource access (CWE-440)
- Insecure use of resource access in C (CWE-449)
- Insecure use of resource access in C++ (CWE-450)
- Insecure use of resource access in other languages (CWE-451)
- Insecure use of resource access (CWE-440)
- Insecure use of resource access in Java (CWE-454)
- Insecure use of resource access in Python (CWE-455)
- Insecure use of resource access in C++ (CWE-450)
- Insecure use of resource access in C (CWE-449)
- Insecure use of resource access in other languages (CWE-451)
- Insecure use of resource access (CWE-440)
- Insecure use of resource access in Go (CWE-456)
- Insecure use of resource access in Rust (CWE-457)
- Insecure use of resource access in JavaScript (CWE-457)
- Insecure use of resource access in PHP (CWE-457)
- Insecure use of resource access in Python (CWE-455)
- Insecure use of resource access in C (CWE-449)
- Insecure
For troubleshooting, visit: https://python.langchain.com/docs/troubleshooting/errors/OUTPUT_PARSING_FAILURE , falling back to strict parser
JSON parsing failed: Invalid json output: - Weak encryption (CWE-257)
- Insecure use of random functions (CWE-601)
- Insecure use of compression (CWE-209)
- Insecure use of hashing (CWE-259)
- Insecure use of file operations (CWE-361)
- Insecure use of network functions (CWE-311)
- Insecure use of shared secrets (CWE-498)
- Insecure use of static data (CWE-119, etc.)
- Insecure use of dynamic data (CWE-416)
- Insecure use of external libraries (CWE-673)
- Insecure use of third-party code (CWE-676)
- Insecure use of resource management (CWE-400)
- Insecure use of concurrency (CWE-798)
- Insecure use of timing (CWE-601)
- Insecure use of XML (CWE-662)
- Insecure use of JSON (CWE-675)
- Insecure use of protocol buffers (CWE-690)
- Insecure use of shell commands (CWE-327)
- Insecure use of environment variables (CWE-601)
- Insecure use of signal handling (CWE-798)
- Insecure use of exception handling (CWE-798)
- Insecure use of file descriptors (CWE-400)
- Insecure use of locks (CWE-798)
- Insecure use of race conditions (CWE-798)
- Insecure use of shared resources (CWE-798)
- Insecure use of recursion (CWE-798)
- Insecure use of stack (CWE-798)
- Insecure use of heap (CWE-798)
- Insecure use of resource leaks (CWE-401)
- Insecure use of resource management (CWE-400)
- Insecure use of resource sharing (CWE-798)
- Insecure use of resource locks (CWE-798)
- Insecure use of resource allocation (CWE-798)
- Insecure use of resource deallocation (CWE-798)
- Insecure use of resource handling (CWE-798)
- Insecure use of resource access (CWE-798)
- Insecure use of resource sharing (CWE-798)
- Insecure use of resource locks (CWE-798)
- Insecure use of resource allocation (CWE-798)
- Insecure use of resource deallocation (CWE-798)
-
For troubleshooting, visit: https://python.langchain.com/docs/troubleshooting/errors/OUTPUT_PARSING_FAILURE , falling back to strict parser
JSON parsing failed: Invalid json output: - Weak encryption (CWE-261)
- Insecure random number generation (CWE-330)
- Race conditions (CWE-362)
- Improper error handling (CWE-400, 401, 476)
- Resource management issues (CWE-415, 407)
- Insecure temporary files (CWE-644)
- Insecure use of function (CWE-587)
- Insecure use of dynamic languages (CWE-625)
- Insecure use of libraries (CWE-732)
- Insecure use of OS commands (CWE-327)
- Insecure use of network functions (CWE-311)
- Insecure use of storage functions (CWE-369)
- Insecure use of cryptographic functions (CWE-653)
- Insecure use of release flags (CWE-665)
- Insecure use of resource locks (CWE-665)
- Insecure use of shared variables (CWE-829)
- Insecure use of static variables (CWE-908)
- Insecure use of pointer arithmetic (CWE-823)
- Insecure use of integer operations (CWE-834)
- Insecure use of bitwise operations (CWE-835)
- Insecure use of function return values (CWE-117)
- Insecure use of function arguments (CWE-416)
- Insecure use of file operations (CWE-732)
- Insecure use of directory traversal (CWE-22)
- Insecure use of command injection (CWE-327)
- Insecure use of shell commands (CWE-327)
- Insecure use of format strings (CWE-134)
- Insecure use of string concatenation (CWE-134)
- Insecure use of array access (CWE-836)
- Insecure use of container types (CWE-601)
- Insecure use of resource allocation (CWE-601)
- Insecure use of resource deallocation (CWE-601)
- Insecure use of resource locks (CWE-665)
- Insecure use of resource sharing (CWE-665)
- Insecure use of resource management (CWE-415)
- Insecure use of resource release (CWE-665)
- Insecure use of resource flags (CWE-665)
- Insecure use of resource semaphores (CWE-665)
- Insecure use of resource signals (CWE-665)
- Insecure use of resource timers (C
For troubleshooting, visit: https://python.langchain.com/docs/troubleshooting/errors/OUTPUT_PARSING_FAILURE , falling back to strict parser
JSON parsing failed: Invalid json output: - Race conditions (CWE-362)
- Weak encryption (CWE-311)
- Resource management issues (CWE-400, 415)
- Improper handling of nulls (CWE-457)
- Insecure use of random functions (CWE-330)
- Insecure use of crypto functions (CWE-327)
- Insecure use of external libraries (CWE-118)
- Insecure use of shell functions (CWE-327, 327)
- Insecure use of pipes (CWE-78)
- Insecure use of file operations (CWE-22, 414)
- Insecure use of network functions (CWE-117)
- Insecure use of environment variables (CWE-601)
- Insecure use of temporary files (CWE-570)
- Insecure use of shared memory (CWE-119)
- Insecure use of signals (CWE-390)
- Insecure use of timers (CWE-330)
- Insecure use of locks (CWE-119)
- Insecure use of semaphores (CWE-119)
- Insecure use of IPC (CWE-118)
- Insecure use of I/O operations (CWE-20)
- Insecure use of format strings (CWE-134)
- Insecure use of integer conversions (CWE-190)
- Insecure use of bitwise operations (CWE-190)
- Insecure use of resource limits (CWE-400)
- Insecure use of resource management (CWE-400)
- Insecure use of resource locks (CWE-400)
- Insecure use of resource semaphores (CWE-400)
- Insecure use of resource allocation (CWE-400)
- Insecure use of resource deallocation (CWE-400)
- Insecure use of resource sharing (CWE-400)
- Insecure use of resource management in kernel modules (CWE-400)
- Insecure use of resource management in user space (CWE-400)
- Insecure use of resource management in device drivers (CWE-400)
- Insecure use of resource management in network drivers (CWE-400)
- Insecure use of resource management in filesystems (CWE-400)
- Insecure use of resource management in inter-process communication (CWE-400)
- Insecure use of resource management in system calls (CWE-400)
- Insecure use of resource management in signal handlers (
For troubleshooting, visit: https://python.langchain.com/docs/troubleshooting/errors/OUTPUT_PARSING_FAILURE , falling back to strict parser
JSON parsing failed: Invalid json output: - Weak cryptography (CWE-327, CWE-331)
- Insecure random number generation (CWE-601, 602)
- Insecure string handling (CWE-116, 117)
- Insecure file operations (CWE-361, 362)
- Insecure library usage (CWE-673, 674)
- Insecure network operations (CWE-311, 312)
- Insecure resource management (CWE-415, 418)
- Insecure usage of crypto functions (CWE-653, 654)
- Insecure temporary files (CWE-644)
- Insecure use of function pointers (CWE-416)
- Insecure use of static data (CWE-805)
- Insecure use of dynamic data (CWE-807)
- Insecure use of shared variables (CWE-829)
- Insecure use of signals (CWE-830)
- Insecure use of timers (CWE-831)
- Insecure use of locks (CWE-832)
- Insecure use of atomic operations (CWE-833)
- Insecure use of context (CWE-834)
- Insecure use of resource locks (CWE-836)
- Insecure use of resource pools (CWE-837)
- Insecure use of resource sharing (CWE-838)
- Insecure use of resource allocation (CWE-839)
- Insecure use of resource deallocation (CWE-840)
- Insecure use of resource management (CWE-841)
- Insecure use of resource locks (CWE-836)
- Insecure use of resource pools (CWE-837)
- Insecure use of resource sharing (CWE-838)
- Insecure use of resource allocation (CWE-839)
- Insecure use of resource deallocation (CWE-840)
- Insecure use of resource management (CWE-841)
- Insecure use of resource locks (CWE-836)
- Insecure use of resource pools (CWE-837)
- Insecure use of resource sharing (CWE-838)
- Insecure use of resource allocation (CWE-839)
- Insecure use of resource deallocation (CWE-840)
- Insecure use of resource management (CWE-841)
- Insecure use of resource locks (CWE-836)
- Insecure use of resource pools (CWE-837)
- Insecure use of resource sharing (CWE-
For troubleshooting, visit: https://python.langchain.com/docs/troubleshooting/errors/OUTPUT_PARSING_FAILURE , falling back to strict parser
JSON parsing failed: Invalid json output: - Weak encryption (CWE-311)
- Race conditions (CWE-362)
- Resource management (CWE-400, 415)
- Improper handling of null (CWE-457)
- Insecure use of random (CWE-330)
- Insecure use of temporary files (CWE-259)
- Insecure use of storage (CWI-798)
- Insecure use of libraries (CWE-369)
- Insecure use of web frameworks (CWE-352)
- Insecure use of XML (CWE-379)
- Insecure use of SQL (CWI-754)
- Insecure use of shell commands (CWE-327)
- Insecure use of pipes (CWE-496)
- Insecure use of signals (CWE-461)
- Insecure use of timers (CWE-467)
- Insecure use of network protocols (CWE-311)
- Insecure use of file descriptors (CWE-479)
- Insecure use of file permissions (CWE-20)
- Insecure use of file system (CWE-798)
- Insecure use of shared memory (CWE-466)
- Insecure use of locks (CWE-362)
- Insecure use of semaphores (CWE-362)
- Insecure use of mutexes (CWE-362)
- Insecure use of atomic operations (CWE-362)
- Insecure use of thread safety (CWE-362)
- Insecure use of concurrency (CWE-362)
- Insecure use of resource management (CWE-400)
- Insecure use of resource locks (CWE-400)
- Insecure use of resource semaphores (CWE-400)
- Insecure use of resource mutexes (CWE-400)
- Insecure use of resource atomic operations (CWE-400)
- Insecure use of resource concurrency (CWE-400)
- Insecure use of resource management in general (CWE-400)
- Insecure use of resource management in specific contexts (CWE-400)
- Insecure use of resource management in resource allocation (CWE-400)
- Insecure use of resource management in resource deallocation (CWE-400)
- Insecure use of resource management in resource initialization (CWE-400)
- Insecure use of resource management in resource destruction (CWE-400)
- Insecure use of resource management in resource access (CWE-400
For troubleshooting, visit: https://python.langchain.com/docs/troubleshooting/errors/OUTPUT_PARSING_FAILURE , falling back to strict parser
JSON parsing failed: Invalid json output: - Weak encryption (CWE-257)
- Insecure random number generation (CWE-330)
- Missing validation (CWE-269)
- Incorrect handling of null (CWE-476)
- Incorrect handling of unsigned/signed integers (CWE-682)
- Race conditions (CWE-362)
- Improper use of pointers (CWE-798)
- Insecure use of functions (CWE-416)
- Use of dangerous functions (CWE-327)
- Use of unsafe functions (CWE-798)
- Use of uninitialized variables (CWE-400)
- Use of resource after free (CWE-401)
- Use of resource without proper ownership (CWE-670)
- Use of resource without proper checks (CWE-676)
- Use of resource without proper validation (CWE-269)
- Use of resource without proper initialization (CWE-400)
- Use of resource without proper locking (CWE-653)
- Use of resource without proper cleanup (CWE-401)
- Use of resource without proper usage tracking (CWE-676)
- Use of resource without proper bounds checking (CWE-758)
- Use of resource without proper error handling (CWE-758)
- Use of resource without proper state management (CWE-758)
- Use of resource without proper context management (CWE-758)
- Use of resource without proper resource management (CWE-758)
- Use of resource without proper resource management (CWE-758)
- Use of resource without proper resource management (CWE-758)
- Use of resource without proper resource management (CWE-758)
- Use of resource without proper resource management (CWE-758)
- Use of resource without proper resource management (CWE-758)
- Use of resource without proper resource management (CWE-758)
- Use of resource without proper resource management (CWE-758)
- Use of resource without proper resource management (CWE-758)
- Use of resource without proper resource management (CWE-758)
- Use of resource without proper resource management (CWE-758)
- Use of resource without proper resource management (CWE-758)
- Use of resource without proper resource management (CWE-758)
- Use of resource without proper resource management (CWE-758)
- Use of resource without proper resource management (CWE-758)
- Use of resource without proper resource management (CWE-758)
- Use of resource without proper resource
For troubleshooting, visit: https://python.langchain.com/docs/troubleshooting/errors/OUTPUT_PARSING_FAILURE , falling back to strict parser
JSON parsing failed: Invalid json output: - Weak encryption (CWE-311)
- Race conditions (CWE-362)
- Insecure use of random functions (CWE-601, 602)
- Insecure use of temporary files (CWE-644)
- Insecure use of external libraries (CWE-369)
- Insecure use of cloud storage (CWE-377)
- Insecure use of containerization (CWE-397)
- Insecure use of logging (CWE-117)
- Insecure use of signal handling (CWE-413)
- Insecure use of exception handling (CWE-462)
- Insecure use of resource locks (CWE-269)
- Insecure use of file descriptors (CWE-330)
- Insecure use of shared memory (CWE-390)
- Insecure use of pipes (CWE-498)
- Insecure use of sockets (CWE-502)
- Insecure use of subprocesses (CWE-327)
- Insecure use of static data (CWE-416)
- Insecure use of dynamic data (CWE-476)
- Insecure use of resource allocation (CWE-400)
- Insecure use of resource management (CWE-401)
- Insecure use of resource locks (CWE-269)
- Insecure use of resource sharing (CWE-269)
- Insecure use of resource handling (CWE-269)
- Insecure use of resource locks (CWE-269)
- Insecure use of resource sharing (CWE-269)
- Insecure use of resource management (CWE-401)
- Insecure use of resource allocation (CWE-400)
- Insecure use of resource locks (CWE-269)
- Insecure use of resource sharing (CWE-269)
- Insecure use of resource management (CWE-401)
- Insecure use of resource allocation (CWE-400)
- Insecure use of resource locks (CWE-269)
- Insecure use of resource sharing (CWE-269)
- Insecure use of resource management (CWE-401)
- Insecure use of resource allocation (CWE-400)
- Insecure use of resource locks (CWE-269)
- Insecure use of resource sharing (CWE-269)
- Insecure use of resource management (CWE-401)
- Insecure use of resource allocation (CWE-400)
- Insecure use of resource locks (CWE-269)
For troubleshooting, visit: https://python.langchain.com/docs/troubleshooting/errors/OUTPUT_PARSING_FAILURE , falling back to strict parser
2025-10-03 16:11:33,222 - job_deepseek_database_1759521942 - INFO - Task rank_cwe: 30/314 commits processed
JSON parsing failed: Invalid json output: - Weak encryption (CWE-261)
- Insecure random number generation (CWE-330)
- Incorrect handling of nulls (CWE-399)
- Incorrect handling of unsigned/signed integers (CWE-682)
- Incorrect use of free() (CWE-401)
- Incorrect use of strlen() (CWE-131)
- Incorrect use of memcpy() (CWE-787)
- Incorrect use of memmove() (CWE-787)
- Incorrect use of memcmp() (CWE-787)
- Incorrect use of functions returning int (CWE-682)
- Incorrect use of functions returning size_t (CWE-682)
- Incorrect use of functions returning void (CWE-682)
- Incorrect use of functions returning int (CWE-682)
- Incorrect use of functions returning size_t (CWE-682)
- Incorrect use of functions returning void (CWE-682)
- Incorrect use of functions returning int (CWE-682)
- Incorrect use of functions returning size_t (CWE-682)
- Incorrect use of functions returning void (CWE-682)
- Incorrect use of functions returning int (CWE-682)
- Incorrect use of functions returning size_t (CWE-682)
- Incorrect use of functions returning void (CWE-682)
- Incorrect use of functions returning int (CWE-682)
- Incorrect use of functions returning size_t (CWE-682)
- Incorrect use of functions returning void (CWE-682)
- Incorrect use of functions returning int (CWE-682)
- Incorrect use of functions returning size_t (CWE-682)
- Incorrect use of functions returning void (CWE-682)
- Incorrect use of functions returning int (CWE-682)
- Incorrect use of functions returning size_t (CWE-682)
- Incorrect use of functions returning void (CWE-682)
- Incorrect use of functions returning int (CWE-682)
- Incorrect use of functions returning size_t (CWE-682)
- Incorrect use of functions returning void (CWE-682)
- Incorrect use of functions returning int (CWE-682)
- Incorrect use of functions returning size_t (CWE-682)
- Incorrect use of functions returning void (CWE-682)
- Incorrect use of functions returning int (CWE-682)
- Incorrect use of functions returning size_t (CWE-682)
- Incorrect use of functions returning void (CWE-682)
- Incorrect use of
For troubleshooting, visit: https://python.langchain.com/docs/troubleshooting/errors/OUTPUT_PARSING_FAILURE , falling back to strict parser
JSON parsing failed: Invalid json output: - Weak encryption (CWE-257)
- Insecure random number generation (CWE-330)
- Improper input handling (CWE-369)
- Uninitialized variables (CWE-827)
- Race conditions (CWE-362)
- Integer overflow (CWE-191, CWE-200)
- Time-related issues (CWE-366)
- Insecure string handling (CWE-119, CWE-134)
- Missing validation (CWE-907)
- Insecure file operations (CWE-378)
- Insecure library usage (CWE-378)
- Insecure inter-process communication (CWE-269)
- Weak authentication (CWE-416)
- Insecure use of function output (CWE-352)
- Insecure use of random number (CWE-330)
- Insecure use of external libraries (CWE-378)
- Insecure use of static data (CWE-119)
- Insecure use of dynamic data (CWE-134)
- Insecure use of resource (CWE-400)
- Insecure use of resource without validation (CWE-476)
- Insecure use of resource without checking (CWE-400)
- Insecure use of resource without proper permissions (CWE-400)
- Insecure use of resource without proper validation (CWE-476)
- Insecure use of resource without proper handling (CWE-400)
- Insecure use of resource without proper cleanup (CWE-400)
- Insecure use of resource without proper release (CWE-400)
- Insecure use of resource without proper initialization (CWE-400)
- Insecure use of resource without proper state management (CWE-400)
- Insecure use of resource without proper locking (CWE-400)
- Insecure use of resource without proper synchronization (CWE-400)
- Insecure use of resource without proper validation (CWE-476)
- Insecure use of resource without proper handling (CWE-400)
- Insecure use of resource without proper cleanup (CWE-400)
- Insecure use of resource without proper release (CWE-400)
- Insecure use of resource without proper initialization (CWE-400)
- Insecure use of resource without proper state management (CWE-400)
- Insecure use of resource without proper locking (CWE-400)
- Insecure use of resource without proper synchronization (CWE-400)
- Insecure use of resource without proper validation
For troubleshooting, visit: https://python.langchain.com/docs/troubleshooting/errors/OUTPUT_PARSING_FAILURE , falling back to strict parser
JSON parsing failed: Invalid json output: - Weak encryption (CWE-311)
- Insecure random number generation (CWE-327)
- Improper input handling (CWE-369)
- Resource management issues (CWE-415, 400, 401)
- Race conditions (CWE-362)
- Insecure string handling (CWE-119, 131, 134)
- Insecure file operations (CWE-416)
- Insecure library usage (CWE-673)
- Insecure network operations (CWE-311, 132)
- Insecure resource sharing (CWE-400)
- Insecure temporary usage (CWE-496)
- Insecure usage of function result (CWE-823)
- Insecure use of static data (CWE-805)
- Insecure use of dynamic data (CWE-803)
- Insecure use of external data (CWE-803)
- Insecure use of user space (CWE-824)
- Insecure use of internal data (CWE-803)
- Insecure use of external libraries (CWE-673)
- Insecure use of system calls (CWE-798)
- Insecure use of system functions (CWE-798)
- Insecure use of system resources (CWE-798)
- Insecure use of system data (CWE-798)
- Insecure use of system time (CWE-798)
- Insecure use of system memory (CWE-798)
- Insecure use of system processing (CWE-798)
- Insecure use of system capabilities (CWE-798)
- Insecure use of system interfaces (CWE-798)
- Insecure use of system calls (CWE-798)
- Insecure use of system functions (CWE-798)
- Insecure use of system resources (CWE-798)
- Insecure use of system data (CWE-798)
- Insecure use of system time (CWE-798)
- Insecure use of system memory (CWE-798)
- Insecure use of system processing (CWE-798)
- Insecure use of system capabilities (CWE-798)
- Insecure use of system interfaces (CWE-798)
- Insecure use of system calls (CWE-798)
- Insecure use of system functions (CWE-798)
- Insecure use of system resources (CWE-798)
- Insecure use of system data (CWE-798)
- Insecure
For troubleshooting, visit: https://python.langchain.com/docs/troubleshooting/errors/OUTPUT_PARSING_FAILURE , falling back to strict parser
JSON parsing failed: Invalid json output: - Weak random number generation (CWE-601)
- Insecure use of random numbers (CWE-327)
- Insecure use of public keys (CWE-653)
- Insecure use of private keys (CWE-654)
- Insecure use of cryptographic hash functions (CWE-157)
- Insecure use of resource management (CWE-400)
- Insecure use of file operations (CWE-366)
- Insecure use of network functions (CWE-397)
- Insecure use of external libraries (CWE-670)
- Insecure use of third-party code (CWE-676)
- Insecure use of static data (CWE-119)
- Insecure use of dynamic data (CWE-118)
- Insecure use of resource management (CWE-400)
- Insecure use of file operations (CWE-366)
- Insecure use of network functions (CWE-397)
- Insecure use of external libraries (CWE-670)
- Insecure use of third-party code (CWE-676)
- Insecure use of static data (CWE-119)
- Insecure use of dynamic data (CWE-118)
- Insecure use of resource management (CWE-400)
- Insecure use of file operations (CWE-366)
- Insecure use of network functions (CWE-397)
- Insecure use of external libraries (CWE-670)
- Insecure use of third-party code (CWE-676)
- Insecure use of static data (CWE-119)
- Insecure use of dynamic data (CWE-118)
- Insecure use of resource management (CWE-400)
- Insecure use of file operations (CWE-366)
- Insecure use of network functions (CWE-397)
- Insecure use of external libraries (CWE-670)
- Insecure use of third-party code (CWE-676)
- Insecure use of static data (CWE-119)
- Insecure use of dynamic data (CWE-118)
- Insecure use of resource management (CWE-400)
- Insecure use of file operations (CWE-366)
- Insecure use of network functions (CWE-397)
- Insecure use of external libraries (CWE-670)
- Insecure use of third-party code (CWE-676)
- Insecure use of static data (CWE-119)
-
For troubleshooting, visit: https://python.langchain.com/docs/troubleshooting/errors/OUTPUT_PARSING_FAILURE , falling back to strict parser
JSON parsing failed: Invalid json output: - Weak encryption (CWE-311)
- Insecure random number generation (CWE-330)
- Integer overflow (CWE-191, CWE-199)
- Race conditions (CWE-362)
- Improper input handling (CWE-369)
- Weaknesses in resource management (CWE-400)
- Insecure temporary files (CWE-414)
- Insecure file operations (CWE-416)
- Weaknesses in authentication (CWE-312)
- Weaknesses in the use of Go's unsafe package (CWE-426)
- Weaknesses in the use of C's union types (CWE-434)
- Weaknesses in the use of C's struct packing (CWE-435)
- Weaknesses in the use of C's bitfields (CWE-436)
- Weaknesses in the use of C's pointer arithmetic (CWE-823)
- Weaknesses in the use of C's string functions (CWE-828)
- Weaknesses in the use of C's time functions (CWE-830)
- Weaknesses in the use of C's integer functions (CWE-831)
- Weaknesses in the use of C's floating-point functions (CWE-832)
- Weaknesses in the use of C's bitwise operations (CWE-833)
- Weaknesses in the use of C's logical operations (CWE-834)
- Weaknesses in the use of C's relational operators (CWE-835)
- Weaknesses in the use of C's arithmetic operators (CWE-836)
- Weaknesses in the use of C's assignment operators (CWE-837)
- Weaknesses in the use of C's function calls (CWE-838)
- Weaknesses in the use of C's function return values (CWE-839)
- Weaknesses in the use of C's variable storage (CWE-840)
- Weaknesses in the use of C's variable assignment (CWE-841)
- Weaknesses in the use of C's variable initialization (CWE-842)
- Weaknesses in the use of C's variable modification (CWE-843)
- Weaknesses in the use of C's variable scope (CWE-844)
- Weaknesses in the use of C's variable size (CWE-845)
- Weaknesses in the use of C's variable type (
For troubleshooting, visit: https://python.langchain.com/docs/troubleshooting/errors/OUTPUT_PARSING_FAILURE , falling back to strict parser
JSON parsing failed: Invalid json output: - Weak encryption (CWE-327)
- Insecure direct object references (CWE-369)
- Insecure use of function (CWE-416)
- Insecure use of random number generator (CWE-601)
- Insecure use of public key (CWE-653)
- Insecure use of private key (CWE-654)
- Insecure use of cipher block mode (CWE-657)
- Insecure use of IV (CWE-658)
- Insecure use of key exchange (CWE-659)
- Insecure use of key wrapping (CWE-660)
- Insecure use of key validation (CWE-661)
- Insecure use of key generation (CWE-662)
- Insecure use of key storage (CWE-663)
- Insecure use of key distribution (CWE-664)
- Insecure use of key revocation (CWE-665)
- Insecure use of key archiving (CWE-666)
- Insecure use of key sharing (CWE-667)
- Insecure use of key splitting (CWE-668)
- Insecure use of key merging (CWE-669)
- Insecure use of key derivation (CWE-670)
- Insecure use of key exchange (CWE-671)
- Insecure use of key wrapping (CWE-672)
- In CWE-673, 674, 675, 676, 677, 678, 679, 680, 681, 682, 683, 684, 685, 686, 687, 688, 689, 690, 691, 692, 693, 694, 695, 696, 697, 698, 699, 700, 701, 702, 703, 704, 705, 706, 707, 708, 709, 710, 711, 712, 713, 714, 715, 716, 717, 718, 719, 720, 721, 722, 723, 724, 725, 726, 727, 728, 729, 730, 731, 732, 733, 734, 735, 736, 737, 738, 739, 740, 741, 742, 743, 744, 745, 746, 747,
For troubleshooting, visit: https://python.langchain.com/docs/troubleshooting/errors/OUTPUT_PARSING_FAILURE , falling back to strict parser
JSON parsing failed: Invalid json output: - Weak encryption (CWE-257)
- Insecure random number generation (CWE-330)
- Integer overflows (CWE-191, CWE-199)
- Race conditions (CWE-362)
- Insecure string handling (CWE-119, CWE-134)
- Weaknesses in API usage (CWE-116, CWE-117)
- Insecure file operations (CWE-78)
- Insecure library usage (CWE-673)
- Insecure resource management (CWE-415)
- Insecure inter-process communication (CWE-118)
- Weaknesses in authentication (CWE-307)
- Weaknesses in session management (CWE-365)
- Weaknesses in configuration management (CWE-312)
- Weaknesses in data validation (CWE-22, etc.)
- Weaknesses in resource management (CWE-415)
- Weaknesses in exception handling (CWE-100)
- Weaknesses in concurrency (CWE-362)
- Weaknesses in time-related functions (CWE-366)
- Weaknesses in logging (CWE-364)
- Weaknesses in input sanitization (CWE-20, 190)
- Weaknesses in output handling (CWE-134)
- Weaknesses in file operations (CWE-78)
- Weaknesses in network operations (CWE-117)
- Weaknesses in cryptographic implementation (CWE-327)
- Weaknesses in resource locks (CWE-269)
- Weaknesses in resource sharing (CWE-269)
- Weaknesses in resource allocation (CWE-415)
- Weaknesses in resource management (CWE-415)
- Weaknesses in exception handling (CWE-100)
- Weaknesses in signal handling (CWE-100)
- Weaknesses in system calls (CWE-116)
- Weaknesses in inter-process communication (CWE-118)
- Weaknesses in API misuse (CWE-116)
- Weaknesses in API parameter handling (CWE-116)
- Weaknesses in API resource usage (CWE-116)
- Weaknesses in API sequence management (CWE-116)
- Weaknesses in API state management (CWE-116)
- Weaknesses in API thread safety (CWE-116)
- Weaknesses in API input validation (CWE-116)
- Weakness
For troubleshooting, visit: https://python.langchain.com/docs/troubleshooting/errors/OUTPUT_PARSING_FAILURE , falling back to strict parser
JSON parsing failed: Invalid json output: - Weak encryption (CWE-311)
- Integer overflow (CWE-191, CWE-199)
- Race conditions (CWE-362)
- Resource management issues (CWE-400, 396, 415)
- Improper handling of nulls (CWE-457)
- Weak randomization (CWE-330)
- Insecure use of random functions (CWE-330)
- Insecure use of external libraries (CWE-109)
- Insecure use of static data (CWE-119)
- Insecure use of dynamic data (CWE-20)
- Insecure use of file descriptors (CWE-361)
- Insecure use of socket operations (CWE-117)
- Insecure use of shared memory (CWE-416)
- Insecure use of pipes (CWE-502)
- Insecure use of IPC mechanisms (CWE-117)
- Insecure use of I/O operations (CWE-20)
- Insecure use of data formats (CWE-117)
- Insecure use of cryptographic functions (CWE-311)
- Insecure use of resource management (CWE-400)
- Insecure use of resource locks (CWE-400)
- Insecure use of resource allocation (CWE-400)
- Insecure use of resource deallocation (CWE-400)
- Insecure use of resource sharing (CWE-400)
- Insecure use of resource management in C (CWE-400)
- Insecure use of resource management in C++ (CWE-400)
- Insecure use of resource management in other languages (CWE-400)
- Insecure use of resource management in Java (CWE-400)
- Insecure use of resource management in Python (CWE-400)
- Insecure use of resource management in C (CWE-400)
- Insecure use of resource management in C++ (CWE-400)
- Insecure use of resource management in other languages (CWE-400)
- Insecure use of resource management in Java (CWE-400)
- Insecure use of resource management in Python (CWE-400)
- Insecure use of resource management in C (CWE-400)
- Insecure use of resource management in C++ (CWE-400)
- Insecure use of resource management in other languages (CWE-400)
- Insecure use of resource management in Java (CWE-400)
- Insecure use
For troubleshooting, visit: https://python.langchain.com/docs/troubleshooting/errors/OUTPUT_PARSING_FAILURE , falling back to strict parser
JSON parsing failed: Invalid json output: - Weak encryption (CWE-261)
- Insecure random number generation (CWE-330)
- Insecure string handling (CWE-131, CWE-134)
- Insecure file operations (CWE-48, CWE-416)
- Insecure library usage (CWE-673)
- Insecure resource management (CWE-415, CWE-400)
- Insecure network operations (CWE-311, CWE-304)
- Insecure usage of system functions (CWE-327, CWE-327)
- Insecure usage of system functions (CWE-327, CWE-327)
- Insecure usage of system functions (CWE-327, CWE-327)
- Insecure usage of system functions (CWE-327, CWE-327)
- Insecure usage of system functions (CWE-327, CWE-327)
- Insecure usage of system functions (CWE-327, CWE-327)
- Insecure usage of system functions (CWE-327, CWE-327)
- Insecure usage of system functions (CWE-327, CWE-327)
- Insecure usage of system functions (CWE-327, CWE-327)
- Insecure usage of system functions (CWE-327, CWE-327)
- Insecure usage of system functions (CWE-327, CWE-327)
- Insecure usage of system functions (CWE-327, CWE-327)
- Insecure usage of system functions (CWE-327, CWE-327)
- Insecure usage of system functions (CWE-327, CWE-327)
- Insecure usage of system functions (CWE-327, CWE-327)
- Insecure usage of system functions (CWE-327, CWE-327)
- Insecure usage of system functions (CWE-327, CWE-327)
- Insecure usage of system functions (CWE-327, CWE-327)
- Insecure usage of system functions (CWE-327, CWE-327)
- Insecure usage of system functions (CWE-327, CWE-327)
- Insecure usage of system functions (CWE-327, CWE-327)
- Insecure usage of system functions (CWE-327, CWE-327)
- Insecure usage of system functions (CWE-327, CWE-327)
- Insecure usage of system functions (CWE-327, CWE-327)
- Insecure usage of system functions (CWE-327
For troubleshooting, visit: https://python.langchain.com/docs/troubleshooting/errors/OUTPUT_PARSING_FAILURE , falling back to strict parser
JSON parsing failed: Invalid json output: - Weak encryption (CWE-257)
- Insecure random number generation (CWE-330)
- Insecure string handling (CWE-131, CWE-134)
- Insecure file operations (CWE-48, CWE-416)
- Insecure library usage (CWE-673)
- Insecure resource management (CWE-415)
- Insecure network operations (CWE-311)
- Insecure usage of system functions (CWE-416)
- Insecure usage of external libraries (CWE-673)
- Insecure usage of user-space functions (CWE-416)
- Insecure usage of user-space functions (CWE-416)
- Insecure usage of user-space functions (CWE-416)

First, I'll analyze the code for potential vulnerabilities.

Looking at the function proc_sys_readdir, it's handling system control tables. The function reads entries from a directory, possibly in the proc filesystem.

The code starts by grabbing the header, then emits a dot if needed. Then it loops through the entries, scanning each one. The scan function is called, which might be doing something like reading the value of the sysctl.

Looking for possible issues:

1. **Buffer Overflow (CWE-119, 787, 125):** The function uses 'pos' which is an unsigned long. If 'scan' reads more data than expected, it could cause a buffer overflow. The 'pos' is incremented, but if the data is larger than expected, it might write beyond the buffer.

2. **Memory Issues (CWE-476):** If 'scan' allocates memory that isn't properly handled, there could be a memory leak or double-free. However, without seeing the implementation of 'scan', it's hard to say. The code doesn't show any obvious memory management issues.

3. **Input Validation (CWE-20, 190):** The function doesn't validate the inputs properly. For example, the 'file' and 'ctx' parameters might not be checked for validity, leading to potential issues if they are manipulated.

4. **Information Exposure (CWE-200):** If the sysctl values are sensitive, not properly handling them could expose information. For example, if the function doesn't restrict access to certain sysctl nodes, it might expose internal system data.

5. **Injection Flaws (CWE-79, 89, 94):** If the function uses untrusted input without proper sanitization, it could
For troubleshooting, visit: https://python.langchain.com/docs/troubleshooting/errors/OUTPUT_PARSING_FAILURE , falling back to strict parser
2025-10-03 16:13:29,150 - job_deepseek_database_1759521942 - INFO - Task rank_cwe: 40/314 commits processed
JSON parsing failed: Invalid json output: - Weak encryption (CWE-261)
- Race conditions (CWE-362)
- Improper handling of null (CWE-476)
- Resource management issues (CWE-400, 401, 402)
- Insecure use of random (CWE-330)
- Insecure use of external libraries (CWE-601)
- Insecure use of function (CWE-587)
- Insecure use of file operations (CWE-798)
- Insecure use of network functions (CWE-311)
- Insecure use of storage functions (CWE-798)
- Insecure use of concurrency (CWE-653)
- Insecure use of container functions (CWE-131, 132)
- Insecure use of logging (CWE-117)
- Insecure use of compression (CWE-493)
- Insecure use of version control (CWE-654)
- Insecure use of time functions (CWE-330)
- Insecure use of XML (CWE-662)
- Insecure use of SQL (CWE-644)
- Insecure use of shell commands (CWE-78)
- Insecure use of environment variables (CWE-601)
- Insecure use of signal handling (CWE-390)
- Insecure use of exception handling (CWE-117)
- Insecure use of file descriptors (CWE-400)
- Insecure use of locks (CWE-653)
- Insecure use of shared memory (CWE-416)
- Insecure use of pipes (CWE-601)
- Insecure use of semaphores (CWE-653)
- Insecure use of timers (CWE-330)
- Insecure use of context switches (CWE-653)
- Insecure use of interrupt handling (CWE-653)
- Insecure use of spinlocks (CWE-653)
- Insecure use of raw spinlocks (CWE-653)
- Insecure use of atomic operations (CWE-653)
- Insecure use of memory barriers (CWE-653)
- Insecure use of lockless data structures (CWE-653)
- Insecure use of coroutines (CWE-653)
- Insecure use of recursion (CWE-653)
- Insecure use of stack (CWE-653)
- Insecure use of heap (CWE-653)
- Insecure use of dynamic memory management (CWE-653)
- Insecure
For troubleshooting, visit: https://python.langchain.com/docs/troubleshooting/errors/OUTPUT_PARSING_FAILURE , falling back to strict parser
JSON parsing failed: Invalid json output: - Weak encryption (CWE-311)
- Insecure random number generation (CWE-330)
- Integer overflow (CWE-191, CWE-199)
- Race conditions (CWP-11, but not in standard)
- Weaknesses in resource management (CWE-400, 415)
- Insecure use of function (CWE-587)
- Missing validation (CWE-907)
- Insecure use of dynamic memory (CWE-122, 134)
- Insecure use of static memory (CWE-400, 401)
- Insecure use of shared memory (CWE-416)
- Insecure use of external data (CWE-74)
- Insecure use of external libraries (CWE-118)
- Insecure use of file operations (CWE-22, 413)
- Insecure use of network functions (CWE-74, 77)
- Insecure use of process or thread information (CWE-119)
- Insecure use of resource locks (CWE-119)
- Insecure use of resource pools (CWE-400)
- Insecure use of string functions (CWE-116, 117)
- Insecure use of temporal (time-based) information (CWE-367)
- Insecure use of version information (CWE-457)
- Insecure use of third-party data (CWE-74)
- Insecure use of untrusted data (CWE-74)
- Insecure use of unchecked data (CWE-74)
- Insecure use of unchecked function arguments (CWE-74)
- Insecure use of unchecked function return values (CWE-74)
- Insecure use of unchecked function modifiers (CWE-74)
- Insecure use of unchecked function modifiers (CWE-74)
- Insecure use of unchecked function modifiers (CWE-74)
- Insecure use of unchecked function modifiers (CWE-74)
- Insecure use of unchecked function modifiers (CWE-74)
- Insecure use of unchecked function modifiers (CWE-74)
- Insecure use of unchecked function modifiers (CWE-74)
- Insecure use of unchecked function modifiers (CWE-74)
- Insecure use of unchecked function modifiers (CWE-74)
- Insecure use of unchecked function modifiers (CWE-74)
- Insecure use of unchecked function modifiers (CWE-74)
- Insecure use of unchecked function modifiers (CWE-74
For troubleshooting, visit: https://python.langchain.com/docs/troubleshooting/errors/OUTPUT_PARSING_FAILURE , falling back to strict parser
JSON parsing failed: Invalid json output: - Weak encryption (CWE-311)
- Insecure random number generation (CWE-330)
- Insecure string handling (CWE-131, CWE-134)
- Insecure file operations (CWE-48, CWE-384)
- Insecure library usage (CWE-378)
- Insecure resource management (CWE-415, CWE-494)
- Insecure network operations (CWE-311, CWE-304)
- Insecure usage of system functions (CWE-327, CWE-327)
- Insecure use of flags (CWE-416)
- Insecure use of pointers (CWE-823)
- Insecure use of static data (CWE-451)
- Insecure use of temporary variables (CWE-570)
- Insecure use of variables (CWE-400)
- Insecure use of file descriptors (CWE-384)
- Insecure use of file operations (CWE-48)
- Insecure use of system calls (CWE-327)
- Insecure use of system functions (CWE-327)
- Insecure use of system libraries (CFS-XXX)
- Insecure use of environment variables (CWE-601)
- Insecure use of external data (CWE-601)
- Insecure use of user input (CWE-601)
- Insecure use of user-supplied data (CWE-601)
- Insecure use of network data (CWE-601)
- Insecure use of temporary files (CWE-570)
- Insecure use of shared memory (CWE-416)
- Insecure use of locks (CWE-826)
- Insecure use of race conditions (CWE-828)
- Insecure use of concurrency controls (CWE-828)
- Insecure use of atomic operations (CWE-828)
- Insecure use of multi-threading (CWE-828)
- Insecure use of signals (CFS-XXX)
- Insecure use of timers (CFS-XXX)
- Insecure use of interrupt handlers (CFS-XXX)
- Insecure use of I/O operations (CWE-330)
- Insecure use of file operations (CWE-48)
- Insecure use of system calls (CWE-327)
- Insecure use of system functions (CWE-327)
- Insecure use of system libraries (CFS-XXX)
- Insecure use of dynamic linking (CWE-327)
- In
For troubleshooting, visit: https://python.langchain.com/docs/troubleshooting/errors/OUTPUT_PARSING_FAILURE , falling back to strict parser
JSON parsing failed: Invalid json output: - Weak encryption (CWE-261)
- Insecure random number generation (CWE-330)
- Integer overflow (CWE-191, CWE-199)
- Race conditions (CWE-363)
- Weaknesses in channel handling (CWE-397, CWE-398)
- Weaknesses in resource management (CWE-400)
- Weaknesses in resource sharing (CWE-401)
- Weaknesses in resource management (CWE-400)
- Weaknesses in resource sharing (CWE-401)
- Weaknesses in resource management (CWE-400)
- Weaknesses in resource sharing (CWE-401)
- Weaknesses in resource management (CWE-400)
- Weaknesses in resource sharing (CWE-401)
- Weaknesses in resource management (CWE-400)
- Weaknesses in resource sharing (CWE-401)
- Weaknesses in resource management (CWE-400)
- Weaknesses in resource sharing (CWE-401)
- Weaknesses in resource management (CWE-400)
- Weaknesses in resource sharing (CWE-401)
- Weaknesses in resource management (CWE-400)
- Weaknesses in resource sharing (CWE-401)
- Weaknesses in resource management (CWE-400)
- Weaknesses in resource sharing (CWE-401)
- Weaknesses in resource management (CWE-400)
- Weaknesses in resource sharing (CWE-401)
- Weaknesses in resource management (CWE-400)
- Weaknesses in resource sharing (CWE-401)
- Weaknesses in resource management (CWE-400)
- Weaknesses in resource sharing (CWE-401)
- Weaknesses in resource management (CWE-400)
- Weaknesses in resource sharing (CWE-401)
- Weaknesses in resource management (CWE-400)
- Weaknesses in resource sharing (CWE-401)
- Weaknesses in resource management (CWE-400)
- Weaknesses in resource sharing (CWE-401)
- Weaknesses in resource management (CWE-400)
- Weaknesses in resource sharing (CWE-401)
- Weaknesses in resource management (CWE-400)
- Weaknesses in resource sharing (CWE-401)
- Weaknesses in resource management (CWE
For troubleshooting, visit: https://python.langchain.com/docs/troubleshooting/errors/OUTPUT_PARSING_FAILURE , falling back to strict parser
JSON parsing failed: Invalid json output: - Weak random number generation (CWE-601)
- Insecure use of crypto (CWE-338)
- Insecure use of public keys (CWE-653)
- Insecure use of cookies (CWE-601)
- Insecure use of temporary files (CWE-414)
- Insecure use of fork (CWE-502)
- Insecure use of shared memory (CWE-414)
- Insecure use of pipes (CWE-414)
- Insecure use of file descriptors (CWE-414)
- Insecure use of signals (CWE-414)
- Insecure use of timers (CWE-414)
- Insecure use of locks (CWE-414)
- Insecure use of semaphores (CWE-414)
- Insecure use of threads (CWE-414)
- Insecure use of recursion (CWE-414)
- Insecure use of dynamic memory management (CWE-416)
- Insecure use of static data (CWE-416)
- Insecure use of external libraries (CWE-416)
- Insecure use of resource management (CWE-416)
- Insecure use of resource locking (CWE-416)
- Insecure use of resource sharing (CWE-416)
- Insecure use of resource allocation (CWE-416)
- Insecure use of resource deallocation (CWE-416)
- Insecure use of resource handling (CWE-416)
- Insecure use of resource management functions (CWE-416)
- Insecure use of resource locks (CWE-416)
- Insecure use of resource sharing (CWE-416)
- Insecure use of resource allocation (CWE-416)
- Insecure use of resource deallocation (CWE-416)
- Insecure use of resource handling (CWE-416)
- Insecure use of resource management (CWE-416)
- Insecure use of resource locking (CWE-416)
- Insecure use of resource sharing (CWE-416)
- Insecure use of resource allocation (CWE-416)
- Insecure use of resource deallocation (CWE-416)
- Insecure use of resource handling (CWE-416)
- Insecure use of resource management (CWE-416)
- Insecure use of resource locking (CWE-416)
- Insecure use of resource sharing (CWE-416)
- Insecure use of resource allocation (CWE
For troubleshooting, visit: https://python.langchain.com/docs/troubleshooting/errors/OUTPUT_PARSING_FAILURE , falling back to strict parser
JSON parsing failed: Invalid json output: - Weak encryption (CWE-261)
- Insecure random number generation (CWE-330)
- Integer overflow (CWE-191, CWE-199)
- Race conditions (CWE-363)
- Missing bounds checking (CWE-657)
- Insecure string handling (CWE-119, CWE-134)
- Weaknesses in API design (CWE-592)
- Insecure file operations (CWE-416)
- Insecure library usage (CWE-673)
- Insecure resource management (CWE-415)
- Insecure inter-process communication (CWE-118)
- Weaknesses in authentication (CWE-613)
- Weaknesses in session management (CWE-625)
- Weaknesses in configuration management (CWE-694)
- Weaknesses in resource management (CWE-415)
- Weaknesses in data validation (CWE-20)
- Weaknesses in file handling (CWE-416)
- Weaknesses in resource locks (CWE-119)
- Weaknesses in resource sharing (CWE-119)
- Weaknesses in resource management (CWE-415)
- Weaknesses in resource leaks (CWE-401)
- Weaknesses in resource handling (CWE-416)
- Weaknesses in resource initialization (CWE-416)
- Weaknesses in resource cleanup (CWE-416)
- Weaknesses in resource deallocation (CWE-416)
- Weaknesses in resource ownership (CWE-416)
- Weaknesses in resource usage (CWE-416)
- Weaknesses in resource access (CWE-416)
- Weaknesses in resource access control (CWE-416)
- Weaknesses in resource access validation (CWE-416)
- Weaknesses in resource access patterns (CWE-416)
- Weaknesses in resource access enforcement (CWE-416)
- Weaknesses in resource access monitoring (CWE-416)
- Weaknesses in resource access logging (CWE-416)
- Weaknesses in resource access auditing (CWE-416)
- Weaknesses in resource access validation (CWE-416)
- Weaknesses in resource access patterns (CWE-416)
- Weaknesses in resource access enforcement (CWE-416)
- Weaknesses in resource access monitoring (CWE-416)
- Weaknesses in resource access logging (CWE
For troubleshooting, visit: https://python.langchain.com/docs/troubleshooting/errors/OUTPUT_PARSING_FAILURE , falling back to strict parser
JSON parsing failed: Invalid json output: - Weak encryption (CWE-311)
- Race conditions (CWE-362)
- Resource management issues (CWE-400, 415, 413)
- Improper handling of null (CWE-457)
- Missing validation (CWE-907)
- Integer overflow (CWE-191, 199, 200)
- Weak random (CWE-330)
- Insecure use of random (CWE-601)
- Insecure use of external libraries (CWE-327)
- Insecure use of function (CWE-416)
- Insecure use of file operations (CWE-414)
- Insecure use of system calls (CWE-377)
- Insecure use of network functions (CWE-311)
- Insecure use of storage (CWE-399)
- Insecure use of logging (CWE-117)
- Insecure use of signal handling (CWE-413)
- Insecure use of concurrency (CWE-362)
- Insecure use of resource locks (CWE-480)
- Insecure use of shared memory (CWE-498)
- Insecure use of pipes (CWE-496)
- Insecure use of semaphores (CWE-499)
- Insecure use of timers (CWE-500)
- Insecure use of event loops (CWE-501)
- Insecure use of callbacks (CWE-505)
- Insecure use of resource allocation (CWE-400)
- Insecure use of resource deallocation (CWE-415)
- Insecure use of resource management (CWE-413)
- Insecure use of resource locks (CWE-480)
- Insecure use of resource sharing (CWE-481)
- Insecure use of resource access (CWE-482)
- Insecure use of resource locks (CWE-480)
- Insecure use of resource management (CWE-413)
- Insecure use of resource sharing (CWE-481)
- Insecure use of resource access (CWE-482)
- Insecure use of resource locks (CWE-480)
- Insecure use of resource management (CWE-413)
- Insecure use of resource sharing (CWE-481)
- Insecure use of resource access (CWE-482)
- Insecure use of resource locks (CWE-480)
- Insecure use of resource management (CWE-413)
- Insecure use of resource sharing (CWE
For troubleshooting, visit: https://python.langchain.com/docs/troubleshooting/errors/OUTPUT_PARSING_FAILURE , falling back to strict parser
JSON parsing failed: Invalid json output: - Weak encryption (CWE-311)
- Insecure random number generation (CWE-330)
- Integer overflow (CWE-191, CWE-200)
- Weaknesses in bit manipulation (CWE-823)
- Use of unsafe functions (CWE-653, CWE-653)
- Insecure string handling (CWE-116, CWE-117)
- Weaknesses in resource management (CWE-400)
- Insecure file operations (CWE-22, CWE-414)
- Weaknesses in data validation (CWE-22, CWE-25)
- Weaknesses in file handling (CWE-22, CWE-414)
- Weaknesses in network handling (CWE-22, CWE-414)
- Weaknesses in resource management (CWE-400)
- Weaknesses in time-related functions (CWE-366)
- Weaknesses in concurrency (CWE-367)
- Weaknesses in inter-process communication (CWE-388)
- Weaknesses in logging (CWE-388)
- Weaknesses in configuration management (CWE-388)
- Weaknesses in authentication (CWE-388)
- Weaknesses in authorization (CWE-388)
- Weaknesses in data validation (CWE-22, CWE-25)
- Weaknesses in resource management (CWE-400)
- Weaknesses in file handling (CWE-22, CWE-414)
- Weaknesses in network handling (CWE-22, CWE-414)
- Weaknesses in resource management (CWE-400)
- Weaknesses in time-related functions (CWE-366)
- Weaknesses in concurrency (CWE-367)
- Weaknesses in inter-process communication (CWE-388)
- Weaknesses in logging (CWE-388)
- Weaknesses in configuration management (CWE-388)
- Weaknesses in authentication (CWE-388)
- Weaknesses in authorization (CWE-388)
- Weaknesses in data validation (CWE-22, CWE-25)
- Weaknesses in resource management (CWE-400)
- Weaknesses in file handling (CWE-22, CWE-414)
- Weaknesses in network handling (CWE-22, CWE-414)
- Weaknesses in resource management (CWE-400)
- Weaknesses in time-related functions (CWE
For troubleshooting, visit: https://python.langchain.com/docs/troubleshooting/errors/OUTPUT_PARSING_FAILURE , falling back to strict parser
JSON parsing failed: Invalid json output: - Weak encryption (CWE-311)
- Insecure random number generation (CWE-330)
- Insecure string handling (CWE-131, CWE-134)
- Insecure file operations (CWE-416, CWE-479)
- Insecure library usage (CWE-673)
- Insecure resource management (CWE-415)
- Insecure network operations (CWE-311, CWE-754)
- Insecure usage of system functions (CWE-327, CWE-327)
- Insecure usage of external libraries (CWE-673)
- Insecure usage of environment variables (CWE-653)
- Insecure usage of temporary files (CWE-330)
- Insecure usage of file descriptors (CWE-479)
- Insecure usage of shared memory (CWE-416)
- Insecure usage of pipes (CWE-479)
- Insecure usage of sockets (CWE-754)
- Insecure usage of signals (CWE-327)
- Insecure usage of system calls (CWE-327)
- Insecure usage of environment variables (CWE-653)
- Insecure usage of temporary files (CWE-330)
- Insecure usage of file descriptors (CWE-479)
- Insecure usage of shared memory (CWE-416)
- Insecure usage of pipes (CWE-479)
- Insecure usage of sockets (CWE-754)
- Insecure usage of environment variables (CWE-653)
- Insecure usage of temporary files (CWE-330)
- Insecure usage of file descriptors (CWE-479)
- Insecure usage of shared memory (CWE-416)
- Insecure usage of pipes (CWE-479)
- Insecure usage of sockets (CWE-754)
- Insecure usage of environment variables (CWE-653)
- Insecure usage of temporary files (CWE-330)
- Insecure usage of file descriptors (CWE-479)
- Insecure usage of shared memory (CWE-416)
- Insecure usage of pipes (CWE-479)
- Insecure usage of sockets (CWE-754)
- Insecure usage of environment variables (CWE-653)
- Insecure usage of temporary files (CWE-330)
- Insecure usage of file descriptors (CWE-479)
- Insecure usage of shared memory (CWE-416)
- Insecure usage of pipes (CWE-479)
-
For troubleshooting, visit: https://python.langchain.com/docs/troubleshooting/errors/OUTPUT_PARSING_FAILURE , falling back to strict parser
JSON parsing failed: Invalid json output: - Weak encryption (CWE-311)
- Insecure random number generation (CWE-330)
- Improper error handling (CWE-400, 401, 476)
- Race conditions (CWE-362)
- Insecure temporary files (CWE-644)
- Insecure use of function (CWE-587, 653)
- Integer overflow (CWE-191, 199, 200)
- Weaknesses in API design (CWE-592, 586)
- Insecure API endpoints (CWE-937)
- Insecure use of flags (CWE-681)
- Insecure use of static data (CWE-805)
- Insecure use of dynamic data (CWE-803)
- Insecure use of external libraries (CWE-829)
- Insecure use of resource locks (CWE-931)
- Insecure use of resource pools (CWE-932)
- Insecure use of resource sharing (CWE-933)
- Insecure use of resource allocation (CWE-934)
- Insecure use of resource deallocation (CWE-935)
- Insecure use of resource management (CWE-936)
- Insecure use of resource locks (CWE-931)
- Insecure use of resource pools (CWE-932)
- Insecure use of resource sharing (CWE-933)
- Insecure use of resource allocation (CWE-934)
- Insecure use of resource deallocation (CWE-935)
- Insecure use of resource management (CWE-936)
- Insecure use of resource locks (CWE-931)
- Insecure use of resource pools (CWE-932)
- Insecure use of resource sharing (CWE-933)
- Insecure use of resource allocation (CWE-934)
- Insecure use of resource deallocation (CWE-935)
- Insecure use of resource management (CWE-936)
- Insecure use of resource locks (CWE-931)
- Insecure use of resource pools (CWE-932)
- Insecure use of resource sharing (CWE-933)
- Insecure use of resource allocation (CWE-934)
- Insecure use of resource deallocation (CWE-935)
- Insecure use of resource management (CWE-936)
- Insecure use of resource locks (CWE-931)
- Insecure use of resource pools (CWE-932)
- Insecure use
For troubleshooting, visit: https://python.langchain.com/docs/troubleshooting/errors/OUTPUT_PARSING_FAILURE , falling back to strict parser
2025-10-03 16:15:24,788 - job_deepseek_database_1759521942 - INFO - Task rank_cwe: 50/314 commits processed
JSON parsing failed: Invalid json output: - Weak hashing (CWE-259)
- Insecure random usage (CWE-330)
- Insecure usage of function (CW- ... )

Looking at the code, what's the most likely vulnerabilities?

The code is parsing command line arguments using sscanf. The sscanf calls have format strings that may have issues.

Looking at the first sscanf: " %d @ \[ %m[a-z0-9], %ld ] %n"

The %m is a format specifier that matches a memory buffer. Using %m without a size is unsafe because it can lead to buffer overflows. For example, if the input string is longer than the buffer, it can cause a crash or overwrite memory.

Another potential issue is the use of %m in the format string without a specified size, which can lead to buffer overflow vulnerabilities. This is a common CWE, likely CWE-119 or CWE-787.

Also, the code uses sscanf which is not as safe as using safer functions like snprintf or strcmp. The use of %m without size is a red flag.

Looking at the code, the first sscanf is in the first condition. If the input is malicious, it can cause a buffer overflow.

So the most likely issue is a buffer overflow due to unsafe use of %m in sscanf.

Another possible issue is the use of %d which could lead to integer overflows, but in this context, the main issue is the buffer overflow.

So the top CWE would be CWE-119: Buffer Overflow via Integer Overflow.

Wait, but the code uses %m, which is more directly related to buffer overflows. So perhaps it's more likely to be a buffer overflow via format string vulnerability, which is covered by CWE-119.

Alternatively, the use of %m is a specific case of buffer overflow, which is also covered by CWE-787: Out-of-Bounds Read.

Wait, I'm a bit confused. Let me think again.

The %m format specifier is used to read data into a buffer. If the input string is longer than the buffer, it can cause a buffer overflow, leading to a crash or arbitrary memory writes. This is a classic buffer overflow vulnerability.

In the code, the first sscanf is:

sscanf(arg_str, " %d @ \[ %m[a-z0-9], %ld ] %n", &arg_sz, &reg_name, &off, &len) == 3

Here, %m[a-z0-9] is used to read a string into reg
For troubleshooting, visit: https://python.langchain.com/docs/troubleshooting/errors/OUTPUT_PARSING_FAILURE , falling back to strict parser
JSON parsing failed: Invalid json output: - Weak encryption (CWE-261)
- Insecure random number generation (CWE-330)
- Insecure string handling (CWE-131, CWE-134)
- Insecure file operations (CWE-416, CWE-479)
- Insecure library usage (CWE-673)
- Insecure inter-process communication (CWE-118)
- Insecure resource management (CWE-415)
- Insecure .NET code (CWE-272)
- Insecure Java code (CWE-280)
- Insecure Python code (CWE-310)
- Insecure C/C++ code (CWE-400, CWE-401, CWE-476)
- Insecure network operations (CWE-311, CWE-377)
- Insecure OS operations (CWE-402, CWE-417)
- Insecure resource leaks (CWE-400, CWE-401, CWE-476)
- Insecure usage of system functions (CWE-402, CWE-417)
- Insecure usage of shared libraries (CWE-673)
- Insecure usage of user-space functions (CWE-118)
- Insecure usage of network functions (CWE-311, CWE-377)
- Insecure usage of OS functions (CWE-402, CWE-417)
- Insecure usage of resource management functions (CWE-415)
- Insecure usage of string functions (CWE-131, CWE-134)
- Insecure usage of file functions (CWE-416, CWE-479)
- Insecure usage of process functions (CWE-118)
- Insecure usage of memory functions (CWE-476)
- Insecure usage of resource allocation functions (CWE-400, 401, 476)
- Insecure usage of integer functions (CWE-834)
- Insecure usage of floating-point functions (CWE-835)
- Insecure usage of bitwise operations (CWE-835)
- Insecure usage of mathematical functions (CWE-835)
- Insecure usage of language-specific functions (CWE-272, 280, 310, 400, 401, 476)
- Insecure usage of inter-process communication (CWE-118)
- Insecure usage of concurrency controls (CWE-798)
- Insecure usage of synchronization mechanisms (CWE-798)
- Insecure usage of exception handling (CWE-798)
- Insecure usage of resource locks (CWE-798)
- Insecure
For troubleshooting, visit: https://python.langchain.com/docs/troubleshooting/errors/OUTPUT_PARSING_FAILURE , falling back to strict parser
JSON parsing failed: Invalid json output: - Weak random number generation (CWE-601)
- Insecure usage of crypto functions (CWE-338)
- Incorrect handling of nulls (CWE-400)
- Improper use of flags (CWE-589)
- Race conditions (CWE-362)
- Insecure memory management (CWE-119, etc.)
- Insecure string handling (CWE-116, etc.)
- Insecure file operations (CWE-258)
- Insecure network operations (CWE-311)
- Insecure usage of dynamic memory (CWE-401)
- Insecure usage of static data (CWE-805)
- Insecure usage of dynamic data (CWE-416)
- Insecure usage of shared memory (CWE-830)
- Insecure usage of external data (CWE-601)
- Insecure usage of resource locks (CWE-653)
- Insecure usage of resource pools (CWE-601)
- Insecure usage of resource allocation (CWE-601)
- Insecure usage of resource deallocation (CWE-401)
- Insecure usage of resource sharing (CWE-653)
- Insecure usage of resource locks (CWE-653)
- Insecure usage of resource pools (CWE-601)
- Insecure usage of resource allocation (CWE-601)
- Insecure usage of resource deallocation (CWE-401)
- Insecure usage of resource sharing (CWE-653)
- Insecure usage of resource locks (CWE-653)
- Insecure usage of resource pools (CWE-601)
- Insecure usage of resource allocation (CWE-601)
- Insecure usage of resource deallocation (CWE-401)
- Insecure usage of resource sharing (CWE-653)
- Insecure usage of resource locks (CWE-653)
- Insecure usage of resource pools (CWE-601)
- Insecure usage of resource allocation (CWE-601)
- Insecure usage of resource deallocation (CWE-401)
- Insecure usage of resource sharing (CWE-653)
- Insecure usage of resource locks (CWE-653)
- Insecure usage of resource pools (CWE-601)
- Insecure usage of resource allocation (CWE-601)
- Insecure usage of resource deallocation (CWE-401)
- Insecure usage of resource sharing (CWE-653)
- Insecure usage of resource locks (CWE-653
For troubleshooting, visit: https://python.langchain.com/docs/troubleshooting/errors/OUTPUT_PARSING_FAILURE , falling back to strict parser
JSON parsing failed: Invalid json output: - Weak random number generation (CWE-601)
- Improper error handling (CWE-1001)
- Integer overflow (CWE-191, CWE-199)
- Race conditions (CWE-364)
- Insecure string handling (CWE-104, CWE-134)
- Insecure file operations (CWE-361)
- Insecure library usage (CWE-327)
- Insecure network operations (CWE-311)
- Insecure resource management (CWE-415)
- Insecure usage of public functions (CWE-330)
- Insecure usage of public member variables (CWE-117)
- Insecure usage of public data structures (CWE-166)
- Insecure usage of public functions in libraries (CWE-330)
- Insecure usage of public member variables in classes (CWE-117)
- Insecure usage of public data structures in classes (CWE-166)
- Insecure usage of public functions in classes (CWE-330)
- Insecure usage of public variables in classes (CWE-117)
- Insecure usage of public constants in classes (CWE-117)
- Insecure usage of public static methods in classes (CWE-330)
- Insecure usage of public instance methods in classes (CWE-330)
- Insecure usage of public type conversions (CWE-102)
- Insecure usage of public bitwise operations (CWE-117)
- Insecure usage of public arithmetic operations (CWE-117)
- Insecure usage of public comparisons (CWE-117)
- Insecure usage of public logical operations (CWE-117)
- Insecure usage of public memory operations (CWE-117)
- Insecure usage of public string operations (CWE-117)
- Insecure usage of public file operations (CWE-361)
- Insecure usage of public socket operations (CWE-311)
- Insecure usage of public system calls (CWE-327)
- Insecure usage of public system call parameters (CWE-327)
- Insecure usage of public system call return values (CWE-327)
- Insecure usage of public system call file descriptors (CWE-327)
- Insecure usage of public system call pointers (CWE-327)
- Insecure usage of public system call strings (CWE-327)
- Insecure usage of public system call integers (CWE-327)
- Insecure usage of public system call booleans (C
For troubleshooting, visit: https://python.langchain.com/docs/troubleshooting/errors/OUTPUT_PARSING_FAILURE , falling back to strict parser
JSON parsing failed: Invalid json output: - Weak encryption (CWE-257)
- Insecure random number generation (CWE-330)
- Insecure usage of function (CWE-416)
- Insecure usage of library functions (CWE-676)
- Insecure usage of system functions (CWE-377)
- Insecure usage of file functions (CWE-414)
- Insecure usage of network functions (CWE-397)
- Insecure usage of concurrency controls (CWE-653)
- Insecure usage of resource locks (CWE-665)
- Insecure usage of shared variables (CWE-628)
- Insecure usage of static data (CWE-674)
- Insecure usage of dynamic data (CWE-675)
- Insecure usage of resource allocation (CWE-400)
- Insecure usage of resource deallocation (CWE-401)
- Insecure usage of resource management (CWE-399)
- Insecure usage of resource locks (CWE-665)
- Insecure usage of resource sharing (CWE-399)
- Insecure usage of resource handling (CWE-399)
- Insecure usage of resource release (CWE-399)
- Insecure usage of resource initialization (CWE-399)
- Insecure usage of resource termination (CWE-399)
- Insecure usage of resource cleanup (CWE-399)
- Insecure usage of resource management (CWE-399)
- Insecure usage of resource sharing (CWE-399)
- Insecure usage of resource handling (CWE-399)
- Insecure usage of resource release (CWE-399)
- Insecure usage of resource initialization (CWE-399)
- Insecure usage of resource termination (CWE-399)
- Insecure usage of resource cleanup (CWE-399)
- Insecure usage of resource management (CWE-399)
- Insecure usage of resource sharing (CWE-399)
- Insecure usage of resource handling (CWE-399)
- Insecure usage of resource release (CWE-399)
- Insecure usage of resource initialization (CWE-399)
- Insecure usage of resource termination (CWE-399)
- Insecure usage of resource cleanup (CWE-399)
- Insecure usage of resource management (CWE-399)
- Insecure usage of resource sharing (CWE-399)
- Insecure usage of resource handling (CWE-399)
- Insecure usage of resource release (CWE
For troubleshooting, visit: https://python.langchain.com/docs/troubleshooting/errors/OUTPUT_PARSING_FAILURE , falling back to strict parser
JSON parsing failed: Invalid json output: - Weak encryption (CWE-311)
- Insecure random number generation (CWE-330)
- Integer overflow (CWE-191, CWE-199)
- Race conditions (CWE-362)
- Resource management issues (CWE-400, 415, 413)
- Improper handling of nulls (CWE-457)
- Insecure temporary files (CWE-644)
- Insecure use of function output (CWE-601)
- Insecure use of dynamic languages (CWE-367)
- Insecure use of libraries (CWE-330)
- Insecure use of external libraries (CWE-398)
- Insecure use of system functions (CWE-327)
- Insecure use of shell functions (CWE-327)
- Insecure use of file functions (CWE-327)
- Insecure use of network functions (CWE-327)
- Insecure use of storage functions (CWE-327)
- Insecure use of timing functions (CWE-367)
- Insecure use of concurrency controls (CWE-367)
- Insecure use of container functions (CWE-367)
- Insecure use of resource management functions (CWE-400)
- Insecure use of string functions (CW-327)
- Insecure use of array functions (CWE-327)
- Insecure use of loop functions (CWE-327)
- Insecure use of conditionals (CWE-327)
- Insecure use of bitwise operations (CWE-327)
- Insecure use of arithmetic operations (CWE-327)
- Insecure use of logical operations (CWE-327)
- Insecure use of comparison operations (CWE-327)
- Insecure use of assignment operations (CWE-327)
- Insecure use of function arguments (CWE-327)
- Insecure use of return values (CWE-327)
- Insecure use of variable assignments (CWE-327)
- Insecure use of variable storage (CWE-327)
- Insecure use of variable initialization (CWE-327)
- Insecure use of variable modification (CWE-327)
- Insecure use of variable termination (CWE-327)
- Insecure use of variable size (CWE-327)
- Insecure use of variable type (CWE-327)
- Insecure use of variable scope (CWE-327)
- Insecure use of variable lifetime (CWE-327)
For troubleshooting, visit: https://python.langchain.com/docs/troubleshooting/errors/OUTPUT_PARSING_FAILURE , falling back to strict parser
JSON parsing failed: Invalid json output: - Weak encryption (CWE-311)
- Race conditions (CWE-362)
- Resource management issues (CWE-400, 401, 415)
- Improper handling of nulls (CWE-457)
- Insecure use of random functions (CWE-330)
- Insecure use of hash functions (CWE-157)
- Insecure use of storage (CWE-116, 119, 131)
- Insecure use of network functions (CWE-311, 400, 414)
- Insecure use of collections (CWE-601, 653)
- Insecure use of external libraries (CWE-670, 671)
- Insecure use of file operations (CWE-116, 119, 131, 402)
- Insecure use of format strings (CWE-134, 166)
- Insecure use of concurrency controls (CWE-653)
- Insecure use of cryptographic functions (CWE-311, 327)
- Insecure use of resource management (CWE-400, 401, 415)
- Insecure use of resource locks (CWE-653)
- Insecure use of resource sharing (CWE-653)
- Insecure use of resource allocation (CWE-653)
- Insecure use of resource deallocation (CWE-653)
- Insecure use of resource handling (CWE-653)
- Insecure use of resource locks (CWE-653)
- Insecure use of resource sharing (CWE-653)
- Insecure use of resource allocation (CWE-653)
- Insecure use of resource deallocation (CWE-653)
- Insecure use of resource handling (CWE-653)
- Insecure use of resource locks (CWE-653)
- Insecure use of resource sharing (CWE-653)
- Insecure use of resource allocation (CWE-653)
- Insecure use of resource deallocation (CWE-653)
- Insecure use of resource handling (CWE-653)
- Insecure use of resource locks (CWE-653)
- Insecure use of resource sharing (CWE-653)
- Insecure use of resource allocation (CWE-653)
- Insecure use of resource deallocation (CWE-653)
- Insecure use of resource handling (CWE-653)
- Insecure use of resource locks (CWE-653)
- Insecure use of resource sharing (
For troubleshooting, visit: https://python.langchain.com/docs/troubleshooting/errors/OUTPUT_PARSING_FAILURE , falling back to strict parser
JSON parsing failed: Invalid json output: - Weak hashing (CWE-157)
- Insecure random (CWE-601)
- Insecure usage of function (CWE-777)
- Incorrect handling of null (CWE-476)
- Incorrect handling of unsigned vs signed (CWE-682)
- Incorrect use of pointer (CWE-798)
- Incorrect use of size_t (CWE-823)
- Incorrect use of off-by-one (CWE-824)
- Incorrect use of shift (CWE-827)
- Incorrect use of bitwise operations (CWE-829)
- Incorrect use of string functions (CWE-116, CWE-131)
- Incorrect use of integer casts (CWE-134)
- Incorrect use of arithmetic operations (CWE-135)
- Incorrect use of resource management (CWE-401)
- Incorrect use of exception handling (CWE-100)
- Incorrect use of locks (CWE-1000)
- Incorrect use of atomic operations (CWE-1001)
- Incorrect use of memory management (CWE-400)
- Incorrect use of file operations (CWE-117)
- Incorrect use of network operations (CWE-118)
- Incorrect use of process management (CWE-119)
- Incorrect use of system calls (CWE-120)
- Incorrect use of signal handling (CWE-121)
- Incorrect use of timer management (CWE-122)
- Incorrect use of interrupt handling (CWE-123)
- Incorrect use of I/O operations (CWE-124)
- Incorrect use of concurrency (CWE-125)
- Incorrect use of synchronization (CWE-126)
- Incorrect use of resource allocation (CWE-127)
- Incorrect use of resource deallocation (CWE-128)
- Incorrect use of resource sharing (CWE-129)
- Incorrect use of resource locks (CWE-130)
- Incorrect use of resource semaphores (CWE-131)
- Incorrect use of resource signals (CWE-132)
- Incorrect use of resource IPC (CWE-133)
- Incorrect use of resource permissions (CWE-134)
- Incorrect use of resource isolation (CWE-135)
- Incorrect use of resource permissiveness (CWE-136)
- Incorrect use of resource hierarchy (CWE-137)
- Incorrect use of resource containment (CWE-138)
- Incorrect use of resource access (CWE-139)
- Incorrect use of resource sharing (CWE-140)
- Incorrect use of resource
For troubleshooting, visit: https://python.langchain.com/docs/troubleshooting/errors/OUTPUT_PARSING_FAILURE , falling back to strict parser
JSON parsing failed: Invalid json output: - Weak encryption (CWE-261)
- Insecure random number generation (CWE-330)
- Missing release of resources (CWE-367)
- Integer overflow (CWE-191)
- Use after free (CWE-401)
- Race conditions (CWE-362)
- Inconsistent string handling (CWE-592)
- Insecure string handling (CWE-119, CWE-134)
- Weak hashing (CWE-259)
- Insecure file operations (CWE-416)
- Insecure directory traversal (CWE-484)
- Insecure use of function output (CWE-20)
- Insecure use of transport layer (CWE-311)
- Insecure use of shared secrets (CWE-498)
- Insecure use of public keys (CWE-601)
- Insecure use of private keys (CWE-602)
- Insecure use of cryptographic algorithm (CWE-653)
- Insecure use of random number generator (CWE-330)
- Insecure use of resource (CWE-400)
- Insecure use of resource without validation (CWE-476)
- Insecure use of resource without checking (CWE-476)
- Insecure use of resource without proper initialization (CWE-476)
- Insecure use of resource without proper handling (CWE-476)
- Insecure use of resource without proper cleanup (CWE-476)
- Insecure use of resource without proper release (CWE-476)
- Insecure use of resource without proper validation (CWE-476)
- Insecure use of resource without proper checking (CWE-476)
- Insecure use of resource without proper initialization (CWE-476)
- Insecure use of resource without proper handling (CWE-476)
- Insecure use of resource without proper cleanup (CWE-476)
- Insecure use of resource without proper release (CWE-476)
- Insecure use of resource without proper validation (CWE-476)
- Insecure use of resource without proper checking (CWE-476)
- Insecure use of resource without proper initialization (CWE-476)
- Insecure use of resource without proper handling (CWE-476)
- Insecure use of resource without proper cleanup (CWE-476)
- Insecure use of resource without proper release (CWE-476)
- Insecure use of resource without proper validation (CWE-476)
- Insecure use of resource without proper
For troubleshooting, visit: https://python.langchain.com/docs/troubleshooting/errors/OUTPUT_PARSING_FAILURE , falling back to strict parser
2025-10-03 16:17:19,641 - job_deepseek_database_1759521942 - INFO - Task rank_cwe: 60/314 commits processed
JSON parsing failed: Invalid json output: - Weak random number generation (CWE-601)
- Insecure use of crypto (CWE-338)
- Insecure use of function (CWE-416)
- Insecure use of memory (CWE-400)
- Insecure use of file operations (CWE-361)
- Insecure use of library functions (CWE-327)
- Insecure use of network functions (CW-xxx)
- Insecure use of inter-process communication (CWE-462)
- Insecure use of concurrency controls (CWE-653)
- Insecure use of resource locks (CWE-653)
- Insecure use of shared variables (CWE-653)
- Insecure use of static data (CWE-672)
- Insecure use of dynamic data (CWE-673)
- Insecure use of resource allocation (CWE-400)
- Insecure use of resource deallocation (CWE-401)
- Insecure use of resource management (CWE-400)
- Insecure use of resource locks (CWE-653)
- Insecure use of resource sharing (CWE-653)
- Insecure use of resource access (CWE-653)
- Insecure use of resource access control (CWE-653)
- Insecure use of resource access validation (CWE-653)
- Insecure use of resource access validation (CWE-653)
- Insecure use of resource access validation (CWE-653)
- Insecure use of resource access validation (CWE-653)
- Insecure use of resource access validation (CWE-653)
- Insecure use of resource access validation (CWE-653)
- Insecure use of resource access validation (CWE-653)
- Insecure use of resource access validation (CWE-653)
- Insecure use of resource access validation (CWE-653)
- Insecure use of resource access validation (CWE-653)
- Insecure use of resource access validation (CWE-653)
- Insecure use of resource access validation (CWE-653)
- Insecure use of resource access validation (CWE-653)
- Insecure use of resource access validation (CWE-653)
- Insecure use of resource access validation (CWE-653)
- Insecure use of resource access validation (CWE-653)
- Insecure use of resource access validation (CWE-653)
- Insecure use of resource access validation (CWE-653)
- In
For troubleshooting, visit: https://python.langchain.com/docs/troubleshooting/errors/OUTPUT_PARSING_FAILURE , falling back to strict parser
JSON parsing failed: Invalid json output: - Weak encryption (CWE-311)
- Insecure random number generation (CWE-330)
- Insecure string handling (CWE-131, CWE-134)
- Insecure file operations (CWE-416)
- Insecure library usage (CWE-369)
- Insecure resource management (CWE-400)
- Insecure network operations (CWE-311)
- Insecure usage of system functions (CWE-327)
- Insecure usage of external libraries (CWE-276)
- Insecure usage of environment variables (CWE-653)
- Insecure usage of third-party code (CWE-276)
- Insecure usage of untrusted data (CWE-135)
- Insecure usage of user input (CWE-601)
- Insecure usage of file descriptors (CWE-400)
- Insecure usage of shared memory (CWE-400)
- Insecure usage of socket operations (CWE-400)
- Insecure usage of pipe operations (CWE-400)
- Insecure usage of locks (CWE-400)
- Insecure usage of signals (CWE-400)
- Insecure usage of timers (CWE-400)
- Insecure usage of context switches (CWE-400)
- Insecure usage of interrupt handling (CWE-400)
- Insecure usage of I/O operations (CWE-400)
- Insecure usage of resource management (CWE-400)
- Insecure usage of data validation (CWE-400)
- Insecure usage of error handling (CWE-400)
- Insecure usage of exception handling (CWE-400)
- Insecure usage of resource allocation (CWE-400)
- Insecure usage of memory management (CWE-400)
- Insecure usage of process management (CWE-400)
- Insecure usage of file system operations (CWE-400)
- Insecure usage of network operations (CWE-400)
- Insecure usage of system calls (CWE-400)
- Insecure usage of environment variables (CWE-653)
- Insecure usage of user input (CWE-601)
- Insecure usage of third-party code (CWE-276)
- Insecure usage of external libraries (CWE-369)
- Insecure usage of untrusted data (CWE-135)
- Insecure usage of shared memory (CWE-400)
- Insecure usage of file descriptors (CWE-400)
For troubleshooting, visit: https://python.langchain.com/docs/troubleshooting/errors/OUTPUT_PARSING_FAILURE , falling back to strict parser
JSON parsing failed: Invalid json output: - Weak encryption (CWE-311)
- Insecure random number generation (CWE-330)
- Missing validation (CWE-907)
- Incorrect handling of null (CWE-476)
- Use after free (CWE-401)
- Integer overflow (CWE-191)
- Race conditions (CWE-362)
- Insecure temporary files (CWE-644)
- Insecure file operations (CWE-798)
- Insecure library functions (CWE-327)
- Weak password storage (CWE-312)
- Insecure web applications (CWE-352)
- Insecure use of function output (CWE-20)
- Insecure use of dynamic languages (CWE-327)
- Insecure use of static data (CWE-119)
- Insecure use of public functions (CWE-116)
- Insecure use of public member variables (CWE-117)
- Insecure use of public constants (CWE-118)
- Insecure use of public type definitions (CWE-119)
- Insecure use of public functions in C (CWE-116)
- Insecure use of public variables in C (CWE-117)
- Insecure use of public constants in C (CWE-118)
- Insecure use of public type definitions in C (CWE-119)
- Insecure use of public functions in C (CWE-116)
- Insecure use of public variables in C (CWE-117)
- Insecure use of public constants in C (CWE-118)
- Insecure use of public type definitions in C (CWE-119)
- Insecure use of public functions in C (CWE-116)
- Insecure use of public variables in C (CWE-117)
- Insecure use of public constants in C (CWE-118)
- Insecure use of public type definitions in C (CWE-119)
- Insecure use of public functions in C (CWE-116)
- Insecure use of public variables in C (CWE-117)
- Insecure use of public constants in C (CWE-118)
- Insecure use of public type definitions in C (CWE-119)
- Insecure use of public functions in C (CWE-116)
- Insecure use of public variables in C (CWE-117)
- Insecure use of public constants in C (CWE-118)
- Insecure use of public type
For troubleshooting, visit: https://python.langchain.com/docs/troubleshooting/errors/OUTPUT_PARSING_FAILURE , falling back to strict parser
JSON parsing failed: Invalid json output: - Weak encryption (CWE-311)
- Insecure random number generation (CWE-330)
- Integer overflow (CWE-191, CWE-199)
- Race conditions (CWE-362)
- Resource management issues (CWE-400, 415, 413)
- Weaknesses in cryptographic implementations (CWE-327)
- Insecure temporary files (CWE-644)
- Insecure use of function output (CWE-601, 602)
- Insecure use of dynamic languages (CWE-670)
- Insecure use of libraries (CWE-732)
- Insecure use of external libraries (CWE-798)
- Insecure use of system calls (CWE-599, 600)
- Insecure use of shell commands (CWE-607)
- Insecure use of network functions (CWE-311, 697)
- Insecure use of storage functions (CWE-798)
- Insecure use of file operations (CWE-798)
- Insecure use of file descriptors (CWE-269)
- Insecure use of pipes (CWE-601)
- Insecure use of signals (CWE-732)
- Insecure use of timers (CWE-732)
- Insecure use of locks (CWE-732)
- Insecure use of threads (CWE-732)
- Insecure use of shared memory (CWE-732)
- Insecure use of IPC (CWE-732)
- Insecure use of context (CWE-732)
- Insecure use of capabilities (CWE-732)
- Insecure use of auditing (CWE-732)
- Insecure use of logging (CWE-732)
- Insecure use of debugging (CWE-732)
- Insecure use of configuration (CWE-732)
- Insecure use of platform-specific issues (CWE-732)
- Insecure use of version information (CWE-732)
- Insecure use of random number generation (CWE-330)
- Insecure use of time functions (CWE-732)
- Insecure use of inter-process communication (CWE-732)
- Insecure use of user-space memory (CWE-732)
- Insecure use of kernel pointers (CWE-732)
- Insecure use of kernel modules (CWE-732)
- Insecure use of device drivers (CWE-732)
- Insecure use of hardware (CWE-732)
-
For troubleshooting, visit: https://python.langchain.com/docs/troubleshooting/errors/OUTPUT_PARSING_FAILURE , falling back to strict parser
JSON parsing failed: Invalid json output: - Weak encryption (CWE-261)
- Insecure random number generation (CWE-330)
- Insecure string handling (CWE-119, CWE-131, CWE-134)
- Insecure file operations (CWE-22, CWE-798)
- Insecure use of function (CWE-587, CWE-678)
- Insecure use of library functions (CWE-676)
- Insecure use of system functions (CWE-327, CWE-326)
- Insecure use of network functions (CWE-311)
- Insecure use of resource functions (CWE-400)
- Insecure use of concurrency controls (CWE-653)
- Insecure use of logging (CWE-117)
- Insecure use of storage functions (CWE-798)
- Insecure use of inter-process communication (CWE-269)
- Insecure use of container functions (CWE-1311)
- Insecure use of resource locks (CWE-798)
- Insecure use of file operations (CWE-798)
- Insecure use of shared memory (CWE-798)
- Insecure use of IPC (CWE-269)
- Insecure use of signal handling (CWE-399)
- Insecure use of exception handling (CWE-117)
- Insecure use of resource allocation (CWE-400)
- Insecure use of resource management (CWE-400)
- Insecure use of resource locking (CWE-400)
- Insecure use of resource sharing (CWE-400)
- Insecure use of resource access (CWE-400)
- Insecure use of resource locks (CWE-400)
- Insecure use of resource semaphores (CWE-400)
- Insecure use of resource signals (CWE-400)
- Insecure use of resource timers (CWE-400)
- Insecure use of resource locks (CWE-400)
- Insecure use of resource semaphores (CWE-400)
- Insecure use of resource signals (CWE-400)
- Insecure use of resource timers (CWE-400)
- Insecure use of resource locks (CWE-400)
- Insecure use of resource semaphores (CWE-400)
- Insecure use of resource signals (CWE-400)
- Insecure use of resource timers (CWE-400)
- Insecure use of resource locks (CWE-400)
- In
For troubleshooting, visit: https://python.langchain.com/docs/troubleshooting/errors/OUTPUT_PARSING_FAILURE , falling back to strict parser
JSON parsing failed: Invalid json output: - Weak encryption (CWE-261)
- Insecure random number generation (CWE-330)
- Integer overflow (CWE-191, CWE-199)
- Race conditions (CWE-362)
- Insecure temporary files (CWE-644)
- Insecure use of function (CWE-416, etc.)
- Missing validation (CWE-907)
- Insecure string handling (CWE-104, etc.)

First, let's analyze the code step by step.

The function proc_cpuset_show is part of the cgroup subsystem, which is used for controlling groups of processes. The function is responsible for showing the cgroup information to the user.

Looking at the code:

1. It starts by initializing retval to -ENOMEM.
2. Allocates a buffer using kmalloc with PATH_MAX size and GFP_KERNEL flags.
3. Checks if buf is null, if so, jumps to out.
4. Retrieves the CSS (cgroup subsystem state) for the current task using task_get_css.
5. Calls cgroup_path_ns to get the path name into the buffer.
6. Releases the CSS.
7. If retval is -E2BIG, it changes it to -ENAMETOOLONG.
8. If retval is negative, it goes to out_free.
9. Writes the buffer to the seq_file, adds a newline.
10. Finally, returns retval.

Potential issues:

- The buffer is allocated with PATH_MAX, which is a macro that could be up to 4096. However, the function cgroup_path_ns is called with a buffer size of PATH_MAX, which may not be sufficient for some cases, leading to potential truncation or buffer overflows.
- The use of PATH_MAX might be problematic if the actual path is longer, but since cgroup_path_ns is supposed to handle it, maybe not.
- The function uses seq_puts and seq_putc, which are safe, but the buffer handling could be an issue.
- The code doesn't check the return value of cgroup_path_ns properly. If it returns -E2BIG, it's converted to -ENAMETOOLONG, but perhaps it should be handled differently or checked for other errors.
- The buffer is allocated but not checked for being null after kmalloc, which is correct.
- The function uses current->nsproxy->cgroup_ns, which could be a pointer that's not always valid, leading to a potential race condition or null pointer dereference if the nsproxy is not properly initialized.
For troubleshooting, visit: https://python.langchain.com/docs/troubleshooting/errors/OUTPUT_PARSING_FAILURE , falling back to strict parser
JSON parsing failed: Invalid json output: - Weak random number generation (CWE-601)
- Insecure usage of crypto functions (CWE-338)
- Insecure file operations (CWE-416)
- Insecure library usage (CWE-673)
- Insecure inter-process communication (CWE-208)
- Insecure use of function pointers (CWE-416)
- Insecure use of dynamic memory (CWE-401)
- Insecure use of static data (CWE-798)
- Insecure use of shared memory (CWE-801)
- Insecure use of network functions (CWE-327)
- Insecure use of resource locks (CWE-798)
- Insecure use of temporary files (CWE-798)
- Insecure use of file descriptors (CWE-801)
- Insecure use of pipes (CWE-801)
- Insecure use of sockets (CWE-327)
- Insecure use of signals (CWE-798)
- Insecure use of timers (CWE-798)
- Insecure use of threads (CWE-798)
- Insecure use of concurrency primitives (CWE-798)
- Insecure use of system calls (CWE-798)
- Insecure use of system libraries (CWE-798)
- Insecure use of environment variables (CWE-798)
- Insecure use of configuration files (CWE-798)
- Insecure use of user input (CWE-798)
- Insecure use of third-party libraries (CWE-673)
- Insecure use of untrusted data (CWE-601)
- Insecure use of data formats (CWE-798)
- Insecure use of resource allocation (CWE-798)
- Insecure use of resource management (CWE-798)
- Insecure use of resource locking (CWE-798)
- Insecure use of resource sharing (CWE-798)
- Insecure use of resource access (CWE-798)
- Insecure use of resource transitions (CWE-798)
- Insecure use of resource state (CWE-798)
- Insecure use of resource concurrency (CWE-798)
- Insecure use of resource synchronization (CWE-798)
- Insecure use of resource management functions (CWE-798)
- Insecure use of resource allocation functions (CWE-798)
- Insecure use of resource sharing functions (CWE-798)
- Insecure use of resource access functions (CWE-
For troubleshooting, visit: https://python.langchain.com/docs/troubleshooting/errors/OUTPUT_PARSING_FAILURE , falling back to strict parser
JSON parsing failed: Invalid json output: - Weak hashing (CWE-157)
- Insecure random number generation (CWE-327)
- Incorrect handling of null values (CWE-476)
- Incorrect handling of unsigned/signed integers (CWE-682)
- Improper input validation (CWE-20)
- Use after free (CWE-401)
- Out-of-bounds access (CWE-119, 134, 787)
- Race conditions (CWE-362)
- Insecure string handling (CWE-119, 134, 787)
- Weak encryption (CWE-157)
- Insecure file operations (CWE-22, 798)
- Insecure network operations (CWE-22, 79, 134)
- Insecure usage of function output (CWE-20, 134)
- Insecure usage of dynamic languages (CWE-94)
- Insecure usage of libraries (CWE-352)
- Insecure usage of system calls (CWE-22, 798)
- Insecure usage of environment variables (CWE-22)
- Insecure usage of temporary files (CWE-22)
- Insecure usage of shell commands (CWE-78)
- Insecure usage of configuration files (CWE-22)
- Insecure usage of log files (CWE-22)
- Insecure usage of debug information (CWE-22)
- Insecure usage of version information (CWE-22)
- Insecure usage of timestamps (CWE-22)
- Insecure usage of random numbers (CWE-327)
- Insecure usage of cryptographic functions (CWE-157)
- Insecure usage of input validation (CWE-20)
- Insecure usage of output validation (CWE-20)
- Insecure usage of resource management (CWE-401, 476)
- Insecure usage of exception handling (CWE-476)
- Insecure usage of concurrency (CWE-362)
- Insecure usage of resource locks (CWE-362)
- Insecure usage of atomic operations (CWE-362)
- Insecure usage of memory management (CWE-476)
- Insecure usage of file descriptors (CWE-22)
- Insecure usage of pipes (CWE-22)
- Insecure usage of shared memory (CWE-22)
- Insecure usage of semaphores (CWE-22)
- Insecure usage of message queues (CWE-22)
- Insecure
For troubleshooting, visit: https://python.langchain.com/docs/troubleshooting/errors/OUTPUT_PARSING_FAILURE , falling back to strict parser
JSON parsing failed: Invalid json output: - Weak encryption (CWE-311)
- Insecure random number generation (CWE-330)
- Improper error handling (CWE-117)
- Resource management issues (CWE-415, 400, 413)
- Race conditions (CWE-362)
- Insecure temporary files (CWE-414)
- Insecure string handling (CWE-131, 132)
- Insecure file operations (CWE-416)
- Insecure library usage (CWE-496)
- Insecure network operations (CWE-311, 355)
- Insecure authentication (CWE-625, 498)
- Insecure configuration management (CWE-690)
- Insecure logging (CWE-117)
- Insecure use of function result (CWE-823)
- Insecure use of random number (CWE-330)
- Insecure use of static data (CWE-119)
- Insecure use of dynamic data (CWE-119)
- Insecure use of external libraries (CWE-496)
- Insecure use of uninitialized variables (CWE-798)
- Insecure use of untrusted data (CWE-601)
- Insecure use of user input (CWE-601)
- Insecure use of user space (CWE-119)
- Insecure use of kernel space (CWE-119)
- Insecure use of capabilities (CWE-119)
- Insecure use of permissions (CWE-119)
- Insecure use of system calls (CWE-119)
- Insecure use of signals (CWE-119)
- Insecure use of timers (CWE-119)
- Insecure use of locks (CWE-119)
- Insecure use of atomic operations (CWE-119)
- Insecure use of concurrency primitives (CWE-119)
- Insecure use of resource locks (CWE-119)
- Insecure use of shared variables (CWE-119)
- Insecure use of memory (CWE-119)
- Insecure use of file descriptors (CWE-119)
- Insecure use of sockets (CWE-119)
- Insecure use of pipes (CWE-119)
- Insecure use of devices (CWE-119)
- Insecure use of hardware (CWE-119)
- Insecure use of platform-specific code (CWE-119)
- Insecure use of compiler-specific code (CWE-119)
- Insecure
For troubleshooting, visit: https://python.langchain.com/docs/troubleshooting/errors/OUTPUT_PARSING_FAILURE , falling back to strict parser
JSON parsing failed: Invalid json output: - Weak encryption (CWE-261)
- Improper input handling (CWE-369)
- Race conditions (CWE-362)
- Resource management issues (CWE-400, CWE-415)
- Integer overflows (CWE-131, CWE-132)
- Weak random number generation (CWE-330)
- Missing validation (CWE-907)
- Insecure use of function (CWE-416)
- Insecure use of dynamic memory (CWE-401)
- Insecure use of static data (CWE-414)
- Insecure use of shared memory (CWE-498)
- Insecure use of network functions (CWE-377)
- Insecure use of file operations (CWE-378)
- Insecure use of file descriptors (CWE-384)
- Insecure use of pipes (CWE-384)
- Insecure use of signals (CWE-390)
- Insecure use of timers (CWE-391)
- Insecure use of user-space pointers (CWE-416)
- Insecure use of locks (CWE-119)
- Insecure use of context management (CWE-401)
- Insecure use of resource management (CWE-400)
- Insecure use of resource locks (CWE-119)
- Insecure use of resource sharing (CWE-479)
- Insecure use of resource allocation (CWE-416)
- Insecure use of resource management (CWE-400)
- Insecure use of resource locks (CWE-119)
- Insecure use of resource sharing (CWE-479)
- Insecure use of resource allocation (CWE-416)
- Insecure use of resource management (CWE-400)
- Insecure use of resource locks (CWE-119)
- Insecure use of resource sharing (CWE-479)
- Insecure use of resource allocation (CWE-416)
- Insecure use of resource management (CWE-400)
- Insecure use of resource locks (CFDU)
- Insecure use of resource sharing (CWE-479)
- Insecure use of resource allocation (CWE-416)
- Insecure use of resource management (CWE-400)
- Insecure use of resource locks (CWE-119)
- Insecure use of resource sharing (CWE-479)
- Insecure use of resource allocation (CWE-416)
- Insecure use of resource management (CWE-
For troubleshooting, visit: https://python.langchain.com/docs/troubleshooting/errors/OUTPUT_PARSING_FAILURE , falling back to strict parser
2025-10-03 16:19:16,845 - job_deepseek_database_1759521942 - INFO - Task rank_cwe: 70/314 commits processed
JSON parsing failed: Invalid json output: - Weak encryption (CWE-311)
- Insecure random number generation (CWE-330)
- Incorrect handling of null values (CWE-476)
- Use of uninitialized variables (CWE-826)
- Out-of-bounds access (CWE-119, 129, 130)
- Race conditions (CWE-362)
- Insecure string handling (CWE-119, 134, 166)
- Weaknesses in API design (CWE-592)
- Insecure file operations (CWE-416)
- Insecure library usage (CWE-496)
- Insecure resource management (CWE-400)
- Insecure inter-process communication (CSN-2)
- Insecure use of function arguments (CWE-104)
- Insecure use of dynamic languages (CWE-603)
- Insecure use of external libraries (CWE-496)
- Insecure use of system calls (CWE-599)
- Insecure use of network functions (CWE-601, 602)
- Weaknesses in authentication (CWE-623)
- Weaknesses in session management (CWE-625)
- Weaknesses in data validation (CWE-591)
- Weaknesses in resource management (CWE-400)
- Weaknesses in error handling (CWE-800)
- Weaknesses in logging (CWE-800)
- Weaknesses in configuration management (CWE-800)
- Weaknesses in code quality (CWE-476)
- Weaknesses in resource leaks (CWE-401)
- Weaknesses in concurrency (CWE-362)
- Weaknesses in containerization (CWE-361)
- Weaknesses in static analysis (CWE-476)
- Weaknesses in third-party code (CWE-496)
- Weaknesses in resource management (CWE-400)
- Weaknesses in input validation (CWE-20, 190)
- Weaknesses in output validation (CWE-20, 190)
- Weaknesses in data transformation (CWE-20, 190)
- Weaknesses in resource management (CWE-400)
- Weaknesses in error handling (CWE-800)
- Weaknesses in exception handling (CWE-800)
- Weaknesses in resource management (CWE-400)
- Weaknesses in resource leaks (CWE-401)
- Weaknesses in
For troubleshooting, visit: https://python.langchain.com/docs/troubleshooting/errors/OUTPUT_PARSING_FAILURE , falling back to strict parser
JSON parsing failed: Invalid json output: - Weak random number generation (CWE-601)
- Insecure use of random numbers (CWE-649)
- Insecure use of encryption (CWE-338)
- Insecure use of external libraries (CWE-670)
- Insecure use of external code (CWE-416)
- Insecure use of external libraries without validation (CWE-798)
- Insecure use of external libraries without proper initialization (CWE-800)
- Insecure use of external libraries without proper checking (CWE-801)
- Insecure use of external libraries without proper resource management (CWE-802)
- Insecure use of external libraries without proper error handling (CWE-803)
- Insecure use of external libraries without proper logging (CWE-804)
- Insecure use of external libraries without proper validation (CWE-805)
- Insecure use of external libraries without proper initialization (CWE-806)
- Insecure use of external libraries without proper context management (CWE-807)
- Insecure use of external libraries without proper bounds checking (CWE-808)
- Insecure use of external libraries without proper input validation (CWE-809)
- Insecure use of external libraries without proper output validation (CWE-810)
- Insecure use of external libraries without proper resource management (CWE-811)
- Insecure use of external libraries without proper error handling (CWE-812)
- Insecure use of external libraries without proper logging (CWE-813)
- Insecure use of external libraries without proper bounds checking (CWE-814)
- Insecure use of external libraries without proper input validation (CWE-815)
- Insecure use of external libraries without proper output validation (CWE-816)
- Insecure use of external libraries without proper resource management (CWE-817)
- Insecure use of external libraries without proper error handling (CWE-818)
- Insecure use of external libraries without proper logging (CWE-819)
- Insecure use of external libraries without proper bounds checking (CWE-820)
- Insecure use of external libraries without proper input validation (CWE-821)
- Insecure use of external libraries without proper output validation (CWE-822)
- Insecure use of external libraries without proper resource management (CWE-823)
- Insecure use of external libraries without proper error handling (CWE-824)
- Insecure use of external libraries without proper logging (CWE-825)
-
For troubleshooting, visit: https://python.langchain.com/docs/troubleshooting/errors/OUTPUT_PARSING_FAILURE , falling back to strict parser
JSON parsing failed: Invalid json output: - Weak encryption (CWE-311)
- Insecure random usage (CWE-330)
- Integer overflow (CWE-191, CWE-199)
- Race conditions (CWE-362)
- Resource management issues (CWE-400, 396, 415)
- Weaknesses in inter-process communication (CWE-269)
- Insecure use of function output (CWE-352, 134)
- Insecure use of dynamic languages (CWE-327)
- Insecure use of libraries (CWE-367)
- Insecure use of file operations (CWE-22, 413)
- Insecure use of network functions (CW-xxx)
- Insecure use of system functions (CWE-327, 326)
- Insecure use of storage functions (CWE-22, 414)
- Insecure use of logging (CWE-264)
- Insecure use of concurrency controls (CWE-362)
- Insecure use of container functions (CWE-369)
- Insecure use of cryptographic functions (CWE-311)
- Insecure use of resource management functions (CWE-400)
- Insecure use of resource locks (CWE-269)
- Insecure use of resource sharing (CWE-269)
- Insecure use of resource allocation (CWE-269)
- Insecure use of resource handling (CWE-269)
- Insecure use of resource release (CWE-269)
- Insecure use of resource management functions (CWE-400)
- Insecure use of resource locks (CWE-269)
- Insecure use of resource sharing (CWE-269)
- Insecure use of resource allocation (CWE-269)
- Insecure use of resource handling (CWE-269)
- Insecure use of resource release (CWE-269)
- Insecure use of resource management functions (CWE-400)
- Insecure use of resource locks (CWE-269)
- Insecure use of resource sharing (CWE-269)
- Insecure use of resource allocation (CWE-269)
- Insecure use of resource handling (CWE-269)
- Insecure use of resource release (CWE-269)
- Insecure use of resource management functions (CWE-400)
- Insecure use of resource locks (CWE-269)
- Insecure use of resource sharing (CWE-269)
- Insecure use of resource allocation (CWE
For troubleshooting, visit: https://python.langchain.com/docs/troubleshooting/errors/OUTPUT_PARSING_FAILURE , falling back to strict parser
JSON parsing failed: Invalid json output: - Weak encryption (CWE-311)
- Insecure random number generation (CWE-330)
- Integer overflow (CWE-191, CWE-199)
- Race conditions (CWE-362)
- Weaknesses in resource management (CWE-400)
- Weaknesses in authentication (CWE-613)
- Weaknesses in file handling (CWE-361)
- Weaknesses in network handling (CWE-395)
- Weaknesses in resource limits (CWE-400)
- Weaknesses in time and space (CWE-366)
- Weaknesses in data format (CWE-592)
- Weaknesses in the use of Go (CWE-900)
- Weaknesses in the use of C (CWE-909)
- Weaknesses in the use of Python (CWE-910)
- Weaknesses in the use of JavaScript (CWE-911)
- Weaknesses in the use of shell (CWE-912)
- Weaknesses in the use of make (CWE-914)
- Weaknesses in the use of sed (CWE-915)
- Weaknesses in the use of AWK (CWE-916)
- Weaknesses in the use of Perl (CWE-917)
- Weaknesses in the use of R (CWE-918)
- Weaknesses in the use of Go (CWE-919)
- Weaknesses in the use of Python (CWE-920)
- Weaknesses in the use of Ruby (CWE-921)
- Weaknesses in the use of SQL (CWE-937)
- Weaknesses in the use of shell (CWE-938)
- Weaknesses in the use of C++ (CWE-939)
- Weaknesses in the use of Java (CWE-940)
- Weaknesses in the use of PHP (CWE-941)
- Weaknesses in the use of Python (CWE-942)
- Weaknesses in the use of Ruby (CWE-943)
- Weaknesses in the use of SQL (CWE-944)
- Weaknesses in the use of JavaScript (CWE-945)
- Weaknesses in the use of HTML (CWE-946)
- Weaknesses in the use of CSS (CWE-947)
- Weaknesses in the use of HTTP (CWE-948)
-
For troubleshooting, visit: https://python.langchain.com/docs/troubleshooting/errors/OUTPUT_PARSING_FAILURE , falling back to strict parser
JSON parsing failed: Invalid json output: - Weak random number generation (CWE-601)
- Race conditions (CWE-362)
- Insecure use of random seed (CWE-601)
- Insecure use of temporary files (CWE-570)
- Insecure use of storage (CWE-116)
- Insecure use of shared memory (CWE-530)
- Insecure use of fork (CWE-532)
- Insecure use of exec (CWE-530)
- Insecure use of pipe (CWE-530)
- Insecure use of signal (CWE-530)
- Insecure use of file descriptors (CWE-530)
- Insecure use of socket (CWE-530)
- Insecure use of timer (CWE-530)
- Insecure use of event loop (CWE-530)
- Insecure use of interrupt (CWE-530)
- Insecure use of I/O (CWE-530)
- Insecure use of shared data structures (CWE-530)
- Insecure use of dynamic memory (CWE-530)
- Insecure use of static data (CWE-530)
- Insecure use of heap (CWE-530)
- Insecure use of stack (CWE-530)
- Insecure use of recursion (CWE-530)
- Insecure use of function arguments (CWE-530)
- Insecure use of return values (CWE-530)
- Insecure use of external libraries (CWE-530)
- Insecure use of system calls (CWE-530)
- Insecure use of environment variables (CWE-530)
- Insecure use of configuration files (CWE-530)
- Insecure use of shell (CWE-530)
- Insecure use of user input (CWE-530)
- Insecure use of file system (CWE-530)
- Insecure use of network (CWE-530)
- Insecure use of process (CWE-530)
- Insecure use of thread (CWE-530)
- Insecure use of signal (CWE-530)
- Insecure use of timer (CWE-530)
- Insecure use of event loop (CWE-530)
- Insecure use of interrupt (CWE-530)
- Insecure use of I/O (CWE-530)
- Insecure use of shared data structures (CWE-530)
- Insecure use of dynamic memory (CWE-530)
-
For troubleshooting, visit: https://python.langchain.com/docs/troubleshooting/errors/OUTPUT_PARSING_FAILURE , falling back to strict parser
JSON parsing failed: Invalid json output: - Weak encryption (CWE-601)
- Insecure random number generation (CWE-601, 649)
- race conditions (CWE-362)
- Improper handling of nulls (CWE-399)
- Insecure string handling (CWE-116, 117)
- Insecure file operations (CWE-416)
- Insecure library usage (CWE-673)
- Insecure resource management (CWE-415)
- Insecure network operations (CWE-311)
- Insecure usage of cipher blocks (CWE-601)
- Insecure usage of hashing (CWE-601)
- Insecure usage of random number generation (CWE-601)
- Insecure usage of key generation (CWE-601)
- Insecure usage of key storage (CWE-601)
- Insecure usage of certificate validation (CWE-601)
- Insecure usage of protocol versions (CWE-601)
- Insecure usage of version validation (CWE-601)
- Insecure usage of input validation (CWE-601)
- Insecure usage of output validation (CWE-601)
- Insecure usage of error handling (CWE-601)
- Insecure usage of exception handling (CWE-601)
- Insecure usage of resource allocation (CWE-601)
- Insecure usage of resource management (CWE-601)
- Insecure usage of resource release (CWE-601)
- Insecure usage of resource locks (CWE-601)
- Insecure usage of threading (CWE-601)
- Insecure usage of synchronization (CWE-601)
- Insecure usage of signal handling (CWE-601)
- Insecure usage of file operations (CWE-416)
- Insecure usage of socket operations (CWE-311)
- Insecure usage of network operations (CWE-311)
- Insecure usage of protocol parsing (CWE-601)
- Insecure usage of data format (CWE-601)
- Insecure usage of data validation (CWE-601)
- Insecure usage of state management (CWE-601)
- Insecure usage of concurrency (CWE-601)
- Insecure usage of container (CWE-601)
- Insecure usage of collection (CWE-601)
- Insecure usage of iteration (CWE-601)
- Insecure usage of function arguments (CWE-601)
- Insecure usage of return values (CWE-
For troubleshooting, visit: https://python.langchain.com/docs/troubleshooting/errors/OUTPUT_PARSING_FAILURE , falling back to strict parser
JSON parsing failed: Invalid json output: - Weak encryption (CWE-311)
- Insecure random number generation (CWE-330)
- Integer overflow (CWE-191, CWE-199)
- Weaknesses in resource management (CWE-400)
- Insecure API (CWE-414)
- Weaknesses in authentication (CWE-307)
- Weaknesses in the use of function arguments (CWE-104)
- Weaknesses in the use of dynamic memory (CWE-401)
- Weaknesses in the use of static memory (CWE-476)
- Weaknesses in the use of external input (CWE-20)
- Weaknesses in the use of external output (CWE-200)
- Weaknesses in the use of external entities (CWE-94)
- Weaknesses in the use of external libraries (CWE-118)
- Weaknesses in the use of external file operations (CWE-22)
- Weaknesses in the use of external network operations (CWE-311)
- Weaknesses in the use of external storage (CWE-117)
- Weaknesses in the use of external timing (CWE-369)
- Weaknesses in the use of external user input (CWE-79)
- Weaknesses in the use of external user output (CWE-352)
- Weaknesses in the use of external user input in dynamic contexts (CWE-601)
- Weaknesses in the use of external user input in dynamic contexts (CWE-601)
- Weaknesses in the use of external user input in dynamic contexts (CWE-601)

Alright, I'm trying to analyze the given code snippet to identify potential vulnerabilities. Let's look at the code step by step.

The function `kvm_vcpu_ioctl_x86_get_debugregs` is part of the KVM (Kernel Virtual Machine) module. It's responsible for handling ioctl requests related to x86 virtualization. The function copies data from the virtual CPU's architecture into a structure called `kvm_debugregs`.

Looking at the code:

1. `memcpy(dbgregs->db, vcpu->arch.db, sizeof(vcpu->arch.db));`
   - This copies data from `vcpu->arch.db` into `dbgregs->db`. The size is determined by `sizeof(vcpu->arch.db)`. If `vcpu->arch.db` is larger than `dbgregs->db`, this could
For troubleshooting, visit: https://python.langchain.com/docs/troubleshooting/errors/OUTPUT_PARSING_FAILURE , falling back to strict parser
JSON parsing failed: Invalid json output: - Weak encryption (CWE-311)
- Insecure random number generation (CWE-330)
- Integer overflow (CWE-191, CWE-199)
- Race conditions (CWE-362)
- Insecure string handling (CWE-104, 119, 131)
- Weaknesses in inter-process communication (CWE-118)
- Insecure file operations (CWE-22, 798)
- Insecure use of function output (CWE-20, 134)
- Insecure use of dynamic languages (CWE-367, 380)
- Insecure use of libraries (CWE-352, 398)
- Insecure use of resource management (CWE-400, 401)
- Insecure use of network functions (CWE-117, 118, 798)
- Insecure use of storage functions (CWE-119, 131, 798)
- Insecure use of concurrency (CWE-362, 367)
- Insecure use of container functions (CWE-399)
- Insecure use of logging (CWE-364)
- Insecure use of compression (CWE-377)
- Insecure use of version control (CWE-390)
- Insecure use of data format (CWE-384)
- Insecure use of resource allocation (CWE-400)
- Insecure use of exception handling (CWE-413)
- Insecure use of file system operations (CWE-22, 798)
- Insecure use of system calls (CWE-118, 119, 798)
- Insecure use of signal handling (CWE-413)
- Insecure use of shared memory (CWE-119, 798)
- Insecure use of IPC (CWE-118, 798)
- Insecure use of inter-process communication (CWE-118)
- Insecure use of memory management (CWE-476)
- Insecure use of resource management (CWE-400)
- Insecure use of concurrency (CWE-362)
- Insecure use of container functions (CWE-399)
- Insecure use of logging (CWE-364)
- Insecure use of data format (CWE-384)
- Insecure use of resource allocation (CWE-400)
- Insecure use of exception handling (CWE-413)
- Insecure use of file system operations (CWE-22, 798)
- Insecure use of system
For troubleshooting, visit: https://python.langchain.com/docs/troubleshooting/errors/OUTPUT_PARSING_FAILURE , falling back to strict parser
JSON parsing failed: Invalid json output: - Weak encryption (CWE-257)
- Insecure random number generation (CWE-330)
- Integer overflow (CWE-191, CWE-199)
- Race conditions (CWE-362)
- Weaknesses in API design (CWE-586)
- Insecure string handling (CWE-104, CWE-119)
- Insecure file handling (CWE-78)
- Insecure directory traversal (CWE-36)
- Insecure object handling (CVM-XXX, but not in standard)
- Insecure usage of function (CWE-416)
- Insecure usage of library (CWE-496)
- Insecure usage of system (CWE-119)
- Insecure usage of network (CWE-311)
- Insecure usage of storage (CWE-399)
- Insecure usage of resource (CWE-400)
- Insecure usage of resource in concurrent context (CWE-367)
- Insecure usage of resource in container (CWE-369)
- Insecure usage of resource in untrusted environment (CWE-370)
- Insecure usage of resource in resource-constrained environment (CWE-371)
- Insecure usage of resource in high-traffic environment (CWE-372)
- Insecure usage of resource in low-entropy environment (CWE-373)
- Insecure usage of resource in unpredictable environment (CWE-374)
- Insecure usage of resource in resource-exhausted environment (CWE-375)
- Insecure usage of resource in resource-overflow environment (CWE-376)
- Insecure usage of resource in resource-underflow environment (CWE-377)
- Insecure usage of resource in resource-starvation environment (CWE-378)
- Insecure usage of resource in resource-exhaustion environment (CWE-379)
- Insecure usage of resource in resource-overflow environment (CWE-380)
- Insecure usage of resource in resource-starvation environment (CWE-381)
- Insecure usage of resource in resource-exhaustion environment (CWE-382)
- Insecure usage of resource in resource-overflow environment (CWE-383)
- Insecure usage of resource in resource-starvation environment (CWE-384)
- Insecure usage of resource in resource-exhaustion environment (CWE-385)
- Insecure usage of resource in resource-overflow environment (CWE-386)
- Insecure usage of resource in resource-starvation environment (
For troubleshooting, visit: https://python.langchain.com/docs/troubleshooting/errors/OUTPUT_PARSING_FAILURE , falling back to strict parser
JSON parsing failed: Invalid json output: - Weak encryption (CWE-327)
- Insecure random number generation (CWE-601)
- Insecure usage of function (CWE-777)
- Missing validation (CWE-907)
- Integer overflow (CWE-191, CWE-199)
- Weaknesses in API design (CWE-592)
- Weaknesses in resource management (CWE-415)
- Weaknesses in resource locks (CWE-306)
- Weaknesses in resource sharing (CWE-414)
- Weaknesses in resource handling (CWE-400)
- Weaknesses in resource access (CWE-413)
- Weaknesses in resource access control (CWE-20)
- Weaknesses in resource access validation (CWE-22)
- Weaknesses in resource access validation (CWE-22)
- Weaknesses in resource access validation (CWE-22)
- Weaknesses in resource access validation (CWE-22)
- Weaknesses in resource access validation (CWE-22)
- Weaknesses in resource access validation (CWE-22)
- Weaknesses in resource access validation (CWE-22)
- Weaknesses in resource access validation (CWE-22)
- Weaknesses in resource access validation (CWE-22)
- Weaknesses in resource access validation (CWE-22)
- Weaknesses in resource access validation (CWE-22)
- Weaknesses in resource access validation (CWE-22)
- Weaknesses in resource access validation (CWE-22)
- Weaknesses in resource access validation (CWE-22)
- Weaknesses in resource access validation (CWE-22)
- Weaknesses in resource access validation (CWE-22)
- Weaknesses in resource access validation (CWE-22)
- Weaknesses in resource access validation (CWE-22)
- Weaknesses in resource access validation (CWE-22)
- Weaknesses in resource access validation (CWE-22)
- Weaknesses in resource access validation (CWE-22)
- Weaknesses in resource access validation (CWE-22)
- Weaknesses in resource access validation (CWE-22)
- Weaknesses in resource access validation (CWE-22)
- Weaknesses in resource access validation (CWE-22)
- Weaknesses in resource access validation (CWE-22)
-
For troubleshooting, visit: https://python.langchain.com/docs/troubleshooting/errors/OUTPUT_PARSING_FAILURE , falling back to strict parser
2025-10-03 16:21:12,964 - job_deepseek_database_1759521942 - INFO - Task rank_cwe: 80/314 commits processed
JSON parsing failed: Invalid json output: - Weak encryption (CWE-311)
- Insecure file operations (CWE-361)
- Insecure use of random (CWE-601)
- Insecure use of external libraries (CWE-369)
- Insecure use of function (CWE-416)
- Insecure use of state (CWE-613)
- Insecure use of file operations (CWE-361)
- Insecure use of network functions (CFS-1001)
- Insecure use of system functions (CWE-366)
- Insecure use of system libraries (CWE-378)
- Insecure use of string functions (CWE-104)
- Insecure use of resource management (CWE-400)
- Insecure use of resource locks (CWE-384)
- Insecure use of resource sharing (CWE-397)
- Insecure use of resource allocation (CWE-398)
- Insecure use of resource handling (CWE-395)
- Insecure use of resource management functions (CWE-400)
- Insecure use of resource locks (CWE-384)
- Insecure use of resource sharing (CWE-397)
- Insecure use of resource allocation (CWE-398)
- Insecure use of resource handling (CWE-395)
- Insecure use of resource management functions (CWE-400)
- Insecure use of resource locks (CWE-384)
- Insecure use of resource sharing (CWE-397)
- Insecure use of resource allocation (CWE-398)
- Insecure use of resource handling (CWE-395)
- Insecure use of resource management functions (CWE-400)
- Insecure use of resource locks (CWE-384)
- Insecure use of resource sharing (CWE-397)
- Insecure use of resource allocation (CWE-398)
- Insecure use of resource handling (CWE-395)
- Insecure use of resource management functions (CWE-400)
- Insecure use of resource locks (CWE-384)
- Insecure use of resource sharing (CWE-397)
- Insecure use of resource allocation (CWE-398)
- Insecure use of resource handling (CWE-395)
- Insecure use of resource management functions (CWE-400)
- Insecure use of resource locks (CWE-384)
- Insecure use of resource sharing (CWE-397)
- Insecure use of resource allocation (
For troubleshooting, visit: https://python.langchain.com/docs/troubleshooting/errors/OUTPUT_PARSING_FAILURE , falling back to strict parser
JSON parsing failed: Invalid json output: - Weak encryption (CWE-311)
- Insecure random number generation (CWE-330)
- Insecure usage of function (CWE-587)
- Insecure usage of library functions (CWE-676)
- Insecure usage of system functions (CWE-758)
- Insecure usage of network functions (CWE-327)
- Insecure usage of resource functions (CWE-400)
- Insecure usage of file functions (CWE-378)
- Insecure usage of file operations (CFS)
- Insecure usage of file operations (CFS)
- Insecure usage of file operations (CFS)
- Insecure usage of file operations (CFS)
- Insecure usage of file operations (CFS)
- Insecure usage of file operations (CFS)
- Insecure usage of file operations (CFS)
- Insecure usage of file operations (CFS)
- Insecure usage of file operations (CFS)
- Insecure usage of file operations (CFS)
- Insecure usage of file operations (CFS)
- Insecure usage of file operations (CWE-399)
- Insecure usage of file operations (CWE-399)
- Insecure usage of file operations (CWE-399)
- Insecure usage of file operations (CWE-399)
- Insecure usage of file operations (CWE-399)
- Insecure usage of file operations (CWE-399)
- Insecure usage of file operations (CWE-399)
- Insecure usage of file operations (CWE-399)
- Insecure usage of file operations (CWE-399)
- Insecure usage of file operations (CWE-399)
- Insecure usage of file operations (CWE-399)
- Insecure usage of file operations (CWE-399)
- Insecure usage of file operations (CWE-399)
- Insecure usage of file operations (CWE-399)
- Insecure usage of file operations (CWE-399)
- Insecure usage of file operations (CWE-399)
- Insecure usage of file operations (CWE-399)
- Insecure usage of file operations (CWE-399)
- Insecure usage of file operations (CWE-399)
- Insecure usage of file operations (CWE-399)
- Insecure usage of file operations (CWE-399)
- Insecure usage of file operations (CWE-399)
- Insecure usage of file operations
For troubleshooting, visit: https://python.langchain.com/docs/troubleshooting/errors/OUTPUT_PARSING_FAILURE , falling back to strict parser
JSON parsing failed: Invalid json output: - Weak encryption (CWE-311)
- Insecure random number generation (CWE-330)
- Insecure file operations (CWE-416)
- Insecure library usage (CWE-369)
- Insecure API usage (CWE-377)
- Weak password policies (CWE-521)
- Insecure network operations (CWE-311)
- Insecure storage (CWE-312)
- Insecure resource management (CWE-415)
- Insecure usage of public functions (CWE-416)
- Insecure usage of public member variables (CWE-414)
- Insecure usage of public static methods (CWE-413)
- Insecure usage of public static variables (CWE-417)
- Insecure usage of public functions (C CWE-416)
- Insecure usage of public member variables (CWE-414)
- Insecure usage of public static methods (CWE-413)
- Insecure usage of public static variables (CWE-417)
- Insecure usage of public functions (CWE-416)
- Insecure usage of public member variables (CWE-414)
- Insecure usage of public static methods (CWE-413)
- Insecure usage of public static variables (CWE-417)
- Insecure usage of public functions (CWE-416)
- Insecure usage of public member variables (CWE-414)
- Insecure usage of public static methods (CWE-413)
- Insecure usage of public static variables (CWE-417)
- Insecure usage of public functions (CWE-416)
- Insecure usage of public member variables (CWE-414)
- Insecure usage of public static methods (CWE-413)
- Insecure usage of public static variables (CWE-417)
- Insecure usage of public functions (CWE-416)
- Insecure usage of public member variables (CWE-414)
- Insecure usage of public static methods (CWE-413)
- Insecure usage of public static variables (CWE-417)
- Insecure usage of public functions (CWE-416)
- Insecure usage of public member variables (CWE-414)
- Insecure usage of public static methods (CWE-413)
- Insecure usage of public static variables (CWE-417)
- Insecure usage of public functions (CWE-416)
- Insecure usage of public member variables (CWE-414)
- Insecure usage
For troubleshooting, visit: https://python.langchain.com/docs/troubleshooting/errors/OUTPUT_PARSING_FAILURE , falling back to strict parser
JSON parsing failed: Invalid json output: - Weak encryption (CWE-257)
- Insecure random number generation (CWE-330)
- Insecure string handling (CWE-131, CWE-134)
- Insecure file operations (CWE-416)
- Insecure library usage (CWE-369)
- Insecure inter-process communication (CW-)
- Insecure resource management (CWE-400)
- Insecure usage of functions (CWE-416)
- Insecure usage of functions (CWE-416)
- Insecure usage of functions (CWE-416)

First, let's analyze the code step by step.

The function `add_slot_store` is a sysfs attribute store function. It's supposed to handle adding a slot via sysfs. The function takes a buffer from the user input, copies it into `drc_name`, and then attempts to add the slot.

Looking at the code, the first thing that stands out is the buffer handling. The function checks if `nbytes` is greater than or equal to `MAX_DRC_NAME_LEN`, and if so, returns 0. Otherwise, it copies `nbytes` bytes from `buf` into `drc_name`.

But wait, the `memcpy` is only copying `nbytes` bytes, but the `drc_name` is an array of `MAX_DRC_NAME_LEN` size. So if `nbytes` is less than `MAX_DRC_NAME_LEN`, the remaining bytes in `drc_name` might not be initialized properly. This could lead to uninitialized data being copied or used elsewhere, which might cause issues.

Next, the code uses `strchr` to find a newline in `drc_name`. If it doesn't find one, it sets `end` to point to the end of `drc_name` plus `nbytes`, which seems off. Wait, `drc_name` is of size `MAX_DRC_NAME_LEN`, and `nbytes` is the length of the input buffer. So if the buffer is shorter than `MAX_DRC_NAME_LEN`, `drc_name` might have garbage data beyond `nbytes`. Then, `end` is set to `&drc_name[nbytes]`, which is beyond the copied data. Then, it sets `*end` to '\0', effectively truncating `drc_name` at `nbytes` if no newline is found.

This could be problematic because if `nbytes` is less than `MAX_DRC_NAME_LEN`,
For troubleshooting, visit: https://python.langchain.com/docs/troubleshooting/errors/OUTPUT_PARSING_FAILURE , falling back to strict parser
JSON parsing failed: Invalid json output: - Race conditions (CWE-362, CWE-367)
- Weak encryption (CWE-311)
- Insecure random number generation (CWE-330)
- Resource management issues (CWE-400, 401, 415)
- Improper handling of nulls (CWE-457)
- Inconsistent use of pointers (CWE-798)
- Inconsistent use of string functions (CWE-116, 117)
- Inconsistent use of integer functions (CWE-823)
- Inconsistent use of bitwise operations (CWE-823)
- Inconsistent use of shifts (CWE-823)
- Inconsistent use of arithmetic operations (CWE-823)
- Inconsistent use of comparison operators (CWE-823)
- Inconsistent use of control flow (CWE-823)
- Insecure temporary use of key variables (CWE-665)
- Use of dangerous functions (CWE-131, 134)
- Use of external control (CWE-416)
- Use of function with incorrect arguments (CWE-477)
- Use of function return value not checked (CWE-823)
- Use of resource after free (CWE-401)
- Use of uninitialized variables (CWE-400)
- Use of incorrect modifiers (CWE-823)
- Use of incorrect casts (CWE-823)
- Use of incorrect function (CWE-823)
- Use of incorrect function arguments (CWE-477)
- Use of incorrect function return value (CWE-823)
- Use of incorrect string functions (CWE-116, 117)
- Use of incorrect string modifiers (CWE-117)
- Use of incorrect string operations (CWE-117)
- Use of incorrect bitwise operations (CWE-823)
- Use of incorrect arithmetic operations (CWE-823)
- Use of incorrect comparison operators (CWE-823)
- Use of incorrect control flow (CWE-823)
- Use of incorrect exception handling (CWE-823)
- Use of incorrect synchronization (CWE-823)
- Use of incorrect memory management (CWE-823)
- Use of incorrect resource management (CWE-823)
- Use of incorrect resource release (CWE-823)
- Use of incorrect resource locks (CWE-823)
- Use of incorrect resource semaphores (CWE-823)
- Use of incorrect resource signals (CWE-823)
- Use of incorrect resource waits (CWE-823)
-
For troubleshooting, visit: https://python.langchain.com/docs/troubleshooting/errors/OUTPUT_PARSING_FAILURE , falling back to strict parser
JSON parsing failed: Invalid json output: - Weak random number generation (CWE-601)
- Integer overflow (CWE-191, CWE-199)
- Race conditions (CWE-363)
- Insecure use of random data (CWE-601)
- Insecure use of temporary files (CWE-570)
- Insecure use of external libraries (CWE-327)
- Insecure use of shell commands (CWE-327)
- Insecure use of file operations (CWE-330)
- Insecure use of network functions (CFS-ATTACK)
- Insecure use of cryptography (CWE-327)
- Insecure use of storage devices (CWE-330)
- Insecure use of resource management (CWE-400)
- Insecure use of resource locks (CWE-400)
- Insecure use of resource sharing (CWE-400)
- Insecure use of resource allocation (CWE-400)
- Insecure use of resource handling (CWE-400)
- Insecure use of resource management (CWE-400)
- Insecure use of resource locks (CWE-400)
- Insecure use of resource sharing (CWE-400)
- Insecure use of resource allocation (CWE-400)
- Insecure use of resource handling (CWE-400)
- Insecure use of resource management (CWE-400)
- Insecure use of resource locks (CWE-400)
- Insecure use of resource sharing (CWE-400)
- Insecure use of resource allocation (CWE-400)
- Insecure use of resource handling (CWE-400)
- Insecure use of resource management (CWE-400)
- Insecure use of resource locks (CWE-400)
- Insecure use of resource sharing (CWE-400)
- Insecure use of resource allocation (CWE-400)
- Insecure use of resource handling (CWE-400)
- Insecure use of resource management (CWE-400)
- Insecure use of resource locks (CWE-400)
- Insecure use of resource sharing (CWE-400)
- Insecure use of resource allocation (CWE-400)
- Insecure use of resource handling (CWE-400)
- Insecure use of resource management (CWE-400)
- Insecure use of resource locks (CWE-400)
- Insecure use of resource sharing (CWE-400)
- Insecure use of resource allocation (CWE-
For troubleshooting, visit: https://python.langchain.com/docs/troubleshooting/errors/OUTPUT_PARSING_FAILURE , falling back to strict parser
JSON parsing failed: Invalid json output: - Weak encryption (CWE-257)
- Insecure random number generation (CWE-330)
- Integer overflow (CWE-191, CWE-199)
- Race conditions (CWE-362)
- Missing bounds checking (CWE-401)
- Insecure string handling (CWE-119, CWE-134)
- Weaknesses in resource management (CWE-400, CWE-415)
- Insecure file operations (CWE-22, CWE-414)
- Weaknesses in API design (CWE-484)
- Insecure usage of function output (CWE-476)
- Weaknesses in cryptographic implementation (CWE-327)
- Weaknesses in resource management (CWE-400, 415)
- Weaknesses in resource management (CWE-400, 415)
- Weaknesses in resource management (CWE-400, 415)

Now, let's analyze the code step by step.

Looking at the function fbcon_set_font, it's responsible for setting a font on a framebuffer. The function takes a struct vc_data, a struct console_font, and some flags.

First, it gets the fb_info from the console. Then, it checks if charcount is 256 or 512. If not, returns -EINVAL.

Next, it checks if the width or height of the font exceeds some rotated resolution. If so, returns -EINVAL.

Then, it checks if certain bits are set in the pixmap's blit_x and blit_y. If not, returns -EINVAL.

Then, it checks if the font has an invalid charcount. If so, returns -EINVAL.

Calculates the font size based on height, pitch, and charcount.

Allocates new_data as a kmalloc with some extra words. If allocation fails, returns -ENOMEM.

Then, initializes new_data with zeros, adds some extra words, sets the font size, and refcount.

Copies the font data into new_data, using a loop that copies h*pitch bytes each time.

Calculates a CRC32 of new_data and stores it as FNTSUM.

Then, loops through first_fb_vc to last_fb_vc, checking if any vc_data has a matching fontdata (same csum and size, same width, and same data). If found, it frees new_data and uses the existing fontdata.

Finally, it calls fbcon_do_set_font with new_data.

Looking for potential issues:

1. The function uses kmalloc and doesn't
For troubleshooting, visit: https://python.langchain.com/docs/troubleshooting/errors/OUTPUT_PARSING_FAILURE , falling back to strict parser
JSON parsing failed: Invalid json output: - Weak encryption (CWE-261)
- Insecure random number generation (CWE-330)
- Insecure string handling (CWE-119, CWE-131, CWE-134)
- Integer overflow (CWE-191, CWE-199, CWE-200)
- Weaknesses in BPF/elf filters (CWE-416)
- Incorrect handling of null (CWE-476)
- Insecure use of function (CWE-587)
- Incorrect handling of shifts (CWE-823)
- Incorrect handling of bitwise operations (CWE-823)
- Incorrect handling of division (CWE-191, CWE-199)
- Incorrect handling of arithmetic operations (CWE-191, CWE-199)
- Incorrect handling of comparison (CWE-167)
- Incorrect handling of logical operations (CWE-191, CWE-199)
- Incorrect handling of string operations (CWE-134, CWE-131)
- Incorrect handling of file operations (CWE-22, CWE-352)
- Incorrect handling of network operations (CWE-22, CWE-352)
- Incorrect handling of process operations (CWE-352)
- Incorrect handling of system calls (CWE-352)
- Incorrect handling of resource management (CWE-476)
- Incorrect handling of concurrency (CWE-476)
- Incorrect handling of locks (CWE-476)
- Incorrect handling of synchronization (CWE-476)
- Incorrect handling of inter-process communication (CWE-476)
- Incorrect handling of shared memory (CWE-476)
- Incorrect handling of memory management (CWE-476)
- Incorrect handling of resource leaks (CWE-476)
- Incorrect handling of resource exhaustion (CWE-476)
- Incorrect handling of resource limits (CWE-476)
- Incorrect handling of resource sharing (CWE-476)
- Incorrect handling of resource locks (CWE-476)
- Incorrect handling of resource contention (CWE-476)
- Incorrect handling of resource allocation (CWE-476)
- Incorrect handling of resource deallocation (CWE-476)
- Incorrect handling of resource deallocation on success (CWE-476)
- Incorrect handling of resource deallocation on failure (CWE-476)
- Incorrect handling of resource sharing on success (CWE-476)
- Incorrect handling of resource sharing on failure (CWE-476)
- Incorrect handling of resource locks on success (CWE-476)
- Incorrect handling of resource locks on failure (CWE-
For troubleshooting, visit: https://python.langchain.com/docs/troubleshooting/errors/OUTPUT_PARSING_FAILURE , falling back to strict parser
JSON parsing failed: Invalid json output: - Weak encryption (CWE-257)
- Insecure random number generation (CWE-330)
- Improper error handling (CWE-400, 401, 476)
- Race conditions (CWE-362, 365)
- Insecure string handling (CWE-119, 131, 132)
- Insecure file operations (CWE-22, 798)
- Insecure library usage (CWE-673, 732)
- Insecure network operations (CWE-16, 19, 74, 79, 80, 86, 88, 93, 94, 117, 118, 119, 122, 123, 124, 132, 139, 200, 201, 202, 207, 214, 217, 220, 221, 240, 241, 243, 246, 247, 248, 250, 251, 252, 253, 254, 255, 256, 257, 258, 259, 260, 261, 262, 263, 264, 265, 266, 267, 268, 269, 270, 271, 272, 273, 274, 275, 276, 277, 278, 279, 280, 281, 282, 283, 284, 285, 286, 287, 288, 289, 290, 291, 292, 293, 294, 295, 296, 297, 298, 299, 300, 301, 302, 303, 304, 305, 306, 307, 308, 309, 310, 311, 312, 313, 314, 315, 316, 317, 318, 319, 320, 321, 322, 323, 324, 325, 326, 327, 328, 329, 330, 331, 332, 333, 334, 335, 336, 337, 338, 339, 340, 341, 342, 343, 344, 345, 346, 347, 348, 349, 350, 351, 352, 353, 354,
For troubleshooting, visit: https://python.langchain.com/docs/troubleshooting/errors/OUTPUT_PARSING_FAILURE , falling back to strict parser
JSON parsing failed: Invalid json output: - Weak encryption (CWE-261)
- Insecure random number generation (CWE-330)
- Integer overflow (CWE-191, CWE-199)
- Weaknesses in BPF (CWE-1083)
- Weaknesses in verification logic (CWE-1084)
- Weaknesses in resource management (CWE-400)
- Weaknesses in resource management (CWE-415)
- Weaknesses in resource management (CWE-416)
- Weaknesses in resource management (CWE-418)
- Weaknesses in resource management (CWE-419)
- Weaknesses in resource management (CWE-420)
- Weaknesses in resource management (CWE-421)
- Weaknesses in resource management (CWE-422)
- Weaknesses in resource management (CWE-423)
- Weaknesses in resource management (CWE-424)
- Weaknesses in resource management (CWE-425)
- Weaknesses in resource management (CWE-426)
- Weaknesses in resource management (CWE-427)
- Weaknesses in resource management (CWE-428)
- Weaknesses in resource management (CWE-429)
- Weaknesses in resource management (CWE-430)
- Weaknesses in resource management (CWE-431)
- Weaknesses in resource management (CWE-432)
- Weaknesses in resource management (CWE-433)
- Weaknesses in resource management (CWE-434)
- Weaknesses in resource management (CWE-435)
- Weaknesses in resource management (CWE-436)
- Weaknesses in resource management (CWE-437)
- Weaknesses in resource management (CWE-438)
- Weaknesses in resource management (CWE-439)
- Weaknesses in resource management (CWE-440)
- Weaknesses in resource management (CWE-441)
- Weaknesses in resource management (CWE-442)
- Weaknesses in resource management (CWE-443)
- Weaknesses in resource management (CWE-444)
- Weaknesses in resource management (CWE-445)
- Weaknesses in resource management (CWE-446)
- Weaknesses in resource management (CWE-447)
- Weaknesses in resource management (CWE-448)
- Weaknesses in resource management (
For troubleshooting, visit: https://python.langchain.com/docs/troubleshooting/errors/OUTPUT_PARSING_FAILURE , falling back to strict parser
2025-10-03 16:23:09,130 - job_deepseek_database_1759521942 - INFO - Task rank_cwe: 90/314 commits processed
JSON parsing failed: Invalid json output: - Weak random number generation (CWE-601)
- Race conditions (CWE-362)
- Insecure use of random seeds (CWE-601)
- Insecure use of predictable seeds (CWE-601)
- Insecure use of a static hash (CWE-601)
- Insecure use of a static salt (CWE-601)
- Insecure use of a static key (CWE-601)
- Insecure use of a static nonce (CWE-601)
- Insecure use of a static cipher (CWE-601)
- Insecure use of a static version (CWE-601)
- Insecure use of a static constant (CWE-601)
- Insecure use of a static array (CWE-601)
- Insecure use of a static pointer (CWE-601)
- Insecure use of a static function (CWE-601)
- Insecure use of a static variable (CWE-601)
- Insecure use of a static string (CWE-601)
- Insecure use of a static integer (CWE-601)
- Insecure use of a static boolean (CWE-601)
- Insecure use of a static byte (CWE-601)
- Insecure use of a static bit (CWE-601)
- Insecure use of a static shift (CWE-601)
- Insecure use of a static arithmetic operation (CWE-601)
- Insecure use of a static comparison (CWE-601)
- Insecure use of a static loop (CWE-601)
- Insecure use of a static if (CWE-601)
- Insecure use of a static switch (CWE-601)
- In CWE-601, the use of static variables in a function that might be called multiple times can lead to race conditions or stale data.

Looking at the code, I need to find potential vulnerabilities.

First, I'll examine the code for possible buffer overflows. The function __inet_hash_connect has several loops and uses variables like 'i' and 'offset'. I don't immediately see any obvious buffer overflow points, but I should look for places where array sizes or loop conditions might be vulnerable.

Next, I'll check for memory issues. There's a static array 'table_perturb' which is initialized with a size of 1 << INET_TABLE_PERTURB_SHIFT. If INET_TABLE_PERTURB_SHIFT is large, this could be a problem
For troubleshooting, visit: https://python.langchain.com/docs/troubleshooting/errors/OUTPUT_PARSING_FAILURE , falling back to strict parser
JSON parsing failed: Invalid json output: - Weak encryption (CWE-261)
- Insecure random number generation (CWE-330)
- Insecure usage of function (CWE-416)
- Insecure usage of library functions (CWE-676)
- Insecure usage of system functions (CWE-758)
- Insecure usage of file operations (CWE-798)
- Insecure usage of network functions (CWE-804)
- Insecure usage of resource management (CWE-908)
- Insecure usage of concurrency (CWE-653)
- Insecure usage of container functions (CWE-1311)
- Insecure usage of logging functions (CWE-117)
- Insecure usage of string functions (CWE-116)
- Insecure usage of integer functions (CWE-758)
- Insecure usage of bitwise operations (CWE-823)
- Insecure usage of shift operations (CWE-824)
- Insecure usage of arithmetic operations (CWE-825)
- Insecure usage of comparison functions (CWE-166)
- Insecure usage of exception handling (CWE-117)
- Insecure usage of resource locks (CWE-119)
- Insecure usage of race conditions (CWE-362)
- Insecure usage of time functions (CWE-330)
- Insecure usage of file descriptors (CWE-758)
- Insecure usage of shared memory (CWE-798)
- Insecure usage of pipes (CWE-758)
- Insecure usage of sockets (CWE-758)
- Insecure usage of environment variables (CWE-601)
- Insecure usage of local storage (CWE-601)
- Insecure usage of session management (CWE-601)
- Insecure usage of cookies (CWE-601)
- Insecure usage of authentication (CWE-601)
- Insecure usage of authorization (CWE-601)
- Insecure usage of cryptography (CWE-261)
- Insecure usage of key management (CWE-261)
- Insecure usage of secret handling (CWE-261)
- Insecure usage of random number generation (CWE-330)
- Insecure usage of input validation (CWE-20)
- Insecure usage of output validation (CWE-20)
- Insecure usage of resource management (CWE-908)
- Insecure usage of resource allocation (CWE-908)
- Insecure usage of resource release (CWE-908)
- Insecure
For troubleshooting, visit: https://python.langchain.com/docs/troubleshooting/errors/OUTPUT_PARSING_FAILURE , falling back to strict parser
JSON parsing failed: Invalid json output: - Weak random number generation (CWE-601)
- Insecure use of crypto (CWE-338)
- Insecure use of temporary files (CWE-644)
- Insecure use of shell functions (CWE-327)
- Insecure use of pipes (CWI-XXX, but not in standard)
- Insecure use of signals (CWE-540)
- Insecure use of system calls (CWE-330)
- Insecure use of static data (CWE-805)
- Insecure use of dynamic data (CWE-836)
- Insecure use of resource locks (CWE-653)
- Insecure use of shared variables (CWE-653)
- Insecure use of file descriptors (CWE-330)
- Insecure use of socket locks (CWE-653)
- Insecure use of race conditions (CWE-362)
- Insecure use of time stamps (CWE-361)
- Insecure use of resource management (CWE-664)
- Insecure use of resource allocation (CWE-664)
- Insecure use of resource deallocation (CWE-664)
- Insecure use of resource sharing (CWE-664)
- Insecure use of resource locks (CWE-653)
- Insecure use of shared variables (CWE-653)
- Insecure use of file descriptors (CWE-330)
- Insecure use of socket locks (CWE-653)
- Insecure use of race conditions (CWE-362)
- Insecure use of time stamps (CWE-361)
- Insecure use of resource management (CWE-664)
- Insecure use of resource allocation (CWE-664)
- Insecure use of resource deallocation (CWE-664)
- Insecure use of resource sharing (CWE-664)
- Insecure use of resource locks (CWE-653)
- Insecure use of shared variables (CWE-653)
- Insecure use of file descriptors (CWE-330)
- Insecure use of socket locks (CWE-653)
- Insecure use of race conditions (CWE-362)
- Insecure use of time stamps (CWE-361)
- Insecure use of resource management (CWE-664)
- Insecure use of resource allocation (CWE-664)
- Insecure use of resource deallocation (CWE-664)
- Insecure use of resource sharing (CWE-664)
- In
For troubleshooting, visit: https://python.langchain.com/docs/troubleshooting/errors/OUTPUT_PARSING_FAILURE , falling back to strict parser
JSON parsing failed: Invalid json output: - Weak randomness (CWE-330)
- Integer overflow (CWE-191, CWE-199)
- Race conditions (CWE-362)
- Insecure use of random number generator (CWE-330)
- Insecure use of encryption (CWE-338)
- Insecure use of external libraries (CWE-670)
- Insecure use of static data (CWE-119)
- Insecure use of dynamic data (CWE-416)
- Insecure use of resource (CWE-400)
- Insecure use of resource locks (CWE-397)
- Insecure use of resource sharing (CWE-397)
- Insecure use of resource pools (CWE-397)
- Insecure use of resource allocation (CWE-397)
- Insecure use of resource deallocation (CWE-397)
- Insecure use of resource locks (CWE-397)
- Insecure use of resource sharing (CWE-397)
- Insecure use of resource pools (CWE-397)
- Insecure use of resource allocation (CWE-397)
- In CWE-397, the code may be using a resource (like a pool) in an insecure way, such as sharing, allocation, or deallocation without proper synchronization or checks.

Looking at the code, I need to find the most likely vulnerabilities.

First, let's analyze the code in `random32.c`. There's a `DEFINE_PER_CPU` for `net_rand_state`, which is a `struct rnd_state`. This is a static variable, and in some cases, if not properly managed, could lead to race conditions or resource sharing issues.

Looking at `random.c`, the function `add_interrupt_randomness` uses a `fast_pool` which is a pointer to a `struct fast_pool`. It's using this pool to mix entropy. The code uses `fast_pool->pool[0] ^= cycles ^ j_high ^ irq;` and similar operations. The pool is being modified in-place, which could be a problem if not properly synchronized.

In `timer.c`, the function `update_process_times` is called with `user_tick`. It's using `current` as the current task without any locking, which could lead to race conditions if multiple threads are accessing it.

Looking for potential issues:

1. **Insecure use of resource pools (CWE-397)**: The `fast_pool` is being used in `add_interrupt_randomness`. If multiple threads are accessing this pool without proper
For troubleshooting, visit: https://python.langchain.com/docs/troubleshooting/errors/OUTPUT_PARSING_FAILURE , falling back to strict parser
JSON parsing failed: Invalid json output: - Weak random number generation (CWE-601)
- Insecure use of random numbers (CWE-327)
- Insecure use of encryption (CWE-338)
- Insecure use of hash functions (CWE-157)
- Insecure use of resource management (CWE-400)
- Insecure use of resource locks (CWE-228)
- Insecure use of shared memory (CWE-330)
- Insecure use of static data (CWE-805)
- Insecure use of dynamic data (CWE-807)
- Insecure use of file operations (CWE-378)
- Insecure use of network functions (CWE-397)
- Insecure use of concurrency (CWE-798)
- Insecure use of timing (CWE-601)
- Insecure use of resource allocation (CWE-400)
- Insecure use of resource management (CWE-400)
- Insecure use of resource locks (CWE-228)
- Insecure use of shared memory (CWE-330)
- Insecure use of static data (CWE-805)
- Insecure use of dynamic data (CWE-807)
- Insecure use of file operations (CWE-378)
- Insecure use of network functions (CWE-397)
- Insecure use of concurrency (CWE-798)
- Insecure use of timing (CWE-601)
- Insecure use of resource allocation (CWE-400)
- Insecure use of resource management (CWE-400)
- Insecure use of resource locks (CWE-228)
- Insecure use of shared memory (CWE-330)
- Insecure use of static data (CWE-805)
- Insecure use of dynamic data (CWE-807)
- Insecure use of file operations (CWE-378)
- Insecure use of network functions (CWE-397)
- Insecure use of concurrency (CWE-798)
- Insecure use of timing (CWE-601)
- Insecure use of resource allocation (CWE-400)
- Insecure use of resource management (CWE-400)
- Insecure use of resource locks (CWE-228)
- Insecure use of shared memory (CWE-330)
- Insecure use of static data (CWE-805)
- Insecure use of dynamic data (CWE-807)
- Insecure use of file operations (CWE-378)
-
For troubleshooting, visit: https://python.langchain.com/docs/troubleshooting/errors/OUTPUT_PARSING_FAILURE , falling back to strict parser
JSON parsing failed: Invalid json output: - Weak encryption (CWE-261)
- Insecure random number generation (CWE-330)
- Insecure string handling (CWE-131, CWE-134)
- Insecure file operations (CWE-416)
- Insecure library usage (CWE-673)
- Insecure inter-process communication (CWE-118)
- Insecure resource management (CWE-415)
- Insecure usage of functions (CWE-416)
- Insecure usage of functions (CWE-416)
- Insecure usage of functions (CWE-416)
- Insecure usage of functions (CWE-416)
- Insecure usage of functions (CWE-416)
- Insecure usage of functions (CWE-416)
- Insecure usage of functions (CWE-416)
- Insecure usage of functions (CWE-416)
- Insecure usage of functions (CWE-416)
- Insecure usage of functions (CWE-416)
- Insecure usage of functions (CWE-416)
- Insecure usage of functions (CWE-416)
- Insecure usage of functions (CWE-416)
- Insecure usage of functions (CWE-416)
- Insecure usage of functions (CWE-416)
- Insecure usage of functions (CWE-416)
- Insecure usage of functions (CWE-416)
- Insecure usage of functions (CWE-416)
- Insecure usage of functions (CWE-416)
- Insecure usage of functions (CWE-416)
- Insecure usage of functions (CWE-416)
- Insecure usage of functions (CWE-416)
- Insecure usage of functions (CWE-416)
- Insecure usage of functions (CWE-416)
- Insecure usage of functions (CWE-416)
- Insecure usage of functions (CWE-416)
- Insecure usage of functions (CWE-416)
- Insecure usage of functions (CWE-416)
- Insecure usage of functions (CWE-416)
- Insecure usage of functions (CWE-416)
- Insecure usage of functions (CWE-416)
- Insecure usage of functions (CWE-416)
- Insecure usage of functions (CWE-416)
- Insecure usage of functions (CWE-416)
- Insecure usage of functions (CWE-416)
- Insecure usage of functions (CWE-416
For troubleshooting, visit: https://python.langchain.com/docs/troubleshooting/errors/OUTPUT_PARSING_FAILURE , falling back to strict parser
JSON parsing failed: Invalid json output: - Weak encryption (CWE-601)
- Insecure random number generation (CWE-601)
- Insecure string handling (CWE-116, CWE-117)
- Insecure file operations (CWE-416)
- Insecure library usage (CWE-673)
- Insecure inter-process communication (CWE-241)
- Insecure resource management (CWE-400)
- Insecure usage of system functions (CWE-327)
- Insecure usage of dynamic memory functions (CWE-401)
- Insecure usage of static memory functions (CWE-416)
- Insecure usage of file functions (CWE-416)
- Insecure usage of network functions (CWE-311)
- Insecure usage of resource functions (CWE-400)
- Insecure usage of integer functions (CWE-367)
- Insecure usage of bitwise operations (CWE-561)
- Insecure usage of bitwise operations in a loop (CWE-561)
- Insecure usage of mathematical functions (CWE-367)
- Insecure usage of string functions (CWE-116, 117)
- Insecure usage of file functions (CWE-416)
- Insecure usage of system functions (CWE-327)
- Insecure usage of inter-process communication (CW-241)
- Insecure usage of resource management (CWE-400)
- Insecure usage of dynamic memory functions (CWE-401)
- Insecure usage of static memory functions (CWE-416)
- Insecure usage of network functions (CWE-311)
- Insecure usage of string functions (CWE-116, 117)
- Insecure usage of integer functions (CWE-367)
- Insecure usage of bitwise operations (CWE-561)
- Insecure usage of mathematical functions (CWE-367)
- Insecure usage of resource functions (CWE-400)
- Insecure usage of file functions (CWE-416)
- Insecure usage of system functions (CWE-327)
- Insecure usage of inter-process communication (CWE-241)
- Insecure usage of dynamic memory functions (CWE-401)
- Insecure usage of static memory functions (CWE-416)
- Insecure usage of network functions (CWE-311)
- Insecure usage of string functions (CWE-116, 117)
- Insecure usage of integer functions (CWE-367)
- Insecure usage of bitwise operations (
For troubleshooting, visit: https://python.langchain.com/docs/troubleshooting/errors/OUTPUT_PARSING_FAILURE , falling back to strict parser
JSON parsing failed: Invalid json output: - Weak encryption (CWE-261)
- Insecure random number generation (CWE-330)
- Improper input handling (CWE-369)
- Unrestricted file uploads (CWE-421)
- Unrestricted file downloads (CWE-494)
- Use after free (CWE-401)
- Double free (CWE-476)
- Integer overflow (CWE-191)
- Race conditions (CWE-362)
- Time-related issues (CWE-399)
- Insecure API (CWE-311)
- Insecure inter-process communication (CWE-397)
- Insecure temporary files (CWE-644)
- Insecure string handling (CWE-134)
- Missing bounds checking (CWE-801)
- Missing input validation (CWE-20)
- Weak password storage (CWE-259)
- Insecure file operations (CWE-416)
- Insecure file descriptors (CWE-400)
- Insecure socket operations (CWE-117)
- Insecure resource management (CWE-948)
- Insecure usage of functions (CWE-257)
- Insecure usage of libraries (CWE-676)
- Insecure usage of system functions (CWE-377)
- Insecure usage of system calls (CW-117)
- Insecure usage of system calls (CWE-117)
- Insecure usage of system calls (CWE-117)
- Insecure usage of system calls (CWE-117)
- Insecure usage of system calls (CWE-117)
- Insecure usage of system calls (CWE-117)
- Insecure usage of system calls (CWE-117)
- Insecure usage of system calls (CWE-117)
- Insecure usage of system calls (CWE-117)
- Insecure usage of system calls (CWE-117)
- Insecure usage of system calls (CWE-117)
- Insecure usage of system calls (CWE-117)
- Insecure usage of system calls (CWE-117)
- Insecure usage of system calls (CWE-117)
- Insecure usage of system calls (CWE-117)
- Insecure usage of system calls (CWE-117)
- Insecure usage of system calls (CWE-117)
- Insecure usage of system calls (CWE-117)
- Insecure usage of system calls (CWE-117)
- Insecure usage of system calls (C
For troubleshooting, visit: https://python.langchain.com/docs/troubleshooting/errors/OUTPUT_PARSING_FAILURE , falling back to strict parser
JSON parsing failed: Invalid json output: - Weak encryption (CWE-261)
- Insecure random number generation (CWE-330)
- Improper handling of nulls (CWE-399)
- Integer overflow (CWE-191, CWE-200)
- Race conditions (CWE-362)
- Weaknesses in inter-process communication (CWE-269)
- Insecure use of dynamically allocated memory (CWE-401)
- Insecure use of static arrays (CWE-400)
- Insecure use of external libraries (CWE-367)
- Insecure use of function output (CWE-112)
- Insecure use of file operations (CWE-378)
- Insecure use of network operations (CWE-377)
- Insecure use of resource locks (CWE-384)
- Insecure use of shared memory (CWE-390)
- Insecure use of temporary files (CWE-570)
- Insecure use of user-space memory (CWE-416)
- Insecure use of user-space pointers (CWE-823)
- Insecure use of user-space strings (CWE-327)
- Insecure use of user-space integers (CWE-829)
- Insecure use of user-space booleans (CWE-834)
- Insecure use of user-space bitmasks (CWE-835)
- Insecure use of user-space nulls (CWE-399)
- Insecure use of user-space arrays (CWE-826)
- Insecure use of user-space function pointers (CWE-824)
- Insecure use of user-space memory in C (CWE-416)
- Insecure use of user-space memory in C++ (CWE-417)
- Insecure use of user-space memory in Java (CWE-418)
- Insecure use of user-space memory in Python (CWE-419)
- Insecure use of user-space memory in JavaScript (CWE-420)
- Insecure use of user-space memory in C# (CWE-421)
- Insecure use of user-space memory in PHP (CWE-422)
- Insecure use of user-space memory in Ruby (CWE-423)
- Insecure use of user-space memory in Go (CWE-424)
- Insecure use of user-space memory in other languages (CWE-425)
- Weaknesses in resource management (CWE-400)
- Weaknesses in resource locking (CWE-384)
- Weaknesses
For troubleshooting, visit: https://python.langchain.com/docs/troubleshooting/errors/OUTPUT_PARSING_FAILURE , falling back to strict parser
JSON parsing failed: Invalid json output: - Weak encryption (CWE-257)
- Race conditions (CWE-362)
- Resource management issues (CWE-400, 415, 413)
- Improper handling of nulls (CWE-476)
- Integer overflows (CWE-191, 377)
- Weak random number generation (CWE-330)
- Insecure use of random data (CWE-327)
- Insecure use of external libraries (CWE-369)
- Insecure use of file operations (CWE-378)
- Insecure use of string functions (CWE-116, 117)
- Insecure use of container functions (CWE-130, 131)
- Insecure use of concurrency controls (CWE-653)
- Insecure use of cryptographic functions (CWE-338)
- Insecure use of resource locks (CWE-665)
- Insecure use of resource pools (CWE-668)
- Insecure use of shared memory (CWE-670)
- Insecure use of temporary files (CWE-644)
- Insecure use of file descriptors (CWE-534)
- Insecure use of network functions (CWE-377)
- Insecure use of signal handling (CWE-399)
- Insecure use of system calls (CWE-416)
- Insecure use of system libraries (CWE-434)
- Insecure use of user-space memory (CWE-400)
- Insecure use of user-space stack (CWE-416)
- Insecure use of user-space string functions (CWE-116)
- Insecure use of user-space integer functions (CWE-191)
- Insecure use of user-space bitwise operations (CWE-570)
- Insecure use of user-space arithmetic operations (CWE-570)
- Insecure use of user-space logical operations (CWE-570)
- Insecure use of user-space bitwise operations (CWE-570)
- Insecure use of user-space string functions (CWE-116)
- Insecure use of user-space integer functions (CWE-191)
- Insecure use of user-space arithmetic operations (CWE-570)
- Insecure use of user-space logical operations (CWE-570)
- Insecure use of user-space bitwise operations (CWE-570)
- Insecure use of user-space string functions (CWE-116)
- Insecure use of user-space integer functions (CWE-191)
- Insecure use
For troubleshooting, visit: https://python.langchain.com/docs/troubleshooting/errors/OUTPUT_PARSING_FAILURE , falling back to strict parser
2025-10-03 16:25:07,100 - job_deepseek_database_1759521942 - INFO - Task rank_cwe: 100/314 commits processed
JSON parsing failed: Invalid json output: - Weak encryption (CWE-311)
- Insecure random number generation (CWE-330)
- Integer overflow (CWE-191, CWE-199)
- Race conditions (CWE-362)
- Weaknesses in IO handling (CWE-416)
- Weaknesses in file handling (CWE-416)
- Weaknesses in concurrency (CWE-362)
- Weaknesses in resource management (CWE-400)
- Weaknesses in resource leaks (CWE-401)
- Weaknesses in resource exhaustion (CWE-400)
- Weaknesses in file descriptors (CWE-400)
- Weaknesses in file system operations (CWE-400)
- Weaknesses in data validation (CWE-20)
- Weaknesses in string handling (CWE-327)
- Weaknesses in containerized environments (CWE-117)
- Weaknesses in network handling (CWE-400)
- Weaknesses in cryptographic implementation (CWE-311)
- Weaknesses in authentication (CWE-307)
- Weaknesses in authorization (CWE-308)
- Weaknesses in session management (CWE-352)
- Weaknesses in configuration management (CWE-312)
- Weaknesses in logging (CWE-384)
- Weaknesses in error handling (CWE-400)
- Weaknesses in exception handling (CWE-400)
- Weaknesses in resource locks (CWE-400)
- Weaknesses in resource sharing (CWE-400)
- Weaknesses in resource allocation (CWE-400)
- Weaknesses in resource management (CWE-400)
- Weaknesses in resource exhaustion (CWE-400)
- Weaknesses in resource leaks (CWE-401)
- Weaknesses in resource management (CWE-400)
- Weaknesses in resource exhaustion (CWE-400)
- Weaknesses in resource leaks (CWE-401)
- Weaknesses in resource management (CWE-400)
- Weaknesses in resource exhaustion (CWE-400)
- Weaknesses in resource leaks (CWE-401)
- Weaknesses in resource management (CWE-400)
- Weaknesses in resource exhaustion (CWE-400)
- Weaknesses in resource leaks (CWE-401)
- Weaknesses in resource management (CWE-400)
- Weakness
For troubleshooting, visit: https://python.langchain.com/docs/troubleshooting/errors/OUTPUT_PARSING_FAILURE , falling back to strict parser
JSON parsing failed: Invalid json output: - Weak encryption (CWE-311)
- Insecure random number generation (CWE-330)
- Integer overflow (CWE-191, CWE-199)
- Race conditions (CWE-362)
- Weaknesses in resource management (CWE-400, CWE-415)
- Insecure API (CWE-327)
- Insecure file operations (CWE-416)
- Insecure library usage (CWE-409)
- Insecure inter-process communication (C CWE-462)
- Weaknesses in authentication (CWE-312)
- Weaknesses in session management (CWE-365)
- Weaknesses in configuration management (CWE-377)
- Weaknesses in data validation (CWE-22, but that's path traversal)
- Weaknesses in resource management (CWE-400, 415)
- Weaknesses in resource leaks (CWE-401)
- Weaknesses in resource handling (CWE-476)
- Weaknesses in resource management (CWE-400, 415)
- Weaknesses in resource leaks (CWE-401)
- Weaknesses in resource handling (CWE-476)
- Weaknesses in resource management (CWE-400, 415)
- Weaknesses in resource leaks (CWE-401)
- Weaknesses in resource handling (CWE-476)

Okay, so I'm trying to analyze this code snippet to figure out the most likely Common Weakness Enumerations (CWEs) it might have. Let's take it step by step.

The code is a function called dmam_free_coherent. It's part of the kernel's DMA mapping code. The function takes a struct device pointer, a size_t size, a void pointer vaddr, and a dma_addr_t dma_handle. It then creates a struct dma_devres called match_data with these parameters. After that, it calls dma_free_coherent with the same parameters and then a WARN_ON macro with devres_destroy.

Hmm, so what's happening here? The function seems to be freeing some coherent memory in the DMA subsystem. The match_data is being used to destroy the device resource. The WARN_ON suggests that if devres_destroy fails, it logs a warning.

Now, looking for potential vulnerabilities. Let's think about the parameters passed to the functions. The size, vaddr, and dma_handle are all being used in the functions. Could any of these lead to issues?

First, the
For troubleshooting, visit: https://python.langchain.com/docs/troubleshooting/errors/OUTPUT_PARSING_FAILURE , falling back to strict parser
JSON parsing failed: Invalid json output: - Weak encryption (CWE-311)
- Race conditions (CWE-362)
- Resource management issues (CWE-415, CWE-680)
- Improper handling of nulls (CWE-457)
- Insecure use of random functions (CWE-330)
- Use after free (CWE-101)
- Integer overflows (CWE-191, CWE-200)
- Incorrect handling of pointers (CWE-798)
- Inconsistent string handling (CWE-592)
- Inconsistent use of containers (CWE-601, 602, 603)
- Inconsistent use of locks (CWE-653)
- Inconsistent use of memory (CWE-400)
- Inconsistent use of resource allocation (CWE-670)
- Inconsistent use of time (CWE-681)
- Inconsistent use of threading (CWE-653)
- Insecure use of external libraries (CWE-369)
- Insecure use of third-party code (CWE-378)
- Insecure use of user-space functions (CWE-674)
- Insecure use of user-space variables (CWE-805)
- Insecure use of user-space pointers (CWE-824)
- Insecure use of user-space strings (CWE-776)
- Insecure use of user-space integers (CWE-835)
- Insecure use of user-space arrays (CWE-836)
- Insecure use of user-space structures (CWE-845)
- Insecure use of user-space function calls (CWE-787)
- Insecure use of user-space function return values (CWE-805)
- Insecure use of user-space variable assignments (CWE-805)
- Insecure use of user-space variable sizes (CWE-805)
- Insecure use of user-space variable types (CWE-805)
- Insecure use of user-space variable storage (CWE-805)
- Insecure use of user-space variable initialization (CWE-805)
- Insecure use of user-space variable null checks (CWE-805)
- Insecure use of user-space variable casts (CWE-805)
- Insecure use of user-space variable increments (CWE-805)
- Insecure use of user-space variable loops (CWE-805)
- Insecure use of user-space variable conditionals (CWE-805)
- Insecure use of user-space variable arithmetic (CWE-805)
- Insecure use of user
For troubleshooting, visit: https://python.langchain.com/docs/troubleshooting/errors/OUTPUT_PARSING_FAILURE , falling back to strict parser
JSON parsing failed: Invalid json output: - Weak encryption (CWE-311)
- Insecure random number generation (CWE-330)
- Missing validation (CWE-269)
- Incorrect handling of null (CWE-457)
- Race conditions (CWE-362)
- Resource management issues (CWE-400)
- Improper input handling (CWE-601)
- Insecure API (CWE-377)
- Weaknesses in inter-process communication (CWE-397)
- Insecure temporary files (CWE-644)
- Insecure file operations (CWE-416)
- Insecure directory traversal (CWE-484)
- Insecure use of function (CWE-587)
- Insecure use of library functions (CWE-676)
- Insecure use of system functions (CWE-758)
- Insecure use of network functions (CWE-311)
- Insecure use of storage functions (CWE-798)
- Insecure use of concurrency controls (CWE-362)
- Insecure use of data formats (CWE-653)
- Insecure use of cryptographic functions (CWE-653)
- Insecure use of resource management (CWE-400)
- Insecure use of resource locks (CWE-691)
- Insecure use of resource pools (CWE-691)
- Insecure use of shared memory (CWE-691)
- Insecure use of synchronization mechanisms (CWE-691)
- Insecure use of version control systems (CWE-654)
- Insecure use of logging mechanisms (CWE-653)
- Insecure use of error handling (CWE-653)
- Insecure use of exception handling (CWE-653)
- Insecure use of signal handling (CWE-653)
- Insecure use of file descriptors (CWE-758)
- Insecure use of file handles (CWE-758)
- Insecure use of pipes (CWE-758)
- Insecure use of sockets (CWE-758)
- Insecure use of other network functions (CWE-758)
- Insecure use of other system functions (CWE-758)
- Insecure use of other storage functions (CWE-798)
- Insecure use of other resource management functions (CWE-400)
- Insecure use of other concurrency controls (CWE-362)
- Insecure use of other data formats (CWE-653)
- Insecure use of other cryptographic functions (CWE-653)
-
For troubleshooting, visit: https://python.langchain.com/docs/troubleshooting/errors/OUTPUT_PARSING_FAILURE , falling back to strict parser
JSON parsing failed: Invalid json output: - Weak encryption (CWE-261)
- Insecure random number generation (CWE-330)
- Race conditions (CWE-362)
- Improper input handling (CWE-369)
- Insecure string handling (CWE-119, etc.)
- Insecure file operations (CWE-78)
- Insecure library usage (CWE-118)
- Insecure inter-process communication (CWE-118)
- Insecure resource management (CWE-400)
- Insecure temporary files (CWE-330)
- Insecure use of function output (CWE-134)
- Insecure use of dynamic languages (CWE-367)
- Insecure use of static languages (CWE-398)
- Insecure use of external libraries (CWE-118)
- Insecure use of system calls (CWE-118)
- Insecure use of network functions (CWE-118)
- Insecure use of storage functions (CPF: CWE-118)
- Insecure use of resource locks (CWE-362)
- Insecure use of shared memory (CWE-118)
- Insecure use of signals (CWE-118)
- Insecure use of timers (CWE-118)
- Insecure use of concurrency primitives (CWE-362)
- Insecure use of synchronization primitives (CWE-362)
- Insecure use of atomic operations (CWE-362)
- Insecure use of memory management primitives (CWE-362)
- Insecure use of file descriptors (CWE-118)
- Insecure use of pipes (CWE-118)
- Insecure use of sockets (CWE-118)
- Insecure use of shared memory segments (CWE-118)
- Insecure use of message queues (CWE-118)
- Insecure use of semaphores (CWE-362)
- Insecure use of eventfd (CWE-118)
- Insecure use of epoll (CWE-118)
- Insecure use of fanotify (CWE-118)
- Insecure use of procfs (CWE-78)
- Insecure use of sysfs (CWE-78)
- Insecure use of devfs (CWE-78)
- Insecure use of mfs (CWE-78)
- Insecure use of tmpfs (CWE-330)
- Insecure use of debugfs (CWE-78)
- Insecure use of unionfs (CWE-78
For troubleshooting, visit: https://python.langchain.com/docs/troubleshooting/errors/OUTPUT_PARSING_FAILURE , falling back to strict parser
JSON parsing failed: Invalid json output: - Weak encryption (CWE-257)
- Insecure random number generation (CWE-330)
- Improper input handling (CWE-369)
- Unrestricted file uploads (CWE-352)
- Unrestricted file writes (CWE-352)
- Unrestricted file reads (CWE-352)
- Unrestricted directory traversals (CWE-22)
- Weak or missing authentication (CWE-653)
- Insecure use of function (CWE-587)
- Use of unsafe functions (CWE-131)
- Use of uninitialized variables (CWE-400)
- Integer overflow (CWE-191)
- Race conditions (CWE-362)
- Time-related issues (CWE-399)
- Insecure use of random numbers (CWE-330)
- Weak or missing validation (CWE-269)
- Insecure use of external libraries (CWE-601)
- Insecure use of static data (CWE-119)
- Insecure use of dynamic data (CWE-119)
- Insecure use of data (CWE-119)
- Insecure use of resource (CWE-119)
- Insecure use of resource access (CWE-119)
- Insecure use of resource operations (CWE-119)
- Insecure use of resource locks (CWE-119)
- Insecure use of resource sharing (CWE-119)
- Insecure use of resource synchronization (CWE-119)
- Insecure use of resource access control (CWE-119)
- Insecure use of resource operations (CWE-119)
- Insecure use of resource locks (CWE-119)
- Insecure use of resource sharing (CWE-119)
- Insecure use of resource synchronization (CWE-119)
- Insecure use of resource access control (CWE-119)
- Insecure use of resource access (CWE-119)
- Insecure use of resource operations (CWE-119)
- Insecure use of resource locks (CWE-119)
- Insecure use of resource sharing (CWE-119)
- Insecure use of resource synchronization (CWE-119)
- Insecure use of resource access control (CWE-119)
- Insecure use of resource access (CWE-119)
- Insecure use of resource operations (CWE-119)
- Insecure use of resource locks (CWE-119)
- Insecure use of resource sharing (CWE-119
For troubleshooting, visit: https://python.langchain.com/docs/troubleshooting/errors/OUTPUT_PARSING_FAILURE , falling back to strict parser
JSON parsing failed: Invalid json output: - Weak encryption (CWE-257)
- Insecure random number generation (CWE-330)
- Incorrect handling of nulls (CWE-476)
- Race conditions (CWE-362)
- Resource management issues (CWE-400, CWE-401, CWE-415)
- Improper use of pointers (CWE-798, CWE-816)
- Integer overflow (CWE-191, CWE-345)
- Inconsistent string handling (CWE-592)
- Insecure string functions (CWE-116, CWE-117)
- Weaknesses in API design (CWE-592, CWE-601)
- Insecure file operations (CWE-378)
- Insecure directory traversal (CWE-36)
- Insecure use of function output (CWE-77)
- Insecure use of external libraries (CWE-670)
- Insecure use of internal libraries (CWE-676)
- Insecure use of static data (CWE-676)
- Insecure use of dynamic data (CWE-676)
- Insecure use of resource allocation (CWE-400)
- Insecure use of resource management (CWE-400)
- Insecure use of resource locks (CWE-400)
- Insecure use of resource sharing (CWE-400)
- Insecure use of resource handling (CWE-400)
- Insecure use of resource initialization (CWE-400)
- Insecure use of resource termination (CWE-400)
- Insecure use of resource cleanup (CWE-400)
- Insecure use of resource deallocation (CWE-400)
- Insecure use of resource allocation (CWE-400)
- Insecure use of resource management (CWE-400)
- Insecure use of resource locks (CWE-400)
- Insecure use of resource sharing (CWE-400)
- Insecure use of resource handling (CWE-400)
- Insecure use of resource initialization (CWE-400)
- Insecure use of resource termination (CWE-400)
- Insecure use of resource cleanup (CWE-400)
- Insecure use of resource deallocation (CWE-400)
- Insecure use of resource allocation (CWE-400)
- Insecure use of resource management (CWE-400)
- Insecure use of resource locks (CWE-400)
- Insecure use of resource sharing (CWE-400)
- Insecure use of
For troubleshooting, visit: https://python.langchain.com/docs/troubleshooting/errors/OUTPUT_PARSING_FAILURE , falling back to strict parser
JSON parsing failed: Invalid json output: - Weak random number generation (CWE-601)
- Insecure use of crypto (CWE-338)
- Incorrect handling of null (CWE-457)
- Incorrect handling of unsigned/signed integers (CWE-682)
- Use after free (CWE-401)
- Race conditions (CWE-362)
- Improper input validation (CWE-20)
- Insecure memory management (CWE-400)
- Insecure use of dynamic memory (CWE-401)
- Insecure use of static memory (CWE-416)
- Insecure use of shared memory (CWE-417)
- Insecure use of file descriptors (CWE-259)
- Insecure use of pipes (CWE-498)
- Insecure use of sockets (CWE-496)
- Insecure use of temporary files (CWE-507)
- Insecure use of environment variables (CWE-601)
- Insecure use of third-party libraries (CWE-603)
- Insecure use of cloud storage (CWE-649)
- Insecure use of containerization (CWE-658)
- Insecure use of cryptography (CWE-338)
- Insecure use of logging (CWE-532)
- Insecure use of debugging features (CWE-617)
- Insecure use of resource locks (CWE-653)
- Insecure use of resource sharing (CWE-654)
- Insecure use of resource limits (CWE-655)
- Insecure use of resource allocation (CWE-656)
- Insecure use of resource management (CWE-657)
- Insecure use of resource handling (CWE-658)
- Insecure use of resource locks (CWE-653)
- Insecure use of resource sharing (CWE-654)
- Insecure use of resource limits (CWE-655)
- Insecure use of resource allocation (CWE-656)
- Insecure use of resource management (CWE-657)
- Insecure use of resource handling (CWE-658)
- Insecure use of resource locks (CWE-653)
- Insecure use of resource sharing (CWE-654)
- Insecure use of resource limits (CWE-655)
- Insecure use of resource allocation (CWE-656)
- Insecure use of resource management (CWE-657)
- Insecure use of resource handling (CWE-658)
- Insecure use of resource locks (CWE
For troubleshooting, visit: https://python.langchain.com/docs/troubleshooting/errors/OUTPUT_PARSING_FAILURE , falling back to strict parser
JSON parsing failed: Invalid json output: - Weak encryption (CWE-311)
- Insecure random number generation (CWE-330)
- Integer overflow (CWE-191, CWE-199)
- Race conditions (CWH-xxx, but not in standard)
- Missing return value (CWE-823)
- Insecure string handling (CWE-104, 131, 134)
- Insecure file operations (CWE-361, 366)
- Insecure library usage (CWE-378)
- Insecure resource management (CWE-400)
- Insecure inter-process communication (CWE-397)
- Insecure .NET code (CWE-272)
- Insecure Java code (CWE-280)
- Insecure C/C++ code (CWE-398, 401, 476)
- Insecure container usage (CWE-399)
- Insecure logging (CWE-364)
- Insecure network operations (CWE-311, 396)
- Insecure storage (CWE-131, 135, 375)
- Insecure third-party libraries (CWE-378)
- Insecure use of crypto (CWE-311, 653)
- Insecure use of Go (CWE-378)
- Insecure use of Python (CWE-378)
- Insecure use of shell (CWE-378)
- Insecure use of system (CWE-378)
- Insecure use of environment variables (CWE-601)
- Insecure use of cookies (CWE-601)
- Insecure use of headers (CWH-...)
- Insecure use of command-line arguments (CWE-601)
- Insecure use of configuration files (CWE-601)
- Insecure use of temporary files (CWE-601)
- Insecure use of shared memory (CWE-601)
- Insecure use of pipes (CWE-601)
- Insecure use of signals (CWE-601)
- Insecure use of timers (CWE-601)
- Insecure use of locks (CWE-601)
- Insecure use of semaphores (CWE-601)
- Insecure use of message queues (CWE-601)
- Insecure use of socket (CWE-601)
- Insecure use of threads (CWE-601)
- Insecure use of recursion (CWE-601)
- Insecure use of iteration (CWE-601)
- Insecure use of exception handling (C
For troubleshooting, visit: https://python.langchain.com/docs/troubleshooting/errors/OUTPUT_PARSING_FAILURE , falling back to strict parser
JSON parsing failed: Invalid json output: - Weak encryption (CWE-261)
- Insecure random number generation (CWE-330)
- Improper error handling (CWE-400, 401, 476)
- Race conditions (CWE-362)
- Resource management issues (CWE-415, 407)
- Integer overflows (CWE-191, 377)
- Weaknesses in cryptographic implementations (CWE-333)
- Insecure use of dynamically allocated memory (CWE-401)
- Use of unsafe functions (CWE-798)
- Insecure use of function output (CWE-20, 190)
- Insecure use of external libraries (CWE-670)
- Insecure use of internal libraries (CWE-676)
- Insecure use of file operations (CWE-378)
- Insecure use of network operations (CWE-397)
- Insecure use of concurrency controls (CWE-362)
- Insecure use of resource locks (CWE-269)
- Insecure use of shared memory (CWE-498)
- Insecure use of static data (CWE-601)
- Insecure use of temporary variables (CWE-601)
- Insecure use of untrusted data (CWE-601)
- Insecure use of user-space pointers (CWE-119)
- Insecure use of external input (CWE-601)
- Insecure use of internal input (CWE-601)
- Insecure use of file descriptors (CWE-269)
- Insecure use of socket descriptors (CWE-269)
- Insecure use of pipe descriptors (CWE-269)
- Insecure use of shared descriptors (CWE-269)
- Insecure use of locks (CWE-269)
- Insecure use of semaphores (CWE-269)
- Insecure use of message queues (CWE-269)
- Insecure use of eventfd (CWE-269)
- Insecure use of epoll (CWE-269)
- Insecure use of fanotify (CWE-269)
- Insecure use of procfs (CWE-269)
- Insecure use of sysfs (CWE-269)
- Insecure use of devfs (CWE-269)
- Insecure use of mfs (CWE-269)
- Insecure use of pipe (CWE-269)
- Insecure use of socket (CWE-269)
- Insecure use of bind mounts (C
For troubleshooting, visit: https://python.langchain.com/docs/troubleshooting/errors/OUTPUT_PARSING_FAILURE , falling back to strict parser
2025-10-03 16:27:04,258 - job_deepseek_database_1759521942 - INFO - Task rank_cwe: 110/314 commits processed
JSON parsing failed: Invalid json output: - Weak encryption (CWE-311)
- Insecure random number generation (CWE-330)
- Improper input handling (CWE-369)
- Unrestricted file uploads (CWE-352)
- Unrestricted file downloads (CWE-352)
- Weaknesses in API design (CWE-592)
- Weaknesses in authentication (CWE-307)
- Weaknesses in session management (CWE-593)
- Weaknesses in configuration management (CWE-540)
- Weaknesses in resource management (CWE-564)
- Weaknesses in data validation (CWE-269)
- Weaknesses in file handling (CWE-414)
- Weaknesses in network protocols (CWE-566)
- Weaknesses in cryptographic implementation (CWE-327)
- Weaknesses in resource leaks (CWE-401)
- Weaknesses in concurrency (CWE-798)
- Weaknesses in containerization (CWE-1311)
- Weaknesses in logging (CWE-1322)
- Weaknesses in error handling (CWE-117)
- Weaknesses in exception handling (CWE-117)
- Weaknesses in resource management (CWE-564)
- Weaknesses in input validation (CWE-20)
- Weaknesses in output validation (CWE-269)
- Weaknesses in data format (CWE-654)
- Weaknesses in resource management (CWE-564)
- Weaknesses in resource management (CWE-564)
- Weaknesses in resource management (CWE-564)
- Weaknesses in resource management (CWE-564)
- Weaknesses in resource management (CWE-564)
- Weaknesses in resource management (CWE-564)
- Weaknesses in resource management (CWE-564)
- Weaknesses in resource management (CWE-564)
- Weaknesses in resource management (CWE-564)
- Weaknesses in resource management (CWE-564)
- Weaknesses in resource management (CWE-564)
- Weaknesses in resource management (CWE-564)
- Weaknesses in resource management (CWE-564)
- Weaknesses in resource management (CWE-564)
- Weaknesses in resource management (CWE-564)
- Weaknesses in resource management (CWE-564)
- Weaknesses
For troubleshooting, visit: https://python.langchain.com/docs/troubleshooting/errors/OUTPUT_PARSING_FAILURE , falling back to strict parser
JSON parsing failed: Invalid json output: - Weak encryption (CWE-311)
- Insecure random number generation (CWE-330)
- Incorrect handling of null (CWE-476)
- Incorrect handling of unsigned/signed integers (CWE-655)
- Use of dangerous functions (CWE-131, 132, 134)
- Use of uninitialized variables (CWE-400)
- Out-of-bounds access (CWE-119, 122, 124)
- Improper use of pointers (CWE-798, 800)
- Race conditions (CWE-362)
- Insecure temporary use of key (CWE-311)
- Weaknesses in inter-process communication (CWE-269)
- Use of deprecated functions (CWE-670)
- Use of platform-specific behavior (CWE- platform-specific)
- Use of external libraries without proper validation (CWE-676)
- Use of hard-coded strings (CWE-658)
- Use of hard-coded paths (CWE-22)
- Use of hard-coded URLs (CWE-658)
- Use of hard-coded IP addresses (CWE-658)
- Use of hard-coded ports (CWE-658)
- Use of hard-coded offsets (CWE-658)
- Use of hard-coded function names (CWE-658)
- Use of hard-coded system calls (CWE-658)
- Use of hard-coded file paths (CWE-658)
- Use of hard-coded directories (CWE-658)
- Use of hard-coded device names (CWE-658)
- Use of hard-coded device paths (CWE-658)
- Use of hard-coded kernel objects (CWE-658)
- Use of hard-coded user-space addresses (CWE-658)
- Use of hard-coded kernel pointers (CWE-658)
- Use of hard-coded interrupt vectors (CWE-658)
- Use of hard-coded DMA settings (CWE-658)
- Use of hard-coded MMU settings (CWE-658)
- Use of hard-coded cache settings (CWE-658)
- Use of hard-coded interrupt priorities (CWE-658)
- Use of hard-coded spinlocks (CWE-658)
- Use of hard-coded semaphores (CWE-658)
- Use of hard-coded locks (CWE-658)
- Use of hard-coded atomic operations (CWE-658)
- Use of hard-coded context switches (CWE-658)
- Use of hard-coded task priorities (CWE
For troubleshooting, visit: https://python.langchain.com/docs/troubleshooting/errors/OUTPUT_PARSING_FAILURE , falling back to strict parser
JSON parsing failed: Invalid json output: - Weak encryption (CWE-311)
- Insecure random number generation (CWE-330)
- Integer overflow (CWE-191, CWE-199)
- Race conditions (CWE-362)
- Weaknesses in authentication (CWE-312)
- Insecure temporary files (CWE-644)
- Insecure string handling (CWE-119, CWE-131)
- Insecure file operations (CWE-416)
- Insecure library usage (CWE-673)
- Insecure network operations (CWE-311)
- Weaknesses in the protocol implementation (CWE-377)
- Insecure resource management (CWE-400, 401, 476)
- Insecure usage of function return values (CWE-117)
- Insecure usage of dynamic memory (CWE-122)
- Insecure usage of static data (CWE-167)
- Insecure usage of pointers (CWE-798)
- Insecure usage of integer operations (CWE-191, 199)
- Insecure usage of resource locks (CWE-269)
- Insecure usage of shared memory (CWE-270)
- Insecure usage of network functions (CWE-311)
- Insecure usage of file functions (CWE-416)
- Insecure usage of system calls (CWE-399)
- Insecure usage of environment variables (CWE-601)
- Insecure usage of signal handling (CWE-798)
- Insecure usage of time functions (CWE-330)
- Insecure usage of concurrency controls (CWE-362)
- Insecure usage of cryptographic functions (CWE-311)
- Insecure usage of resource allocation (CWE-400)
- Insecure usage of resource deallocation (CWE-401)
- Insecure usage of resource management (CWE-476)
- Insecure usage of resource locks (CWE-269)
- Insecure usage of resource sharing (CWE-269)
- Insecure usage of resource allocation (CWE-400)
- Insecure usage of resource deallocation (CWR-401)
- Insecure usage of resource management (CWE-476)
- Insecure usage of resource locks (CWE-269)
- Insecure usage of resource sharing (CWE-269)
- Insecure usage of resource allocation (CWE-400)
- Insecure usage of resource deallocation (CWE-401)
- Insecure usage of resource management (CWE
For troubleshooting, visit: https://python.langchain.com/docs/troubleshooting/errors/OUTPUT_PARSING_FAILURE , falling back to strict parser
JSON parsing failed: Invalid json output: - Weak encryption (CWE-311)
- Insecure random number generation (CWE-330)
- Insecure string handling (CWE-131, CWE-134)
- Insecure file operations (CWE-48)
- Insecure library usage (CWE-676)
- Insecure network operations (CWE-311, CWE-79)
- Insecure resource management (CWE-415, CWE-400)
- Insecure usage of system functions (CWE-327, CWE-326)
- Insecure usage of environment variables (CWE-601)
- Insecure usage of third-party libraries (CWE-676)
- Insecure usage of configuration (CWE-312)
- Insecure usage of race conditions (CWE-362)
- Insecure usage of resource locks (CWE-269)
- Insecure usage of shared memory (CWE-250)
- Insecure usage of temporary files (CWE-570)
- Insecure usage of file descriptors (CWE-269)
- Insecure usage of pipes (CWE-269)
- Insecure usage of sockets (CWE-269)
- Insecure usage of signals (CWE-269)
- Insecure usage of timers (CWE-269)
- Insecure usage of threads (CWE-269)
- Insecure usage of processes (CWE-269)
- Insecure usage of system calls (CWE-327)
- Insecure usage of environment variables (CWE-601)
- Insecure usage of user input (CWE-601)
- Insecure usage of command-line arguments (CWE-601)
- Insecure usage of file paths (CWE-601)
- Insecure usage of URLs (CWE-601)
- Insecure usage of IP addresses (CWE-601)
- Insecure usage of MAC addresses (CWE-601)
- Insecure usage of cookies (CWE-601)
- Insecure usage of session IDs (CWE-601)
- Insecure usage of password storage (CWE-601)
- Insecure usage of cryptography (CWE-311)
- Insecure usage of hashing (CWE-311)
- Insecure usage of key management (CWE-311)
- Insecure usage of secret keys (CWE-311)
- Insecure usage of version information (CWE-311)
- Insecure usage of timestamps (CWE-311)
- Insecure usage of random numbers (CWE-330)
-
For troubleshooting, visit: https://python.langchain.com/docs/troubleshooting/errors/OUTPUT_PARSING_FAILURE , falling back to strict parser
JSON parsing failed: Invalid json output: - Weak encryption (CWE-311)
- Insecure random number generation (CWE-330)
- Incorrect handling of nulls (CWE-399)
- Insecure use of function (CWE-587)
- Insecure use of dynamic memory (CWE-400)
- Insecure use of static memory (CWE-401)
- Insecure use of shared memory (CWE-402)
- Insecure use of file descriptors (CWE-384)
- Insecure use of pipes (CWE-384)
- Insecure use of temporary files (CWE-570)
- Insecure use of network functions (CWE-327)
- Insecure use of external libraries (CFS-XXX)
- Insecure use of third-party code (CWE-118)
- Insecure use of untrusted data (CWE-135)
- Insecure use of unchecked conversions (CWE-566)
- Insecure use of unchecked input (CWE-601)
- Insecure use of unchecked output (CWE-602)
- Insecure use of unchecked function return values (CWE-673)
- Insecure use of unchecked function arguments (CWE-678)
- Insecure use of unchecked pointer arithmetic (CWE-823)
- Insecure use of unchecked string operations (CWE-835)
- Insecure use of unchecked integer operations (CWE-836)
- Insecure use of unchecked bitwise operations (CWE-837)
- Insecure use of unchecked mathematical operations (CWE-838)
- Insecure use of unchecked loop conditions (CWE-839)
- Insecure use of unchecked array bounds (CWE-840)
- Insecure use of unchecked array size (CWE-841)
- Insecure use of unchecked pointer dereferences (CWE-842)
- Insecure use of unchecked pointer increments (CWE-843)
- Insecure use of unchecked pointer decrements (CWE-844)
- Insecure use of unchecked structure fields (CWE-845)
- Insecure use of unchecked union types (CWE-846)
- Insecure use of unchecked enum types (CWE-847)
- Insecure use of unchecked function modifiers (CWE-848)
- Insecure use of unchecked function return values (CWE-673)
- Insecure use of unchecked function arguments (CWE-678)
- Insecure use of unchecked string operations (CWE-835)
- Insecure use of unchecked integer operations (CWE-836
For troubleshooting, visit: https://python.langchain.com/docs/troubleshooting/errors/OUTPUT_PARSING_FAILURE , falling back to strict parser
JSON parsing failed: Invalid json output: - Weak random number generation (CWE-601)
- Insecure usage of crypto functions (CWE-338)
- Insecure use of function (CWE-587)
- Insecure use of memory functions (CWE-400)
- Insecure use of file functions (CWE-414)
- Insecure use of network functions (CW-)
- Insecure use of concurrency controls (CWE-653)
- Insecure use of collection functions (CWE-653)
- Insecure use of resource locks (CWE-653)
- Insecure use of timer functions (CWE-653)
- Insecure use of signal functions (CWE-653)
- Insecure use of file operations (CWE-653)
- Insecure use of network operations (CW-)
- Insecure use of external code (CWE-416)
- Insecure use of shared memory (CWE-653)
- Insecure use of local storage (CWE-653)
- Insecure use of global variables (CWE-908)
- Insecure use of static variables (CWE-908)
- Insecure use of dynamic memory (CWE-400)
- Insecure use of heap functions (CWE-401)
- Insecure use of stack functions (CWE-416)
- Insecure use of integer operations (CWE-823)
- Insecure use of bitwise operations (CWE-823)
- Insecure use of bitwise operations (CWE-823)
- Insecure use of bitwise operations (CWE-823)
- Insecure use of bitwise operations (CWE-823)
- Insecure use of bitwise operations (CWE-823)
- Insecure use of bitwise operations (CWE-823)
- Insecure use of bitwise operations (CWE-823)
- Insecure use of bitwise operations (CWE-823)
- Insecure use of bitwise operations (CWE-823)
- Insecure use of bitwise operations (CWE-823)
- Insecure use of bitwise operations (CWE-823)
- Insecure use of bitwise operations (CWE-823)
- Insecure use of bitwise operations (CWE-823)
- Insecure use of bitwise operations (CWE-823)
- Insecure use of bitwise operations (CWE-823)
- Insecure use of bitwise operations (CWE-823)
- Insecure use of bitwise operations (CWE-823)
- Insecure use of bitwise operations (CWE
For troubleshooting, visit: https://python.langchain.com/docs/troubleshooting/errors/OUTPUT_PARSING_FAILURE , falling back to strict parser
JSON parsing failed: Invalid json output: - Weak random (CWE-601)
- Insecure usage of crypto functions (CWE-338)
- Insecure use of function (CWE-416)
- Insecure use of memory (CWE-476)
- Insecure use of file operations (CWE-378)
- Insecure use of network functions (CWE-397)
- Insecure use of external code (CWE-416)
- Insecure use of shared memory (CWE-414)
- Insecure use of static data (CWE-167)
- Insecure use of dynamic data (CWE-416)
- Insecure use of integer operations (CWE-400)
- Insecure use of bitwise operations (CWE-401)
- Insecure use of bitwise operations (CWE-401)
- Insecure use of resource management (CWE-415)
- Insecure use of resource management (CWE-415)
- Insecure use of resource management (CWE-415)
- Insecure use of resource management (CWE-415)
- Insecure use of resource management (CWE-415)
- Insecure use of resource management (CWE-415)
- Insecure use of resource management (CWE-415)
- Insecure use of resource management (CWE-415)
- Insecure use of resource management (CWE-415)
- Insecure use of resource management (CWE-415)
- Insecure use of resource management (CWE-415)
- Insecure use of resource management (CWE-415)
- Insecure use of resource management (CWE-415)
- Insecure use of resource management (CWE-415)
- Insecure use of resource management (CWE-415)
- Insecure use of resource management (CWE-415)
- Insecure use of resource management (CWE-415)
- Insecure use of resource management (CWE-415)
- Insecure use of resource management (CWE-415)
- Insecure use of resource management (CWE-415)
- Insecure use of resource management (CWE-415)
- Insecure use of resource management (CWE-415)
- Insecure use of resource management (CWE-415)
- Insecure use of resource management (CWE-415)
- Insecure use of resource management (CWE-415)
- Insecure use of resource management (CWE-415)
- Insecure use of resource management (CWE-
For troubleshooting, visit: https://python.langchain.com/docs/troubleshooting/errors/OUTPUT_PARSING_FAILURE , falling back to strict parser
JSON parsing failed: Invalid json output: - Weak encryption (CWE-311)
- Insecure random number generation (CWE-327)
- Improper error handling (CWE-400, 401, 476)
- Race conditions (CWE-362)
- Resource management issues (CWE-415, 400)
- Insecure string handling (CWE-119, 416)
- Insecure file operations (CWE-416)
- Insecure library usage (CWE-416)
- Insecure network operations (CWE-311)
- Insecure resource sharing (CWE-416)
- Insecure usage of function (CWE-416)
- Insecure usage of system (CWE-416)
- Insecure usage of data (CWE-416)
- Insecure usage of code (CWE-416)
- Insecure usage of configuration (CWE-416)
- Insecure usage of third-party code (CWE-416)
- Insecure usage of time (CWE-416)
- Insecure usage of XML (CWE-20, 416)
- Insecure usage of JSON (CWE-20, 416)
- Insecure usage of SQL (CWE-20, 416)
- Insecure usage of shell commands (CWE-78)
- Insecure usage of pipes (CWE-78)
- Insecure usage of file descriptors (CWE-78)
- Insecure usage of signals (CWE-78)
- Insecure usage of system calls (CWE-78)
- Insecure usage of environment variables (CWE-78)
- Insecure usage of input (CWE-78)
- Insecure usage of output (CWE-78)
- Insecure usage of logging (CWE-78)
- Insecure usage of debugging (CWE-78)
- Insecure usage of cookies (CWE-352)
- Insecure usage of session management (CWE-352)
- Insecure usage of authentication (CWE-352)
- Insecure usage of authorization (CWE-352)
- Insecure usage of credentials (CWE-352)
- Insecure usage of data validation (CWE-352)
- Insecure usage of data storage (CWE-352)
- Insecure usage of data transmission (CWE-352)
- Insecure usage of data processing (CWE-352)
- Insecure usage of data encryption (CWE-311)
- Insecure usage of data decryption (CWE-311)
For troubleshooting, visit: https://python.langchain.com/docs/troubleshooting/errors/OUTPUT_PARSING_FAILURE , falling back to strict parser
JSON parsing failed: Invalid json output: - Weak encryption (CWE-311)
- Insecure random number generation (CWE-330)
- Integer overflow (CWE-191, CWE-199)
- Race conditions (CWE-362)
- Missing bounds checking (CWE-401)
- Insecure string handling (CWE-119, CWE-134)
- Weaknesses in time-related code (CWE-366)
- Weaknesses in resource management (CWE-400)
- Weaknesses in file handling (CWE-415)
- Weaknesses in data validation (CWE-417)
- Weaknesses in the use of pointers (CWE-798)
- Weaknesses in the use of dynamic memory management (CWE-401)
- Weaknesses in the use of static data (CWE-400)
- Weaknesses in the use of dynamic data structures (CWE-401)
- Weaknesses in the use of recursion (CWE-399)
- Weaknesses in the use of external libraries (CWE-398)
- Weaknesses in the use of system calls (CWE-399)
- Weaknesses in the use of signals (CWE-398)
- Weaknesses in the use of timers (CWE-366)
- Weaknesses in the use of concurrency (CWE-362)
- Weaknesses in the use of locks (CWE-362)
- Weaknesses in the use of semaphores (CWE-362)
- Weaknesses in the use of shared memory (CWE-362)
- Weaknesses in the use of pipes (CWE-362)
- Weaknesses in the use of sockets (CWE-362)
- Weaknesses in the use of file descriptors (CWE-362)
- Weaknesses in the use of event loops (CWE-362)
- Weaknesses in the use of callbacks (CWE-362)
- Weaknesses in the use of timers (CWE-366)
- Weaknesses in the use of context switches (CWE-366)
- Weaknesses in the use of priority management (CWE-366)
- Weaknesses in the use of time calculations (CWE-366)
- Weaknesses in the use of resource allocation (CWE-400)
- Weaknesses in the use of resource management (CWE-400)
- Weaknesses in the use of resource locks (CWE-
For troubleshooting, visit: https://python.langchain.com/docs/troubleshooting/errors/OUTPUT_PARSING_FAILURE , falling back to strict parser
JSON parsing failed: Invalid json output: - Weak encryption (CWE-261)
- Insecure random number generation (CWE-330)
- Race conditions (CWE-362)
- Resource management issues (CWE-400, CWE-415)
- Improper input handling (CWE-601)
- Command injection (CWE-117)
- Integer overflow (CWE-191, CWE-199)
- Weaknesses in resource management (CWE-400)
- Use of uninitialized variables (CWE-686)
- Insecure use of function output (CWE-691)
- Use of unsafe functions (CWE-732)
- Use of external control structures (CWE-601)
- Use of external input for loop conditions (CWE-601)
- Use of external input for loop iterations (CWE-601)
- Use of external input for function arguments (CWE-601)
- Use of external input for return values (CWE-601)
- Use of external input for variable assignments (CWE-601)
- Use of external input for variable comparisons (CWE-601)
- Use of external input for variable modifications (CWE-601)
- Use of external input for variable storage (CWE-601)
- Use of external input for variable type checks (CWE-601)
- Use of external input for variable accesses (CWE-601)
- Use of external input for variable accesses in nested structures (CWE-601)
- Use of external input for variable accesses in arrays (CWE-601)
- Use of external input for variable accesses in function calls (CWE-601)
- Use of external input for variable accesses in function return values (CWE-601)
- Use of external input for variable accesses in function parameters (CWE-601)
- Use of external input for variable accesses in function local variables (CWE-601)
- Use of external input for variable accesses in function static variables (CWE-601)
- Use of external input for variable accesses in function global variables (CWE-601)
- Use of external input for variable accesses in function pointers (CWE-601)
- Use of external input for variable accesses in function return types (CWE-601)
- Use of external input for variable accesses in function return types in nested functions (CWE-601)
- Use of external input for variable accesses in function return types in function pointers (CWE-601)
- Use of external input for variable accesses in function return types in function arrays (CWE
For troubleshooting, visit: https://python.langchain.com/docs/troubleshooting/errors/OUTPUT_PARSING_FAILURE , falling back to strict parser
2025-10-03 16:29:01,092 - job_deepseek_database_1759521942 - INFO - Task rank_cwe: 120/314 commits processed
JSON parsing failed: Invalid json output: - Weak encryption (CWE-311)
- Insecure random number generation (CWE-330)
- Improper error handling (CWE-100, 117)
- Race conditions (CWE-362)
- Insecure temporary files (CWE-414)
- Insecure use of function (CWE-416)
- Use of unsafe functions (CWE-798)
- Use of uninitialized variables (CWE-653)
- Insecure string handling (CWE-131, 132)
- Integer overflow (CWE-191, 199)
- Weaknesses in time handling (CWE-366)
- Weaknesses in resource management (CWE-400)
- Weaknesses in authentication (CWE-307, 312)
- Weaknesses in data validation (CWE-22, 23)
- Weaknesses in file handling (CWE-414)
- Weaknesses in network code (CWE-18, 19, 20, 22, 24, 25, 26, 27, 28, 29, 30, 31, 32, 33, 34, 35, 36, 37, 38, 39, 40, 41, 42, 43, 44, 45, 46, 47, 48, 49, 50, 51, 52, 53, 54, 55, 56, 57, 58, 59, 60, 61, 62, 63, 64, 65, 66, 67, 68, 69, 70, 71, 72, 73, 74, 75, 76, 77, 78, 79, 80, 81, 82, 83, 84, 85, 86, 87, 88, 89, 90, 91, 92, 93, 94, 95, 96, 97, 98, 99, 100, 101, 102, 103, 104, 105, 106, 107, 108, 109, 110, 111, 112, 113, 114, 115, 116, 117, 118, 119, 120, 121, 122, 123, 124, 125
For troubleshooting, visit: https://python.langchain.com/docs/troubleshooting/errors/OUTPUT_PARSING_FAILURE , falling back to strict parser
JSON parsing failed: Invalid json output: - Weak encryption (CWE-311)
- Insecure random number generation (CWE-330)
- Improper error handling (CWE-117, 123)
- Insecure string handling (CWE-131, 132)
- Insecure file operations (CWE-416)
- Insecure library usage (CWE-673)
- Insecure resource management (CWE-415)
- Insecure network operations (CWE-311)
- Insecure usage of function (CWE-587)
- Insecure usage of system (CWE-607)
- Insecure usage of shell commands (CWE-327)
- Insecure usage of environment variables (CWE-653)
- Insecure usage of configuration files (CWE-653)
- Insecure usage of third-party libraries (CWE-673)
- Insecure usage of file descriptors (CWE-404)
- Insecure usage of pointers (CWE-798)
- Insecure usage of race conditions (CWE-362)
- Insecure usage of time-related functions (CWE-366)
- Insecure usage of concurrency (CWE-362)
- Insecure usage of resource locks (CWE-362)
- Insecure usage of shared memory (CWE-362)
- Insecure usage of signals (CWE-362)
- Insecure usage of timers (CWE-362)
- Insecure usage of user space (CWE-362)
- Insecure usage of kernel pointers (CWE-798)
- Insecure usage of kernel functions (CWE-798)
- Insecure usage of kernel modules (CWE-798)
- Insecure usage of system calls (CWE-798)
- Insecure usage of socket operations (CWE-798)
- Insecure usage of file operations (CWE-416)
- Insecure usage of pipe operations (CWE-416)
- Insecure usage of ioctl operations (CWE-416)
- Insecure usage of mmap operations (CWE-416)
- Insecure usage of open operations (CWE-416)
- Insecure usage of close operations (CWE-416)
- Insecure usage of read operations (CWE-416)
- Insecure usage of write operations (CWE-416)
- Insecure usage of directory operations (CWE-416)
- Insecure usage of file system operations (CWE-416)
- Insecure usage of device operations (CWE-416)
- Insecure usage of network
For troubleshooting, visit: https://python.langchain.com/docs/troubleshooting/errors/OUTPUT_PARSING_FAILURE , falling back to strict parser
JSON parsing failed: Invalid json output: - Weak encryption (CWE-261)
- Insecure random number generation (CWE-330)
- Insecure temporary files (CWE-644)
- Insecure usage of functions (CWE-416, etc.)
- Insecure usage of libraries (CWE-327)
- Insecure usage of APIs (CWE-377)
- Insecure usage of web frameworks (CWE-352)
- etc.

Now, let's analyze the code.

Looking at the first function, cgroup_release_agent_write. It's a write function for a cgroup release agent. The function takes a buffer, copies it into a path. The code uses strlcpy, which is safe against buffer overflows because it checks the size. So, the buffer passed in is checked to be within the size of cgrp->root->release_agent_path. So, that's probably not a buffer overflow.

Looking at the second function, cgroup1_parse_param. It's parsing parameters. Let's see where the vulnerabilities could be.

In the switch statement, several options are handled. For example, Opt_release_agent sets ctx->release_agent to param->string. Then, later, when processing Opt_name, it checks if the name is valid. But wait, in the case of Opt_release_agent, it's not validating the string length. It just copies it. So, if the release_agent string is longer than the buffer, it could cause a buffer overflow.

Looking at the code:

In cgroup_release_agent_write, the code does:

strlcpy(cgrp->root->release_agent_path, strstrip(buf), sizeof(cgrp->root->release_agent_path));

So, if the buffer (buf) is longer than the size of release_agent_path, strlcpy will only copy up to the buffer's size, but wait, no: strlcpy's third argument is the destination size. So, if the destination is smaller than the source, it will copy as much as it can, and return the error. But in the code, the destination is fixed size, and the code is using BUILD_BUG_ON to ensure that the size is at least PATH_MAX. So, perhaps the destination is large enough.

Wait, the code has:

BUILD_BUG_ON(sizeof(cgrp->root->release_agent_path) < PATH_MAX);

So, the size is at least PATH_MAX. So, when strlcpy is called, the destination is at least PATH_MAX in size, and the source is up to the buffer's
For troubleshooting, visit: https://python.langchain.com/docs/troubleshooting/errors/OUTPUT_PARSING_FAILURE , falling back to strict parser
JSON parsing failed: Invalid json output: - Weak encryption (CWE-261)
- Insecure random number generation (CWE-330)
- Improper input handling (CWE-369)
- Integer overflow (CWE-191, CWE-200)
- Race conditions (CWE-362)
- Weaknesses in resource management (CWE-400)
- Insecure temporary files (CWE-414)
- Insecure file operations (CWE-416)
- Weaknesses in authentication (CWE-307)
- Weaknesses in the protocol (CWE-311)
- Weaknesses in the message format (CWE-312)
- Weaknesses in the validation of the message format (CWE-314)
- Weaknesses in the validation of the message size (CWE-315)
- Weaknesses in the validation of the message content (CWE-316)
- Weaknesses in the validation of the message recipient (CWE-317)
- Weaknesses in the validation of the message origin (CWE-318)
- Weaknesses in the validation of the message integrity (CWE-319)
- Weaknesses in the validation of the message confidentiality (CWE-320)
- Weaknesses in the validation of the message availability (CWE-321)
- Weaknesses in the validation of the message retransmission (CWE-322)
- Weaknesses in the validation of the message timing (CWE-323)
- Weaknesses in the validation of the message context (CWE-324)
- Weaknesses in the validation of the message size (CWE-325)
- Weaknesses in the validation of the message content (CWE-326)
- Weaknesses in the validation of the message recipient (CWE-327)
- Weaknesses in the validation of the message origin (CWE-328)
- Weaknesses in the validation of the message integrity (CWE-329)
- Weaknesses in the validation of the message confidentiality (CWE-330)
- Weaknesses in the validation of the message availability (CWE-331)
- Weaknesses in the validation of the message retransmission (CWE-332)
- Weaknesses in the validation of the message timing (CWE-333)
- Weaknesses in the validation of the message context (CWE-334)
- Weaknesses in the validation of the message size (CWE-335)
- Weaknesses in the
For troubleshooting, visit: https://python.langchain.com/docs/troubleshooting/errors/OUTPUT_PARSING_FAILURE , falling back to strict parser
JSON parsing failed: Invalid json output: - Weak encryption (CWE-311)
- Insecure random number generation (CWE-330)
- Integer overflow (CWE-191, CWE-199)
- Race conditions (CWE-362)
- Insecure use of random seeds (CWE-333)
- Insecure use of a predictable seed (CWE-327)
- Insecure use of a non-random seed (CWE-330)
- Weaknesses in the use of cryptographic functions (CWE-338)
- Insecure use of a cipher block mode (CWE-337)
- Insecure use of a cipher stream mode (CWE-338)
- Insecure use of a hash function (CWE-339)
- Insecure use of a random number generator (CWE-330)
- Insecure use of a seed for a PRNG (CWE-327)
- Insecure use of a non-seed PRNG (CWE-330)
- Insecure use of a PRNG without entropy (CWE-327)
- Insecure use of a PRNG with a predictable seed (CWE-327)
- Insecure use of a PRNG with a weak algorithm (CWE-327)
- Insecure use of a PRNG with a short seed (CWE-327)
- Insecure use of a PRNG with a seed that is not properly randomized (CWE-327)
- Insecure use of a PRNG with a seed that is predictable (CWE-327)
- Insecure use of a PRNG with a seed that is not cryptographically secure (CWE-327)
- Insecure use of a PRNG with a seed that is not properly randomized (CWE-327)
- Insecure use of a PRNG with a seed that is predictable (CWE-327)
- Insecure use of a PRNG with a seed that is not cryptographically secure (CWE-327)
- Insecure use of a PRNG with a seed that is not properly randomized (CWE-327)
- Insecure use of a PRNG with a seed that is predictable (CWE-327)
- Insecure use of a PRNG with a seed that is not cryptographically secure (CWE-327)
- Insecure use of a PRNG with a seed that is not properly randomized (CWE-327)
- Insecure use of a PRNG with a seed that is predictable (CWE-327)
- Insecure use of a PRNG with a seed
For troubleshooting, visit: https://python.langchain.com/docs/troubleshooting/errors/OUTPUT_PARSING_FAILURE , falling back to strict parser
JSON parsing failed: Invalid json output: - Weak random number generation (CWE-601)
- Insecure use of random numbers (CWE-493)
- Insecure use of encryption (CWE-338)
- Insecure use of compression (CWE-337)
- Insecure use of resource locks (CWE-228)
- Insecure use of shared memory (CWE-530)
- Insecure use of network functions (CWE-311)
- Insecure use of file functions (CWE-331)
- Insecure use of integer operations (CWE-367)
- Insecure use of floating-point operations (CWE-369)
- Insecure use of format strings (CWE-134)
- Insecure use of cookies (CWE-601)
- Insecure use of session management (CWE-639)
- Insecure use of authentication (CWE-623)
- Insecure use of authorization (CWE-664)
- Insecure use of data validation (CWE-352)
- Insecure use of resource allocation (CWE-400)
- Insecure use of resource management (CWE-530)
- Insecure use of resource locks (CWE-228)
- Insecure use of resource sharing (CWE-530)
- Insecure use of resource handling (CWE-400)
- Insecure use of resource release (CWE-400)
- Insecure use of resource initialization (CWE-400)
- Insecure use of resource termination (CWE-400)
- Insecure use of resource management functions (CWE-530)
- Insecure use of resource locks (CWE-228)
- Insecure use of resource sharing (CWE-530)
- Insecure use of resource handling (CWE-400)
- Insecure use of resource release (CWE-400)
- Insecure use of resource initialization (CWE-400)
- Insecure use of resource termination (CWE-400)
- Insecure use of resource management functions (CWE-530)
- Insecure use of resource locks (CWE-228)
- Insecure use of resource sharing (CWE-530)
- Insecure use of resource handling (CWE-400)
- Insecure use of resource release (CWE-400)
- Insecure use of resource initialization (CWE-400)
- Insecure use of resource termination (CWE-400)
- Insecure use of resource management functions (CWE-530)
- Insecure use of resource locks (
For troubleshooting, visit: https://python.langchain.com/docs/troubleshooting/errors/OUTPUT_PARSING_FAILURE , falling back to strict parser
JSON parsing failed: Invalid json output: - Weak encryption (CWE-261)
- Insecure use of random (CWE-601)
- Incorrect handling of error states (CWE-800)
- Missing validation (CWE-907)
- Integer overflow (CWE-191, CWE-199)
- Race conditions (CWE-362)
- Weaknesses in inter-process communication (CWE-269)
- Insecure use of external libraries (CWE-327)
- Insecure use of static data (CWE-119)
- Insecure use of dynamic data (CWE-118)
- Insecure use of function arguments (CWE-416)
- Insecure use of file descriptors (CWE-269)
- Insecure use of pipes (CWE-269)
- Insecure use of shared memory (CWE-269)
- Insecure use of signals (CWE-269)
- Insecure use of sockets (CWE-269)
- Insecure use of timers (CWE-269)
- Insecure use of threads (CWE-269)
- Insecure use of locks (CWE-269)
- Insecure use of semaphores (CWE-269)
- Insecure use of message queues (CWE-269)
- Insecure use of shared libraries (CWE-269)
- Insecure use of system calls (CWE-269)
- Insecure use of environment variables (CWE-269)
- Insecure use of user input (CWE-269)
- Insecure use of command-line arguments (CWE-269)
- Insecure use of configuration files (CWE-269)
- Insecure use of temporary files (CWE-269)
- Insecure use of log files (CWE-269)
- Insecure use of debug logs (CWE-269)
- Insecure use of network services (CWE-269)
- Insecure use of cryptographic functions (CWE-269)
- Insecure use of storage devices (CWE-269)
- Insecure use of data transformation functions (CWE-269)
- Insecure use of concurrency controls (CWE-269)
- Insecure use of resource locks (CWE-269)
- Insecure use of resource sharing (CWE-269)
- Insecure use of resource allocation (CWE-269)
- Insecure use of resource management (CWE-269)
- Insecure use of resource release (CWE-269)
- Insecure use of resource synchronization (
For troubleshooting, visit: https://python.langchain.com/docs/troubleshooting/errors/OUTPUT_PARSING_FAILURE , falling back to strict parser
JSON parsing failed: Invalid json output: - Weak encryption (CWE-261)
- Insecure random number generation (CWE-330)
- Missing validation (CWE-907)
- Incorrect handling of nulls (CWE-476)
- Use of dangerous functions (CWE-653)
- Race conditions (CWE-362)
- Insecure string handling (CWE-119, CWE-787)
- Insecure file operations (CWE-798)
- Insecure library usage (CFA-001)
- Insecure API usage (CWE-798)
- Insecure inter-process communication (CWE-118)
- Insecure resource management (CWE-400)
- Insecure temporary usage (CWE-330)
- Insecure usage of function return values (CWE-117)
- Insecure usage of dynamic languages (CWE-625)
- Insecure usage of static languages (CWE-601)
- Insecure usage of external libraries (CWE-603)
- Insecure usage of system calls (CWE-599)
- Insecure usage of network functions (CWE-311)
- Insecure usage of resource locks (CWE-601)
- Insecure usage of resource sharing (CWE-400)
- Insecure usage of resource management (CWE-400)
- Insecure usage of resource allocation (CWE-400)
- Insecure usage of resource deallocation (CWE-400)
- Insecure usage of resource locks (CWE-601)
- Insecure usage of resource sharing (CWE-400)
- Insecure usage of resource management (CWE-400)
- Insecure usage of resource allocation (CWE-400)
- Insecure usage of resource deallocation (CWE-400)
- Insecure usage of resource locks (CWE-601)
- Insecure usage of resource sharing (CWE-400)
- Insecure usage of resource management (CWE-400)
- Insecure usage of resource allocation (CWE-400)
- Insecure usage of resource deallocation (CWE-400)
- Insecure usage of resource locks (CWE-601)
- Insecure usage of resource sharing (CWE-400)
- Insecure usage of resource management (CWE-400)
- Insecure usage of resource allocation (CWE-400)
- Insecure usage of resource deallocation (CWE-400)
- Insecure usage of resource locks (CWE-601)
- Insecure usage of resource sharing (CWE-400
For troubleshooting, visit: https://python.langchain.com/docs/troubleshooting/errors/OUTPUT_PARSING_FAILURE , falling back to strict parser
JSON parsing failed: Invalid json output: - Weak encryption (CWE-311)
- Insecure random number generation (CWE-330)
- Improper input handling (CWE-369)
- Missing validation (CWE-907)
- Insecure use of function (CWE-416)
- Use after free (CWE-401)
- Integer overflow (CWE-191)
- Weaknesses in resource management (CWE-415)
- Insecure file operations (CWE-414)
- Insecure library usage (CWE-676)
- Insecure inter-process communication (CWE-118)
- Insecure use of cipher block mode (CWE-327)
- Weaknesses in API design (CWE-908)
- Insecure use of random number generator (CWE-330)
- Weaknesses in resource locks (CWE-400)
- Weaknesses in resource management (CWE-415)
- Weaknesses in resource handling (CWE-908)
- Weaknesses in resource allocation (CWE-416)
- Weaknesses in resource deallocation (CWE-401)
- Weaknesses in resource sharing (CWE-400)
- Weaknesses in resource access (CWE-400)
- Weaknesses in resource access control (CWE-20)
- Weaknesses in resource access validation (CWE-20)
- Weaknesses in resource access validation (CWE-20)
- Weaknesses in resource access validation (CWE-20)
- Weaknesses in resource access validation (CWE-20)
- Weaknesses in resource access validation (CWE-20)
- Weaknesses in resource access validation (CWE-20)
- Weaknesses in resource access validation (CWE-20)
- Weaknesses in resource access validation (CWE-20)
- Weaknesses in resource access validation (CWE-20)
- Weaknesses in resource access validation (CWE-20)
- Weaknesses in resource access validation (CWE-20)
- Weaknesses in resource access validation (CWE-20)
- Weaknesses in resource access validation (CWE-20)
- Weaknesses in resource access validation (CWE-20)
- Weaknesses in resource access validation (CWE-20)
- Weaknesses in resource access validation (CWE-20)
- Weaknesses in resource access validation (CWE-20)
- Weaknesses in resource access validation
For troubleshooting, visit: https://python.langchain.com/docs/troubleshooting/errors/OUTPUT_PARSING_FAILURE , falling back to strict parser
JSON parsing failed: Invalid json output: - Weak encryption (CWE-311)
- Insecure random number generation (CWE-330)
- Improper error handling (CWE-400, 401, 476)
- Insecure API (CWE-804)
- Integer overflow (CWE-191, 200, 364)
- Weaknesses in channel handling (CWE-117, 118, 119)
- Weaknesses in resource management (CWE-415, 416)
- Weaknesses in concurrency (CWE-653, 652)
- Weaknesses in authentication (CWE-625, 626)
- Weaknesses in configuration management (CWE-670, 671)
- Weaknesses in data validation (CWE-22, 23, 24)
- Weaknesses in file handling (CWE-361, 362)
- Weaknesses in network protocols (CWE-117, 118, 119)
- Weaknesses in resource locks (CWE-653, 652)
- Weaknesses in resource management (CWE-415, 416)
- Weaknesses in time and space (CWE-131, 132)
- Weaknesses in version management (CWE-688, 689)
- Weaknesses in code quality (CWE-116, 117, 118)
- Weaknesses in resource leaks (CWE-401, 400)
- Weaknesses in resource management (CWE-415, 416)
- Weaknesses in input validation (CWE-20, 190, 22, 23, 24)
- Weaknesses in output validation (CWE-27, 28, 29)
- Weaknesses in resource access (CWE-732, 733)
- Weaknesses in resource access not properly guarded by checks (CWE-664)
- Weaknesses in resource access (CWE-664)
- Weaknesses in resource access (CWE-664)
- Weaknesses in resource access (CWE-664)
- Weaknesses in resource access (CWE-664)
- Weaknesses in resource access (CWE-664)
- Weaknesses in resource access (CWE-664)
- Weaknesses in resource access (CWE-664)
- Weaknesses in resource access (CWE-664)
- Weaknesses in resource access (CWE-664)
- Weakness
For troubleshooting, visit: https://python.langchain.com/docs/troubleshooting/errors/OUTPUT_PARSING_FAILURE , falling back to strict parser
2025-10-03 16:30:56,967 - job_deepseek_database_1759521942 - INFO - Task rank_cwe: 130/314 commits processed
JSON parsing failed: Invalid json output: - Weak random number generation (CWE-601)
- Insecure use of random seed (CWE-602)
- Insecure use of cipher (CWE-338)
- Insecure use of compression (CWE-337)
- Insecure use of hashing (CWE-259)
- Insecure use of storage (CWE-330)
- Insecure use of network functions (CWE-377)
- Insecure use of file functions (CWE-331)
- Insecure use of database functions (CWE-352)
- Insecure use of XML functions (CWE-352)
- Insecure use of protocol buffers (CWE-352)
- Insecure use of shell functions (CWE-352)
- Insecure use of environment variables (CWE-352)
- Insecure use of signal functions (CWE-352)
- Insecure use of time functions (CWE-352)
- Insecure use of concurrency functions (CWE-352)
- Insecure use of multi-threading functions (CWE-352)
- Insecure use of resource management functions (CWE-352)
- Insecure use of memory management functions (CWE-352)
- Insecure use of integer operations (CWE-352)
- Insecure use of floating-point operations (CWE-352)
- Insecure use of string functions (CWE-352)
- Insecure use of array functions (CWE-352)
- Insecure use of pointer functions (CWE-352)
- Insecure use of resource allocation functions (CWE-352)
- Insecure use of exception handling functions (CWE-352)
- Insecure use of file system functions (CWE-352)
- Insecure use of network functions (CWE-377)
- Insecure use of cryptographic functions (CWE-338)
- Insecure use of input validation (CWE-20)
- Insecure use of output validation (CWE-269)
- Insecure use of resource validation (CWE-269)
- Insecure use of integer overflow (CWE-400)
- Insecure use of unsigned vs signed integers (CWE-570)
- Insecure use of bitwise operations (CWE-571)
- Insecure use of bitwise operations on 64-bit integers (CWE-572)
- Insecure use of shift operations (CWE-573)
- Insecure use of division operations (CWE-574)
- Insecure use of modulo operations (C
For troubleshooting, visit: https://python.langchain.com/docs/troubleshooting/errors/OUTPUT_PARSING_FAILURE , falling back to strict parser
JSON parsing failed: Invalid json output: - Weak encryption (CWE-311)
- Insecure random number generation (CWE-330)
- Improper error handling (CWE-1001)
- race conditions (CWE-362)
- Insecure string handling (CWE-131, CWE-134)
- Insecure file operations (CWE-361)
- Insecure library usage (CWE-327)
- Insecure inter-process communication (CWE-208)
- Insecure resource management (CWE-415)
- Insecure network operations (CWE-311)
- Insecure use of function (CWE-416)
- Insecure use of dynamic languages (CWE-625)
- Insecure use of static languages (CWE-601)
- Insecure use of external libraries (CWE-327)
- Insecure use of system calls (CWE-327)
- Insecure use of system functions (CWE-327)
- Insecure use of shell functions (CWE-327)
- Insecure use of pipes (CWE-327)
- Insecure use of file operations (CWE-327)
- Insecure use of network functions (CWE-327)
- Insecure use of signal functions (CWE-327)
- Insecure use of timer functions (CWE-327)
- Insecure use of concurrency primitives (CWE-327)
- Insecure use of synchronization primitives (CWE-327)
- Insecure use of resource locks (CWE-327)
- Insecure use of shared memory (CWE-327)
- Insecure use of semaphores (CWE-327)
- Insecure use of message queues (CWE-327)
- Insecure use of socket operations (CWE-327)
- Insecure use of file descriptors (CWE-327)
- Insecure use of pointers (CWE-327)
- Insecure use of array accesses (CWE-327)
- Insecure use of function arguments (CWE-327)
- Insecure use of return values (CWE-327)
- Insecure use of resource allocation (CWE-327)
- Insecure use of resource deallocation (CWE-327)
- Insecure use of resource sharing (CWE-327)
- Insecure use of resource locks (CWE-327)
- Insecure use of resource semaphores (CWE-327)
- Insecure use of resource messages (CWE-327)
- Insecure use of resource file descriptors
For troubleshooting, visit: https://python.langchain.com/docs/troubleshooting/errors/OUTPUT_PARSING_FAILURE , falling back to strict parser
JSON parsing failed: Invalid json output: - Weak encryption (CWE-311)
- Insecure random number generation (CWE-330)
- Missing validation (CWE-907)
- Incorrect handling of null (CWE-457)
- Race conditions (CWE-362)
- Resource management issues (CWE-400)
- Use of uninitialized variables (CWE-653)
- Insecure string handling (CWE-131, CWE-134)
- Weaknesses in API design (CWE-592)
- Insecure file operations (CWE-22, but that's path traversal)
- Insecure use of function output (CWE-691)
- Insecure use of dynamic languages (CWE-327)
- Weaknesses in cryptographic implementations (CWE-338)
- Insecure use of libraries (CWE-369)
- Insecure use of external libraries (CWE-378)
- Insecure use of system calls (CWE-377)
- Weaknesses in logging (CWE-364)
- Weaknesses in configuration management (CWE-312)
- Weaknesses in authentication (CWE-613)
- Weaknesses in session management (CWE-613)
- Weaknesses in data validation (CWE-907)
- Weaknesses in resource management (CWE-400)
- Weaknesses in exception handling (CWE-715)
- Weaknesses in concurrency (CWE-362)
- Weaknesses in inter-process communication (CWE-377)
- Weaknesses in file handling (CWE-22, but that's path traversal)
- Weaknesses in network protocols (CWE-377)
- Weaknesses in resource locks (CWE-364)
- Weaknesses in resource sharing (CWE-400)
- Weaknesses in resource management (CWE-400)
- Weaknesses in resource leaks (CWE-400)
- Weaknesses in resource exhaustion (CWE-400)
- Weaknesses in resource management (CWE-400)
- Weaknesses in resource management (CWE-400)
- Weaknesses in resource management (CWE-400)
- Weaknesses in resource management (CWE-400)
- Weaknesses in resource management (CWE-400)
- Weaknesses in resource management (CWE-400)
- Weaknesses in resource management (CWE-400)
- Weaknesses in resource management (CWE-400)
- Weakness
For troubleshooting, visit: https://python.langchain.com/docs/troubleshooting/errors/OUTPUT_PARSING_FAILURE , falling back to strict parser
JSON parsing failed: Invalid json output: - Weak random number generation (CWE-601)
- Insecure use of random numbers (CWE-327)
- Insecure use of encryption (CWE-338)
- Insecure use of hashing (CWE-259)
- Insecure use of resource management (CWE-400)
- Insecure use of file operations (CWE-414)
- Insecure use of network operations (CWE-397)
- Insecure use of concurrency (CWE-798)
- Insecure use of containerization (CWE-1311)
- Insecure use of constant string concatenation (CWE-601)
- Insecure use of string functions (CWE-116, CWE-117)
- Insecure use of integer operations (CWE-119, CWE-125)
- Insecure use of bitwise operations (CWE-798)
- Insecure use of floating-point operations (CWE-364)
- Insecure use of signedness (CWE-834)
- Insecure use of null pointer (CWE-690, CWE-676)
- Insecure use of goto (CWE-625)
- Insecure use of recursion (CWE-691)
- Insecure use of resource leaks (CWE-401)
- Insecure use of exception handling (CWE-117)
- Insecure use of race conditions (CWE-798)
- Insecure use of shared variables (CWE-601)
- Insecure use of static variables (CWE-601)
- Insecure use of dynamic variables (CWE-601)
- Insecure use of function arguments (CWE-601)
- Insecure use of return values (CWE-601)
- Insecure use of function return values (CWE-601)
- Insecure use of file descriptors (CWE-416)
- Insecure use of sockets (CWE-397)
- Insecure use of pipes (CWE-397)
- Insecure use of shared memory (CWE-397)
- Insecure use of locks (CWE-798)
- Insecure use of semaphores (CWE-798)
- Insecure use of timers (CWE-798)
- Insecure use of interrupt handling (CWE-798)
- Insecure use of I/O operations (CWE-397)
- Insecure use of device drivers (CWE-397)
- Insecure use of hardware accelerators (CWE-397)
- Insecure use of DMA (CWE
For troubleshooting, visit: https://python.langchain.com/docs/troubleshooting/errors/OUTPUT_PARSING_FAILURE , falling back to strict parser
JSON parsing failed: Invalid json output: - Weak encryption (CWE-311)
- Insecure random number generation (CWE-330)
- Integer overflow (CWE-191, CWE-199)
- Race conditions (CWE-362)
- Insecure string handling (CWE-104, CWE-134)
- Weaknesses in key management (CWE-365)
- Insecure file operations (CWE-378)
- Insecure library usage (CWE-330)
- Insecure resource management (CWE-400)
- Insecure use of function output (CWE-20, CWE-134)
- Insecure use of dynamic languages (CWE-367)
- Insecure use of static languages (CWE-398)
- Insecure use of external libraries (CWE-399)
- Insecure use of system calls (CWE-377)
- Insecure use of network functions (CWE-377)
- Insecure use of resource management (CWE-400)
- Insecure use of file operations (CWE-378)
- Insecure use of data formats (CWE-238)
- Insecure use of logging (CWE-264)
- Insecure use of concurrency controls (CWE-362)
- Insecure use of container mechanisms (CWE-369)
- Insecure use of resource locks (CWE-384)
- Insecure use of resource sharing (CWE-397)
- Insecure use of resource management (CWE-400)
- Insecure use of resource access (CWE-397)
- Insecure use of resource locks (CWE-384)
- Insecure use of resource sharing (CWE-397)
- Insecure use of resource management (CWE-400)
- Insecure use of resource access (CWE-397)
- Insecure use of resource locks (CWE-384)
- Insecure use of resource sharing (CWE-397)
- Insecure use of resource management (CWE-400)
- Insecure use of resource access (CWE-397)
- Insecure use of resource locks (CWE-384)
- Insecure use of resource sharing (CWE-397)
- Insecure use of resource management (CWE-400)
- Insecure use of resource access (CWE-397)
- Insecure use of resource locks (CWE-384)
- Insecure use of resource sharing (CWE-397)
- Insecure use of resource management (CWE-400)
- In
For troubleshooting, visit: https://python.langchain.com/docs/troubleshooting/errors/OUTPUT_PARSING_FAILURE , falling back to strict parser
JSON parsing failed: Invalid json output: - Weak encryption (CWE-311)
- Insecure random number generation (CWE-330)
- Improper error handling (CWE-400, 401, 476)
- Insecure string handling (CWE-119, 131, 134)
- Insecure file operations (CWE-22, 798)
- Insecure library usage (CWE-673, 732)
- Insecure network operations (CWE-311, 754)
- Insecure resource management (CWE-401, 415, 416)
- Insecure usage of function (CWE-416, 476)
- Insecure usage of system functions (CWE-327, 326)
- Insecure usage of environment functions (CWE-331)
- Insecure usage of data manipulation functions (CWE-117, 118)
- Insecure usage of data validation functions (CWE-20, 190)
- Insecure usage of resource management functions (CWE-401, 415, 416)
- Insecure usage of resource locking functions (CWE-601)
- Insecure usage of concurrency functions (CWE-601)
- Insecure usage of inter-process communication (CWE-268)
- Insecure usage of IPC (CWE-269)
- Insecure usage of pipes (CWE-269)
- Insecure usage of shared memory (CWE-269)
- Insecure usage of semaphores (CWE-269)
- Insecure usage of message queues (CWE-269)
- Insecure usage of socket operations (CWE-269)
- Insecure usage of file operations (CWE-269)
- Insecure usage of system calls (CWE-269)
- Insecure usage of environment functions (CWE-331)
- Insecure usage of signal handling (CWE-331)
- Insecure usage of time functions (CWE-331)
- Insecure usage of mathematical functions (CWE-331)
- Insecure usage of bitwise operations (CWE-331)
- Insecure usage of bitwise operations (CWE-331)
- Insecure usage of string functions (CWE-331)
- Insecure usage of memory functions (CWE-331)
- Insecure usage of process functions (CWB-...)
- Insecure usage of resource management functions (CWE-401, 415, 416)
- Insecure usage of resource locking functions (CWE-601)
- Insecure usage of concurrency
For troubleshooting, visit: https://python.langchain.com/docs/troubleshooting/errors/OUTPUT_PARSING_FAILURE , falling back to strict parser
JSON parsing failed: Invalid json output: - Weak random number generation (CWE-601)
- Insecure use of random seed (CWE-602)
- Insecure use of cipher (CWE-338)
- Insecure use of compression (CWE-337)
- Insecure use of hashing (CWE-259)
- Insecure use of file operations (CWE-366)
- Insecure use of network operations (CWA-...)
Wait, the last category is not standard, perhaps it's a typo. Maybe it's CWE-400?

Wait, the user listed "Insecure use of network operations" as CWA-..., but I think it's a typo. It should be CWE-400, which is "Insecure use of network operations".

So, the categories are as follows:

1. Buffer overflow
2. Memory issues
3. Input validation
4. Information exposure
5. Injection flaws
6. Path traversal
7. CSRF
8. Deserialization
9. Weak random number generation
10. Insecure use of random seed
11. Insecure use of cipher
12. Insecure use of compression
13. Insecure use of hashing
14. Insecure use of file operations
15. Insecure use of network operations (CWE-400)

Now, looking at the code:

The function `nla_put_nh_group` is handling network layer attributes, specifically for next hop groups. It's dealing with struct `nh_group` and `nexthop_grp`.

Looking for possible issues:

1. **Buffer Overflow (CWE-119, 787, 125):** The code uses `nla_reserve` to reserve space for a network attribute. The length is calculated as `nhg->num_nh * sizeof(*p)`. If `nhg->num_nh` is large, this could potentially cause a buffer overflow if the buffer size allocated isn't sufficient. However, in this case, `nla_reserve` is used, which should allocate enough space, but if the calculation is incorrect, it could lead to an overflow. Alternatively, if the data being written exceeds the allocated space, it could cause an overflow.

2. **Memory Issues (CWE-476, 401, 416):** The code uses dynamic memory (like `nla_data`) which could lead to memory leaks if not properly handled. However, in this function, it's unclear if there are any memory management issues beyond the normal function scope. The function seems to handle memory correctly by using `
For troubleshooting, visit: https://python.langchain.com/docs/troubleshooting/errors/OUTPUT_PARSING_FAILURE , falling back to strict parser
JSON parsing failed: Invalid json output: - Weak encryption (CWE-311)
- Insecure random number generation (CWE-330)
- Improper input handling (CWE-369)
- Unrestricted file uploads (CWE-22)
- Unrestricted file downloads (CWE-352)
- Insecure string handling (CWE-131, CWE-134)
- Missing authentication (CWE-287)
- Weak or missing error handling (CWE-239)
- Insecure API endpoints (CWE-937)
- Insecure use of function (CWE-416)
- Use of unsafe functions (CWE-798)
- Out-of-bounds access (CWE-801, 802, 803)
- Integer overflow (CWE-400)
- Race conditions (CWE-363)
- Time-related issues (CWE-366)
- Insecure use of flags (CWE-653)
- Insecure use of cookies (CWE-601)
- Insecure use of headers (CWE-653)
- Insecure use of protocol handling (CWE-653)
- Insecure use of state management (CWE-653)
- Insecure use of data formats (CWE-653)
- Insecure use of compression (CWE-653)
- Insecure use of encryption (CWE-653)
- Insecure use of hashing (CWE-653)
- Insecure use of session management (CWE-653)
- Insecure use of resource management (CWE-653)
- Insecure use of concurrency (CWE-653)
- Insecure use of synchronization (CWE-653)
- Insecure use of exception handling (CWE-653)
- Insecure use of logging (CWE-653)
- Insecure use of debugging (CWE-653)
- Insecure use of configuration (CWE-653)
- Insecure use of external data (CWE-653)
- Insecure use of user input (CWE-653)
- Insecure use of file operations (CWE-653)
- Insecure use of network operations (CWE-653)
- Insecure use of process operations (CWE-653)
- Insecure use of system calls (CWE-653)
- Insecure use of signal handling (CWE-653)
- Insecure use of timer management (CWE-653)
- Insecure use of inter-process communication (CWE-653)
- Insecure use of shared memory (CWE-653)
-
For troubleshooting, visit: https://python.langchain.com/docs/troubleshooting/errors/OUTPUT_PARSING_FAILURE , falling back to strict parser
JSON parsing failed: Invalid json output: - Weak cryptography (CWE-601)
- Insecure random number generation (CWE-601)
- Insecure string handling (CWE-116, 117)
- Insecure file operations (CWE-361)
- Insecure library usage (CWE-673)
- Insecure network operations (CWE-311, 377)
- Insecure resource management (CWE-400)
- Insecure usage of function (CWE-587)
- Insecure usage of variable (CWE-653)
- Insecure usage of integer (CWE-758)
- Insecure usage of pointer (CWE-823)
- Insecure usage of resource (CWE-908)
- Insecure usage of time (CWE-932)
- Insecure usage of type (CWE-1161)
- Insecure usage of XML (CWE-662)
- Insecure usage of SQL (CWE-352)
- Insecure usage of shell (CWE-327)
- Insecure usage of system (CWE-327)
- Insecure usage of file (CWE-327)
- Insecure usage of network (CWE-327)
- Insecure usage of environment (CWE-327)
- Insecure usage of process (CWB-...)
- Insecure usage of resource (CWE-908)
- Insecure usage of storage (CWE-1165)
- Insecure usage of version (CWE-1172)
- Insecure usage of header (CWE-1181)
- Insecure usage of cookie (CWE-601)
- Insecure usage of session (CWE-601)
- Insecure usage of authentication (CWE-601)
- Insecure usage of authorization (CWE-601)
- Insecure usage of logging (CWE-601)
- Insecure usage of crypto (CWE-601)
- Insecure usage of random (CWE-601)
- Insecure usage of timing (CWE-601)
- Insecure usage of concurrency (CWE-601)
- Insecure usage of container (CWE-601)
- Insecure usage of resource (CWE-908)
- Insecure usage of resource management (CWE-400)
- Insecure usage of resource (CWE-908)
- Insecure usage of resource management (CWE-400)
- Insecure usage of resource (CWE-908)
- Insecure usage of resource management (CWE-400)
- Insecure usage
For troubleshooting, visit: https://python.langchain.com/docs/troubleshooting/errors/OUTPUT_PARSING_FAILURE , falling back to strict parser
JSON parsing failed: Invalid json output: - Weak encryption (CWE-311)
- Insecure random number generation (CWE-330)
- Insecure string handling (CWE-131, CWE-134)
- Insecure file operations (CWE-22, CWE-48, CWE-384)
- Insecure library usage (CWE-327)
- Insecure resource management (CWE-415, CWE-400)
- Insecure network operations (CWE-311, CWE-132)
- Insecure usage of system functions (CWE-327, CWE-416)
- Insecure usage of external libraries (CWE-327)
- Insecure usage of user-space functions (CWE-327)
- Insecure usage of kernel functions (CWE-327)
- Insecure usage of system calls (CWE-327)
- Insecure usage of file operations (CWE-22, CWE-384)
- Insecure usage of directory operations (CWE-22)
- Insecure usage of device operations (CWE-22)
- Insecure usage of socket operations (CWE-22)
- Insecure usage of pipe operations (CWE-22)
- Insecure usage of shared memory (CWE-22)
- Insecure usage of locks (CWE-22)
- Insecure usage of semaphores (CWE-22)
- Insecure usage of timers (CWE-22)
- Insecure usage of signals (CWE-22)
- Insecure usage of context switches (CWE-22)
- Insecure usage of interrupt handling (CWE-22)
- Insecure usage of I/O operations (CWE-22)
- Insecure usage of device file operations (CWE-22)
- Insecure usage of file descriptor operations (CWE-22)
- Insecure usage of file locking (CWE-22)
- Insecure usage of file permission operations (CWE-22)
- Insecure usage of file ownership changes (CWE-22)
- Insecure usage of file truncation (CWE-22)
- Insecure usage of file deletion (CWE-22)
- Insecure usage of file renaming (CWE-22)
- Insecure usage of file system operations (CWE-22)
- Insecure usage of symbolic links (CWE-22)
- Insecure usage of hard links (CWE-22)
- Insecure usage of sticky bits (CWE-22)
- Insecure usage of setuid/setgid (CWE
For troubleshooting, visit: https://python.langchain.com/docs/troubleshooting/errors/OUTPUT_PARSING_FAILURE , falling back to strict parser
2025-10-03 16:32:53,134 - job_deepseek_database_1759521942 - INFO - Task rank_cwe: 140/314 commits processed
JSON parsing failed: Invalid json output: - Weak encryption (CWE-311)
- Insecure random number generation (CWE-330)
- Insecure string handling (CWE-131, CWE-134)
- Insecure file operations (CWE-48, CWE-49, CWE-384)
- Insecure IO operations (CWE-276)
- Insecure usage of functions (CWE-257, 258)
- Insecure usage of libraries (CWE-367)
- Insecure usage of system calls (CWE-377)
- Insecure usage of network functions (CWE-377)
- Insecure usage of environment variables (CWE-601)
- Insecure usage of temporary files (CWE-570)
- Insecure usage of shared memory (CWE-416)
- Insecure usage of signals (CWE-390)
- Insecure usage of timers (CWE-397)
- Insecure usage of race conditions (CWE-362)
- Insecure usage of resource locks (CWE-384)
- Insecure usage of file descriptors (CWE-384)
- Insecure usage of pipes (CWE-384)
- Insecure usage of sockets (CWE-377)
- Insecure usage of subprocesses (CWE-327)
- Insecure usage of user input (CWE-601)
- Insecure usage of user output (CWE-601)
- Insecure usage of user provided data (CWE-601)
- Insecure usage of third-party libraries (CWE-367)
- Insecure usage of platform-specific functions (CWE-377)
- Insecure usage of resource management (CWE-476)
- Insecure usage of resource allocation (CWE-416)
- Insecure usage of resource locks (CWE-384)
- Insecure usage of resource sharing (CWE-416)
- Insecure usage of resource access (CWE-416)
- Insecure usage of resource handling (CWE-476)
- Insecure usage of resource management (CWE-476)
- Insecure usage of resource locks (CWE-384)
- Insecure usage of resource sharing (CWE-416)
- Insecure usage of resource access (CWE-416)
- Insecure usage of resource handling (CWE-476)
- Insecure usage of resource management (CWE-476)
- Insecure usage of resource locks (CWE-384)
- Insecure usage of resource sharing (CWE-416)
- Insecure usage
For troubleshooting, visit: https://python.langchain.com/docs/troubleshooting/errors/OUTPUT_PARSING_FAILURE , falling back to strict parser
JSON parsing failed: Invalid json output: - Weak encryption (CWE-601)
- Insecure random number generation (CWE-601, 649)
- Insecure string handling (CWE-119, 131, 134)
- Insecure file operations (CWE-416)
- Insecure library usage (CWE-673, 732)
- Insecure resource usage (CWE-400)
- Insecure network operations (CWE-311, 22)
- Insecure usage of cipher block chaining (CWE-327)
- Insecure usage of cryptographic algorithm (CWE-653)
- Insecure usage of hashing (CWE-653)
- Insecure usage of input validation (CWE-20)
- Insecure usage of output validation (CWE-269)
- Insecure usage of variable length arrays (CWE-600, 601)
- Insecure usage of dynamic memory allocation (CWE-401)
- Insecure usage of static memory allocation (CWE-400)
- Insecure usage of pointer arithmetic (CWE-119, 190)
- Insecure usage of integer operations (CWE-190, 190)
- Insecure usage of bitwise operations (CWE-190)
- Insecure usage of function arguments (CWE-416)
- Insecure usage of function return values (CWE-416)
- Insecure usage of file descriptors (CWE-400)
- Insecure usage of locks (CWE-653)
- Insecure usage of race conditions (CWE-653)
- Insecure usage of shared memory (CWE-653)
- Insecure usage of signals (CWE-653)
- Insecure usage of timers (CWE-653)
- Insecure usage of thread pools (CWE-653)
- Insecure usage of recursion (CWE-653)
- Insecure usage of stack (CWE-653)
- Insecure usage of heap (CWE-653)
- Insecure usage of dynamic linking (CWE-653)
- Insecure usage of static linking (CWE-653)
- Insecure usage of external libraries (CWE-653)
- Insecure usage of third-party libraries (CWE-653)
- Insecure usage of system calls (CWE-653)
- Insecure usage of shell commands (CWE-327)
- Insecure usage of pipes (CWE-327)
- Insecure usage of file operations (CWE-327)
- Insecure usage of network operations (CWE-
For troubleshooting, visit: https://python.langchain.com/docs/troubleshooting/errors/OUTPUT_PARSING_FAILURE , falling back to strict parser
JSON parsing failed: Invalid json output: - Weak encryption (CWE-311)
- Insecure random number generation (CWE-330)
- Insecure string handling (CWE-131, CWE-134)
- Insecure file operations (CWE-36)
- Insecure library usage (CWE-378)
- Insecure network operations (CWE-311, CWE-132)
- Insecure resource management (CWE-400)
- Insecure usage of public functions (CWE-257)
- Insecure usage of public member functions (CWE-272)
- Insecure usage of public variables (CWE-275)
- Insecure usage of public type definitions (CWE-278)
- Insecure usage of public constants (CWE-279)
- Insecure usage of public functions (CWE-257)
- Insecure usage of public member functions (CWE-272)
- Insecure usage of public variables (CWE-275)
- Insecure usage of public type definitions (CWE-278)
- Insecure usage of public constants (CWE-279)

Now, let's analyze the code step by step.

Looking at the function qrtr_recvmsg, it's handling network data. The function receives data into a socket buffer (skb) and copies it into an msghdr structure.

First, the function starts by declaring a socket address and then gets the socket's sk. It then locks the socket.

It checks if the socket is zapped, releases it, and returns an error if so.

Then, it tries to receive data into skb using skb_recv_datagram. If this fails, it releases the socket and returns the error code.

Next, it casts skb's cb to a qrtr_cb pointer. Then, it checks if the copied data (skb->len) is larger than the provided size. If so, it sets the MSG_TRUNC flag and copies the data.

It then calls skb_copy_datagram_msg, which copies data from the skb into the msg. If this returns an error, it goes to the out label.

After that, if an address is provided, it sets the address details from the cb and updates the msg's namelen.

Finally, it sends a confirmation if needed, frees the skb, releases the socket, and returns the rc.

Looking for potential issues:

1. **Buffer Overflow (CWE-119, 787, 125):** The function copies data from skb into msg. If the data is larger than expected, it could cause a buffer overflow. The
For troubleshooting, visit: https://python.langchain.com/docs/troubleshooting/errors/OUTPUT_PARSING_FAILURE , falling back to strict parser
JSON parsing failed: Invalid json output: - Weak hashing (CWE-157)
- Insecure random number generation (CWE-601)
- Insecure string handling (CWE-116, CWE-117)
- Insecure file operations (CWE-361)
- Insecure library usage (CWE-673)
- Insecure network operations (CWE-311)
- Insecure resource management (CWE-415)
- Insecure usage of function (CWE-805)
- Insecure usage of variable (CWE-682)
- Insecure usage of pointer (CWE-836)
- Insecure usage of integer (CWE-834)
- Insecure usage of null pointer (CWE-690)
- Insecure usage of shift (CWE-823)
- Insecure usage of bitwise AND (CWE-823)
- Insecure usage of bitwise OR (CWE-823)
- Insecure usage of bitwise XOR (CWE-823)
- Insecure usage of arithmetic operations (CWE-823)
- Insecure usage of resource (CWE-400)
- Insecure usage of resource locks (CWE-691)
- Insecure usage of shared memory (CWE-692)
- Insecure usage of file descriptors (CWE-693)
- Insecure usage of pipes (CWE-694)
- Insecure usage of sockets (CWE-695)
- Insecure usage of signals (CWE-696)
- Insecure usage of system calls (CWE-697)
- Insecure usage of environment variables (CWE-798)
- Insecure usage of process (CWE-798)
- Insecure usage of user input (CWE-601)
- Insecure usage of user output (CWE-601)
- Insecure usage of user input validation (CWE-601)
- Insecure usage of user output validation (CWE-601)
- Insecure usage of user input handling (CWE-601)
- Insecure usage of user output handling (CWE-601)
- Insecure usage of user input validation (CWE-601)
- Insecure usage of user output validation (CWE-601)
- Insecure usage of user input handling (CWE-601)
- Insecure usage of user output handling (CWE-601)
- Insecure usage of user input validation (CWE-601)
- Insecure usage of user output validation (CWE-601)
- Insecure usage of user input handling (CWE-601)
- In
For troubleshooting, visit: https://python.langchain.com/docs/troubleshooting/errors/OUTPUT_PARSING_FAILURE , falling back to strict parser
JSON parsing failed: Invalid json output: - Weak encryption (CWE-311)
- Insecure random number generation (CWE-330)
- Integer overflow (CWE-191, CWE-199)
- Command injection (CWE-78)
- SQL injection (CWE-79)
- Race conditions (CWE-362)
- Weaknesses in resource management (CWE-400)
- Weaknesses in resource management: improper handling of nulls (CWE-399)
- Weaknesses in resource management: incorrect handling of pointers (CWE-401)
- Weaknesses in resource management: use after free (CWE-401)
- Weaknesses in resource management: double free (CWE-400)
- Weaknesses in resource management: memory not initialized (CWE-476)
- Weaknesses in resource management: memory leaks (CWE-401)
- Weaknesses in resource management: stack buffer overflow (CWE-119)
- Weaknesses in resource management: heap overflow (CWE-787)
- Weaknesses in resource management: integer overflow (CWE-191)
- Weaknesses in resource management: pointer arithmetic (CWE-401)
- Weaknesses in resource management: use of uninitialized variables (CWE-476)
- Weaknesses in resource management: incorrect handling of pointers (CWE-401)
- Weaknesses in resource management: use after free (CWE-401)
- Weaknesses in resource management: double free (CWE-400)
- Weaknesses in resource management: memory not initialized (CWE-476)
- Weaknesses in resource management: memory leaks (CWE-401)
- Weaknesses in resource management: stack buffer overflow (CWE-119)
- Weaknesses in resource management: heap overflow (CWE-787)
- Weaknesses in resource management: integer overflow (CWE-191)
- Weaknesses in resource management: pointer arithmetic (CWE-401)
- Weaknesses in resource management: use of uninitialized variables (CWE-476)
- Weaknesses in resource management: incorrect handling of pointers (CWE-401)
- Weaknesses in resource management: use after free (CWE-401)
- Weaknesses in resource management: double free (CWE-400)
- Weaknesses in resource management: memory not initialized (CWE-476)
- Weaknesses in resource management: memory leaks (CWE-401)
-
For troubleshooting, visit: https://python.langchain.com/docs/troubleshooting/errors/OUTPUT_PARSING_FAILURE , falling back to strict parser
JSON parsing failed: Invalid json output: - Weak encryption (CWE-311)
- Insecure random number generation (CWE-330)
- Insecure string handling (CWE-131, CWE-132)
- Insecure file operations (CWE-361)
- Insecure library usage (CWE-378)
- Insecure resource management (CWE-400, 401, 415)
- Insecure network operations (CWE-311, 319, 377)
- Insecure usage of function (CWE-416)
- Insecure usage of variable (CWE-672)
- Insecure usage of integer (CWE-823)
- Insecure usage of null pointer (CWE-400)
- Insecure usage of resource (CWE-400)
- Insecure usage of pointer (CWE-400)
- Insecure usage of array (CWE-400)
- Insecure usage of string (CWE-400)
- Insecure usage of function (CWE-400)
- Insecure usage of variable (CWE-400)
- Insecure usage of integer (CWE-400)
- Insecure usage of null pointer (CWE-400)
- Insecure usage of resource (CWE-400)
- Insecure usage of pointer (CWE-400)
- Insecure usage of array (CWE-400)
- Insecure usage of string (CWE-400)
- Insecure usage of function (CWE-400)
- Insecure usage of variable (CWE-400)
- Insecure usage of integer (CWE-400)
- Insecure usage of null pointer (CWE-400)
- Insecure usage of resource (CWE-400)
- Insecure usage of pointer (CWE-400)
- Insecure usage of array (CWE-400)
- Insecure usage of string (CWE-400)
- Insecure usage of function (CWE-400)
- Insecure usage of variable (CWE-400)
- Insecure usage of integer (CWE-400)
- Insecure usage of null pointer (CWE-400)
- Insecure usage of resource (CWE-400)
- Insecure usage of pointer (CWE-400)
- Insecure usage of array (CWE-400)
- Insecure usage of string (CWE-400)
- Insecure usage of function (CWE-400)
- Insecure usage of variable (CWE-400)
- Insecure usage of integer (C
For troubleshooting, visit: https://python.langchain.com/docs/troubleshooting/errors/OUTPUT_PARSING_FAILURE , falling back to strict parser
JSON parsing failed: Invalid json output: - Weak encryption (CWE-311)
- Insecure random number generation (CWE-330)
- Integer overflow (CWE-191, CWE-199)
- Insecure string handling (CWE-119, CWE-134)
- Missing validation (CWE-907)
- Insecure API (CWE-804)
- Weak authentication (CWE-416)
- Insecure file operations (CWE-22, CWE-413)
- Insecure network operations (CW-)
- Insecure resource management (CWE-415)
- Insecure usage of function (CWE-416)
- Insecure usage of variable (CWE-400)
- Insecure usage of pointer (CWE-402)
- Insecure usage of integer (CWE-398)
- Insecure usage of loop (CWE-408)
- Insecure usage of conditional (CWE-405)
- Insecure usage of resource (CWE-397)
- Insecure usage of exception (CWE-399)
- Insecure usage of exception handler (CWE-400)
- Insecure usage of signal (CWE-399)
- Insecure usage of thread (CWE-400)
- Insecure usage of process (CWE-400)
- Insecure usage of IPC (CWE-400)
- Insecure usage of shared memory (CWE-400)
- Insecure usage of socket (CWE-400)
- Insecure usage of pipe (CWE-400)
- Insecure usage of device (CWE-400)
- Insecure usage of file (CWE-400)
- Insecure usage of I/O (CWE-400)
- Insecure usage of algorithm (CWE-327)
- Insecure usage of protocol (CWE-327)
- Insecure usage of data format (CWE-327)
- Insecure usage of data transformation (CWE-327)
- Insecure usage of data validation (CWE-327)
- Insecure usage of data storage (CWE-327)
- Insecure usage of data retrieval (CWE-327)
- Insecure usage of data comparison (CWE-327)
- Insecure usage of data sanitization (CWE-327)
- Insecure usage of data encryption (CWE-327)
- Insecure usage of data decryption (CWE-327)
- Insecure usage of data integrity (CWE-327)
- Insecure usage of data access (CWE-327)
For troubleshooting, visit: https://python.langchain.com/docs/troubleshooting/errors/OUTPUT_PARSING_FAILURE , falling back to strict parser
JSON parsing failed: Invalid json output: - Weak encryption (CWE-261)
- Race conditions (CWE-362)
- Improper handling of nulls (CWE-399)
- Resource management issues (CWE-400, 401, 415)
- Insecure use of random functions (CWE-330)
- Insecure use of external libraries (CWE-601)
- Insecure use of file operations (CWE-116, 117)
- Insecure use of network functions (CWE-117, 118)
- Insecure use of storage functions (CWE-116, 119)
- Insecure use of collection functions (CWE-131, 134)
- Insecure use of concurrency controls (CWE-366)
- Insecure use of cryptographic functions (CWE-338)
- Insecure use of resource locks (CWE-367)
- Insecure use of timers (CWE-369)
- Insecure use of signal handlers (CWE-390)
- Insecure use of exception handling (CWE-413)
- Insecure use of static data (CWE-414)
- Insecure use of dynamic data (CWE-417)
- Insecure use of resource allocation (CWE-415)
- Insecure use of resource deallocation (CWE-400)
- Insecure use of resource management (CWE-401)
- Insecure use of resource locks (CWE-367)
- Insecure use of resource sharing (CWE-397)
- Insecure use of resource access (CWE-398)
- Insecure use of resource access patterns (CWE-397)
- Insecure use of resource access in concurrent contexts (CWE-398)
- Insecure use of resource access in containers (CWE-398)
- Insecure use of resource access in multi-threaded contexts (CWE-398)
- Insecure use of resource access in network contexts (CWE-398)
- Insecure use of resource access in storage contexts (CWE-398)
- Insecure use of resource access in time contexts (CWE-398)
- Insecure use of resource access in other contexts (CWE-398)
- Insecure use of resource sharing (CWE-397)
- Insecure use of resource locks (CWE-367)
- Insecure use of resource access (CWE-398)
- Insecure use of resource management (CWE-401)
- Insecure use of resource allocation (CWE-415)
-
For troubleshooting, visit: https://python.langchain.com/docs/troubleshooting/errors/OUTPUT_PARSING_FAILURE , falling back to strict parser
JSON parsing failed: Invalid json output: - Weak encryption (CWE-257)
- Insecure random number generation (CWE-330)
- Integer overflow (CWE-191, CWE-199)
- Race conditions (CWE-362)
- Insecure string handling (CWE-119, CWE-134)
- Weaknesses in API design (CWE-592)
- Insecure file operations (CWE-378)
- Insecure library usage (CWE-670)
- Insecure resource management (CWE-415)
- Insecure network operations (CWE-311)
- Weaknesses in authentication (CWE-623, 624, 625)
- Weaknesses in session management (CWE-639)
- Weaknesses in configuration management (CWE-694)
- Weaknesses in data validation (CWE-690)
- Weaknesses in resource management (CWE-415)
- Weaknesses in the use of Go (CWE-900)
- Weaknesses in the use of C (CWE-918)
- Weaknesses in the use of Python (CWE-913)
- Weaknesses in the use of JavaScript (CWE-919)
- Weaknesses in the use of shell (CWE-927)
- Weaknesses in the use of SUID/SGID binaries (CWE-1025)
- Weaknesses in the use of setuid/setgid (CWE-1024)
- Weaknesses in the use of chown/chmod (CWE-1165)
- Weaknesses in the use of umask (CWE-1166)
- Weaknesses in the use of PAM (CWE-1167)
- Weaknesses in the use of init (CWE-1168)
- Weaknesses in the use of cron (CWE-1169)
- Weaknesses in the use of at (CWE-1170)
- Weaknesses in the use of shell scripts (CWE-1171)
- Weaknesses in the use of find (CWE-1172)
- Weaknesses in the use of tar (CWE-1173)
- Weaknesses in the use of gzip (CWE-1174)
- Weaknesses in the use of bzip2 (CWE-1175)
- Weaknesses in the use of xz (CWE-1176)
- Weaknesses in the use of diff (C
For troubleshooting, visit: https://python.langchain.com/docs/troubleshooting/errors/OUTPUT_PARSING_FAILURE , falling back to strict parser
JSON parsing failed: Invalid json output: - Weak encryption (CWE-311)
- Insecure random number generation (CWE-330)
- Integer overflow (CWE-191, CWE-199)
- Weaknesses in the use of crypto functions (CWE-338)
- Use after free (CWE-401)
- Improper handling of nulls (CWE-676)
- Insecure string handling (CWE-116, 117, 118)
- Weaknesses in the use of external libraries (CWE-369)
- Incorrect handling of Unicode (CWE-457)
- Weaknesses in the use of containers (CWE-399)
- Weaknesses in the use of configuration (CWE-312)
- Weaknesses in the use of logging (CWE-364)
- Weaknesses in the use of time functions (CWE-366)
- Weaknesses in the use of inter-process communication (CWE-377)
- Weaknesses in the use of concurrency (CWE-378)
- Weaknesses in the use of resource locks (CWE-384)
- Weaknesses in the use of shared memory (CWE-390)
- Weaknesses in the use of pipes (CWE-391)
- Weaknesses in the use of sockets (CWE-392)
- Weaknesses in the use of file descriptors (CWE-393)
- Weaknesses in the use of signals (CWE-394)
- Weaknesses in the use of system calls (CWE-395)
- Weaknesses in the use of environment variables (CWE-397)
- Weaknesses in the use of user input (CWE-398)
- Weaknesses in the use of static strings (CWE-400)
- Weaknesses in the use of dynamic strings (CWE-401)
- Weaknesses in the use of large strings (CWE-402)
- Weaknesses in the use of multi-byte characters (CWE-403)
- Weaknesses in the use of floating-point numbers (CWE-404)
- Weaknesses in the use of signed integers (CWE-405)
- Weaknesses in the use of unsigned integers (CWE-406)
- Weaknesses in the use of bitwise operations (CWE-407)
- Weaknesses in the use of boolean operations (CWE-408)
- Weaknesses in the use of arithmetic operations (CWE-409
For troubleshooting, visit: https://python.langchain.com/docs/troubleshooting/errors/OUTPUT_PARSING_FAILURE , falling back to strict parser
2025-10-03 16:34:49,116 - job_deepseek_database_1759521942 - INFO - Task rank_cwe: 150/314 commits processed
JSON parsing failed: Invalid json output: - Weak encryption (CWE-311)
- Insecure random number generation (CWE-330)
- Insecure usage of function (CWE-416)
- Insecure usage of library functions (CWE-676)
- Insecure usage of system functions (CWE-758)
- Insecure usage of network functions (CWE-311)
- Insecure usage of storage functions (CWE-798)
- Insecure usage of resource management functions (CWE-400)
- Insecure usage of concurrency controls (CWE-653)
- Insecure usage of version control (CWE-929)
- Insecure usage of logging (CWE-117)
- Insecure usage of string functions (CWE-116)
- Insecure usage of file functions (CWE-798)
- Insecure usage of file operations (CWE-798)
- Insecure usage of resource locks (CWE-653)
- Insecure usage of shared variables (CWE-413)
- Insecure usage of static data (CWE-414)
- Insecure usage of dynamic data (CWE-417)
- Insecure usage of resource allocation (CWE-400)
- Insecure usage of resource deallocation (CWE-401)
- Insecure usage of resource management (CWE-476)
- Insecure usage of resource locks (CWE-653)
- Insecure usage of resource sharing (CWE-400)
- Insecure usage of resource handling (CWE-400)
- Insecure usage of resource release (CWE-400)
- Insecure usage of resource initialization (CWE-400)
- Insecure usage of resource termination (CWE-400)
- Insecure usage of resource management functions (CWE-476)
- Insecure usage of resource locks (CWE-653)
- Insecure usage of resource sharing (CWE-400)
- Insecure usage of resource handling (CWE-400)
- Insecure usage of resource release (CWE-400)
- Insecure usage of resource initialization (CWE-400)
- Insecure usage of resource termination (CWE-400)
- Insecure usage of resource management functions (CWE-476)
- Insecure usage of resource locks (CWE-653)
- Insecure usage of resource sharing (CWE-400)
- Insecure usage of resource handling (CWE-400)
- Insecure usage of resource release (CWE-400)
- Insecure usage of resource initialization (
For troubleshooting, visit: https://python.langchain.com/docs/troubleshooting/errors/OUTPUT_PARSING_FAILURE , falling back to strict parser
JSON parsing failed: Invalid json output: - Weak hashing (CWE-157)
- Insecure random number generation (CWE-601)
- Insecure string handling (CWE-116, CWE-117)
- Insecure file operations (CWE-22, CWE-48)
- Insecure library usage (CWE-673)
- Insecure network operations (CWE-311)
- Insecure resource management (CWE-400)
- Insecure temporary files (CWE-570)
- Insecure usage of function (CWE-416)
- Insecure usage of variable (CWE-400)
- Insecure usage of integer (CWE-400)
- Insecure usage of pointer (CWE-400)
- Insecure usage of resource (CWE-400)
- Insecure usage of system call (CWE-400)
- Insecure usage of system function (CWE-400)
- Insecure usage of network function (CWE-311)
- Insecure usage of file function (CWE-22, CWE-48)
- Insecure usage of directory function (CWE-22)
- Insecure usage of process function (CWE-400)
- Insecure usage of thread function (CWE-400)
- Insecure usage of signal function (CWE-400)
- Insecure usage of shared memory (CWE-400)
- Insecure usage of IPC (CWE-400)
- Insecure usage of socket (CWE-311)
- Insecure usage of pipe (CWE-311)
- Insecure usage of device file (CWE-22)
- Insecure usage of ioctl (CWE-22)
- Insecure usage of mmap (CWE-22)
- Insecure usage of open (CWE-22, CWE-48)
- Insecure usage of read (CWE-311)
- Insecure usage of write (CWE-311)
- Insecure usage of close (CWE-400)
- Insecure usage of send (CWE-311)
- In CWE-400, which is a catch-all for other issues.

Now, looking at the code, what's the potential vulnerabilities?

The code is in the kernel, handling device ports. It retrieves 'id' and 'name' properties, and a parent config handle. It then copies these into a struct.

Looking for possible issues:

1. **Memory Leak**: The code uses kstrdup_const to copy the name into node_info->vdev_port.name. However, since node
For troubleshooting, visit: https://python.langchain.com/docs/troubleshooting/errors/OUTPUT_PARSING_FAILURE , falling back to strict parser
JSON parsing failed: Invalid json output: - Weak random number generation (CWE-601)
- Insecure use of crypto (CWE-338)
- Integer overflow (CWE-191, CWE-199)
- Missing return value (CWE-823)
- Use after free (CWE-401)
- Insecure memory deallocation (CWE-400)
- Uninitialized variables (CWE-457)
- Race conditions (CWE-362)
- Insecure string handling (CWE-116, CWE-117)
- Insecure file operations (CWE-259)
- Insecure network operations (CWE-311)
- Insecure resource management (CWE-400)
- Insecure usage of function result (CWE-823)
- Insecure usage of dynamic memory (CWE-401)
- Insecure usage of static memory (CWE-416)
- Insecure usage of dynamic memory (CWE-476)
- Insecure usage of static memory (CWE-416)
- Insecure usage of dynamic memory (CWE-476)
- Insecure usage of static memory (CWE-416)
- Insecure usage of dynamic memory (CWE-476)
- Insecure usage of static memory (CWE-416)
- Insecure usage of dynamic memory (CWE-476)
- Insecure usage of static memory (CWE-416)
- Insecure usage of dynamic memory (CWE-476)
- Insecure usage of static memory (CWE-416)
- Insecure usage of dynamic memory (CWE-476)
- Insecure usage of static memory (CWE-416)
- Insecure usage of dynamic memory (CWE-476)
- Insecure usage of static memory (CWE-416)
- Insecure usage of dynamic memory (CWE-476)
- Insecure usage of static memory (CWE-416)
- Insecure usage of dynamic memory (CWE-476)
- Insecure usage of static memory (CWE-416)
- Insecure usage of dynamic memory (CWE-476)
- Insecure usage of static memory (CWE-416)
- Insecure usage of dynamic memory (CWE-476)
- Insecure usage of static memory (CWE-416)
- Insecure usage of dynamic memory (CWE-476)
- Insecure usage of static memory (CWE-416)
- Insecure usage of dynamic memory (CWE-476)
- Insecure usage of static memory (CWE-416)
For troubleshooting, visit: https://python.langchain.com/docs/troubleshooting/errors/OUTPUT_PARSING_FAILURE , falling back to strict parser
JSON parsing failed: Invalid json output: - Weak encryption (CWE-311)
- Insecure random number generation (CWE-330)
- Integer overflow (CWE-191, CWE-199)
- Race conditions (CWE-362)
- Weaknesses in resource management (CWE-400, 415, 416)
- Insecure API (CWE-228)
- Insecure file operations (CWE-362, 413)
- Insecure library functions (CWE-327)
- Insecure inter-process communication (CWE-269)
- Weaknesses in authentication (CWE-312)
- Weaknesses in session management (CWE-365)
- Weaknesses in configuration management (CWE-312, 369)
- Weaknesses in data validation (CWE-20, 22, 26, 27, 28, 32, 117)
- Weaknesses in resource management (CWE-400, 401, 415, 416)
- Weaknesses in resource leaks (CWE-401, 415, 416)
- Weaknesses in resource handling (CWE-400, 401, 415, 416)
- Weaknesses in resource management (CWE-400, 401, 415, 416)
- Weaknesses in resource leaks (CWE-401, 415, 416)
- Weaknesses in resource handling (CWE-400, 401, 415, 416)
- Weaknesses in resource management (CWE-400, 401, 415, 416)
- Weaknesses in resource leaks (CWE-401, 415, 416)
- Weaknesses in resource handling (CWE-400, 401, 415, 416)
- Weaknesses in resource management (CWE-400, 401, 415, 416)
- Weaknesses in resource leaks (CWE-401, 415, 416)
- Weaknesses in resource handling (CWE-400, 401, 415, 416)
- Weaknesses in resource management (CWE-400, 401, 415, 416)
- Weaknesses in resource leaks (CWE-401, 415, 416)
- Weaknesses in resource handling (CWE-400, 401, 415, 416)
- Weaknesses in resource management (CWE-400, 401,
For troubleshooting, visit: https://python.langchain.com/docs/troubleshooting/errors/OUTPUT_PARSING_FAILURE , falling back to strict parser
JSON parsing failed: Invalid json output: - Weak encryption (CWE-327)
- Insecure random number generation (CWE-601, 624)
- Insecure string handling (CWE-116, 117)
- Insecure file operations (CWE-361, 362)
- Insecure library usage (CWE-673)
- Insecure resource management (CWE-415, 400)
- Insecure network operations (CWE-311, 330)
- Insecure usage of environment variables (CWE-601)
- Insecure usage of function arguments (CWE-416)
- Insecure usage of external libraries (CWE-673)
- Insecure usage of internal libraries (CWE-496)
- Insecure usage of system calls (CWE-330)
- Insecure usage of system functions (CWE-416)
- Insecure usage of file operations (CWE-361, 362)
- Insecure usage of network operations (CWE-311)
- Insecure usage of environment variables (CWE-601)
- Insecure usage of function arguments (CWE-416)
- Insecure usage of external libraries (CWE-673)
- Insecure usage of internal libraries (CWE-496)
- Insecure usage of system calls (CWE-330)
- Insecure usage of system functions (CWE-416)
- Insecure usage of file operations (CWE-361, 362)
- Insecure usage of network operations (CWE-311)
- Insecure usage of environment variables (CWE-601)
- Insecure usage of function arguments (CWE-416)
- Insecure usage of external libraries (CWE-673)
- Insecure usage of internal libraries (CWE-496)
- Insecure usage of system calls (CWE-330)
- Insecure usage of system functions (CWE-416)
- Insecure usage of file operations (CWE-361, 362)
- Insecure usage of network operations (CWE-311)
- Insecure usage of environment variables (CWE-601)
- Insecure usage of function arguments (CWE-416)
- Insecure usage of external libraries (CWE-673)
- Insecure usage of internal libraries (CWE-496)
- Insecure usage of system calls (CWE-330)
- Insecure usage of system functions (CWE-416)
- Insecure usage of file operations (CWE-361, 362)
- Insecure usage of network
For troubleshooting, visit: https://python.langchain.com/docs/troubleshooting/errors/OUTPUT_PARSING_FAILURE , falling back to strict parser
JSON parsing failed: Invalid json output: - Weak encryption (CWE-261)
- Insecure random usage (CWE-330)
- Integer overflow (CWE-191, CWE-199)
- Race conditions (CWE-362)
- Insecure string handling (CWE-119, CWE-134)
- Weaknesses in API design (CWE-592, CWE-586)
- Insecure file operations (CWE-416)
- Insecure library usage (CWE-673)
- Insecure resource management (CWE-415)
- Insecure network operations (CWE-311)
- Insecure inter-process communication (CPF-135)
- Weaknesses in authentication (CWE-623)
- Weaknesses in session management (CWE-625)
- Weaknesses in configuration management (CWE-652)
- Weaknesses in code quality (CWE-427)
- Weaknesses in resource management (CWE-415)
- Weaknesses in data transformation (CWE-117)
- Weaknesses in file handling (CWE-416)
- Weaknesses in the use of Go's unsafe package (CWE-426)
- Weaknesses in the use of C's goto statement (CWE-625)
- Weaknesses in the use of C's recursive functions (CWE-405)
- Weaknesses in the use of C's static variables (CWE-946)
- Weaknesses in the use of C's variable length arrays (CWE-668)
- Weaknesses in the use of C's pointer arithmetic (CWE-822)
- Weaknesses in the use of C's string functions (CWE-134)
- Weaknesses in the use of C's time functions (CWE-117)
- Weaknesses in the use of C's type conversion (CWE-190)
- Weaknesses in the use of C's type checking (CWE-401)
- Weaknesses in the use of C's undefined behavior (CWE-401)
- Weaknesses in the use of C's union types (CWE-401)
- Weaknesses in the use of C's volatile variables (CWE-401)
- Weaknesses in the use of C's while loops (CWE-401)
- Weaknesses in the use of C's with statements (CWE-401)
- Weaknesses in the use of C's x86 assembly (CWE-401)
- Weak
For troubleshooting, visit: https://python.langchain.com/docs/troubleshooting/errors/OUTPUT_PARSING_FAILURE , falling back to strict parser
JSON parsing failed: Invalid json output: - Weak random number generation (CWE-601)
- Insecure usage of crypto functions (CWE-338)
- Incorrect handling of null values (CWE-476)
- Insecure use of function output (CWE-77)
- Insecure use of file operations (CWE-264)
- Insecure use of shell functions (CWE-327)
- Insecure use of pipe functions (CWE-269)
- Insecure use of socket functions (CFIs like CWE-117, 119, etc.)
- Insecure use of string functions (CWE-116, 119, etc.)
- Insecure use of integer functions (CWE-132, 134, etc.)
- Insecure use of array functions (CWE-166, 190, etc.)
- Insecure use of resource functions (CWE-241, 243)
- Insecure use of pointer functions (CWE-400, 401, etc.)
- Insecure use of race conditions (CWE-362)
- Insecure use of time functions (CWE-367)
- Insecure use of concurrency controls (CWE-362)
- Insecure use of logging functions (CWE-264)
- Insecure use of compression functions (CWE-377)
- Insecure use of hashing functions (CWE-378)
- Insecure use of random number functions (CWE-601)
- Insecure use of file system functions (CWE-264)
- Insecure use of network functions (CWE-117, 119, etc.)
- Insecure use of system calls (CWE-119, 131, etc.)
- Insecure use of signal functions (CWE-399)
- Insecure use of exception handling (CWE-413)
- Insecure use of resource management (CWE-401, 476)
- Insecure use of memory management (CWE-476)
- Insecure use of shared memory (CWE-466)
- Insecure use of locks (CWE-362)
- Insecure use of semaphores (CWE-362)
- Insecure use of timers (CWE-362)
- Insecure use of I/O functions (CWE-264)
- Insecure use of process management functions (CWE-327)
- Insecure use of file operations (CWE-264)
- Insecure use of device drivers (CWE-330)
- Insecure use of platform-specific functions (CWE-327
For troubleshooting, visit: https://python.langchain.com/docs/troubleshooting/errors/OUTPUT_PARSING_FAILURE , falling back to strict parser
JSON parsing failed: Invalid json output: - Weak hashing (CWE-157)
- Insecure random usage (CWE-601)
- Insecure usage of function (CWE-777)
- Incorrect handling of null (CWE-476)
- Incorrect handling of unsigned/signed integers (CWE-655, CWE-190)
- Incorrect use of pointers (CWE-670, CWE-798)
- Incorrect use of shifts (CWE-823)
- Incorrect use of bitwise operations (CWE-823)
- Incorrect use of string functions (CWE-116, CWE-134)
- Incorrect use of file operations (CWE-378)
- Incorrect use of network functions (CWE-397)
- Incorrect use of concurrency (CWE-653)
- Incorrect use of time functions (CWE-366)
- Incorrect use of mathematical functions (CWE-681)
- Incorrect use of bitwise operations (CWE-823)
- Incorrect use of string functions (CWE-116, CWE-134)
- Incorrect use of file operations (CWE-378)
- Incorrect use of network functions (CWE-397)
- Incorrect use of concurrency (CWE-653)
- Incorrect use of time functions (CWE-366)
- Incorrect use of mathematical functions (CWE-681)
- Incorrect use of bitwise operations (CWE-823)
- Incorrect use of string functions (CWE-116, CWE-134)
- Incorrect use of file operations (CWE-378)
- Incorrect use of network functions (CWE-397)
- Incorrect use of concurrency (CWE-653)
- Incorrect use of time functions (CWE-366)
- Incorrect use of mathematical functions (CWE-681)
- Incorrect use of bitwise operations (CWE-823)
- Incorrect use of string functions (CWE-116, CWE-134)
- Incorrect use of file operations (CWE-378)
- Incorrect use of network functions (CWE-397)
- Incorrect use of concurrency (CWE-653)
- Incorrect use of time functions (CWE-366)
- Incorrect use of mathematical functions (CWE-681)
- Incorrect use of bitwise operations (CWE-823)
- Incorrect use of string functions (CWE-116, CWE-134)
- Incorrect use of file operations (CWE-378)
- Incorrect use of network functions (CWE-397)
- Incorrect use of concurrency (CWE-653)
- Incorrect use of time functions (CWE-366)
- Incorrect
For troubleshooting, visit: https://python.langchain.com/docs/troubleshooting/errors/OUTPUT_PARSING_FAILURE , falling back to strict parser
JSON parsing failed: Invalid json output: - Weak encryption (CWE-311)
- Insecure random number generation (CWE-330)
- Integer overflow (CWE-191, CWE-200)
- Missing bounds checking (CWE-823)
- Insecure string handling (CPF-36, but not in standard CWE)
- Weaknesses in BPF verifier (CWE-1003, 1004, 1005, 1006, 1007, 1008, 1009, 1010, 1011, 1012, 1013, 1014, 1015, 1016, 1017, 1018, 1019, 1020, 1021, 1022, 1023, 1024, 1025, 1026, 1027, 1028, 1029, 1030, 1031, 1032, 1033, 1034, 1035, 1036, 1037, 1038, 1039, 1040, 1041, 1042, 1043, 1044, 1045, 1046, 1047, 1048, 1049, 1050, 1051, 1052, 1053, 1054, 1055, 1056, 1057, 1058, 1059, 1060, 1061, 1062, 1063, 1064, 1065, 1066, 1067, 1068, 1069, 1070, 1071, 1072, 1073, 1074, 1075, 1076, 1077, 1078, 1079, 1080, 1081, 1082, 1083, 1084, 1085, 1086, 1087, 1088, 1089, 1090, 1091, 1092, 1093, 1094, 1095, 1096, 1097, 1098, 1099, 1100, 1101, 1102, 1103, 1104, 1105, 1106, 1107, 1108, 1109, 1110, 1111, 1112,
For troubleshooting, visit: https://python.langchain.com/docs/troubleshooting/errors/OUTPUT_PARSING_FAILURE , falling back to strict parser
JSON parsing failed: Invalid json output: - Weak encryption (CWE-261)
- Insecure random number generation (CWE-330)
- Integer overflow (CWE-191, CWE-199)
- Race conditions (CWE-363)
- Missing bounds checking (CWE-401)
- Insecure string handling (CWE-119, CWE-134)
- Weaknesses in expression evaluation (CWE-111, CWE-135)
- Weaknesses in resource management (CWE-400, 415, 416)
- Weaknesses in API design (CWE-484, 494)
- Weaknesses in data validation (CWE-22, 25, 27)
- Weaknesses in file handling (CWE-22, 80)
- Weaknesses in network protocols (CWE-22, 52)
- Weaknesses in resource management (CWE-400, 415, 416)
- Weaknesses in resource leaks (CWE-401)
- Weaknesses in concurrency (CWE-100, 200, 364)
- Weaknesses in containerized environments (CWE-1000)
- Weaknesses in third-party libraries (CWE-118, 117)
- Weaknesses in logging and debugging (CWE-117)
- Weaknesses in configuration management (CWE-312)
- Weaknesses in authentication (CWE-307)
- Weaknesses in authorization (CWE-312)
- Weaknesses in session management (CWE-312)
- Weaknesses in input validation (CWE-20, 190)
- Weaknesses in output validation (CWE-20, 190)
- Weaknesses in expression evaluation (CWE-111, 135)
- Weaknesses in resource management (CWE-400, 415, 416)
- Weaknesses in resource leaks (CWE-401)
- Weaknesses in concurrency (CWE-100, 200, 364)
- Weaknesses in containerized environments (CWE-1000)
- Weaknesses in third-party libraries (CWE-118, 117)
- Weaknesses in logging and debugging (CWE-117)
- Weaknesses in configuration management (CWE-312)
- Weaknesses in authentication (CWE-307)
- Weaknesses in authorization (CWE-312)
- Weaknesses in session management (CWE-312)
-
For troubleshooting, visit: https://python.langchain.com/docs/troubleshooting/errors/OUTPUT_PARSING_FAILURE , falling back to strict parser
2025-10-03 16:36:54,311 - job_deepseek_database_1759521942 - INFO - Task rank_cwe: 160/314 commits processed
JSON parsing failed: Invalid json output: - Weak random number generation (CWE-601)
- Insecure file operations (CWE-22, CWE-798)
- Insecure library usage (CWE-673)
- Insecure inter-process communication (CWE-466)
- Insecure temporary files (CWE-644)
- Insecure usage of crypto functions (CWE-338)
- Insecure usage of realloc (CWE-408)
- Insecure usage of malloc (CWE-400)
- Insecure usage of free (CWE-407)
- Insecure usage of string functions (CWE-116, CWE-117)
- Insecure usage of integer functions (CWE-132)
- Insecure usage of floating point (CWE-193)
- Insecure usage of signed integers (CWE-823)
- Insecure usage of unsigned integers (CWE-824)
- Insecure usage of bitwise operations (CWE-823)
- Insecure usage of goto statements (CWE-561)
- Insecure usage of recursion (CWE-540)
- Insecure usage of external libraries (CWE-673)
- Insecure usage of system calls (CWE-798)
- Insecure usage of signals (CWE-798)
- Insecure usage of timers (CWE-798)
- Insecure usage of network functions (CWE-798)
- Insecure usage of file functions (CWE-798)
- Insecure usage of IPC functions (CWE-798)
- Insecure usage of process functions (CWE-798)
- Insecure usage of thread functions (CWE-798)
- Insecure usage of synchronization primitives (CWE-798)
- Insecure usage of shared memory (CWE-798)
- Insecure usage of memory management functions (CWE-798)
- Insecure usage of I/O functions (CWE-798)
- Insecure usage of mathematical functions (CWE-798)
- Insecure usage of bitwise operations (CWE-823)
- Insecure usage of logical operations (CWE-823)
- Insecure usage of relational operations (CWE-823)
- Insecure usage of arithmetic operations (CWE-823)
- Insecure usage of bitwise operations (CWE-823)
- Insecure usage of memory operations (CWE-823)
- Insecure usage of file operations (CWE-798)
- Insecure usage of socket operations (CWE-798)
- Insecure usage of system calls (CWE
For troubleshooting, visit: https://python.langchain.com/docs/troubleshooting/errors/OUTPUT_PARSING_FAILURE , falling back to strict parser
JSON parsing failed: Invalid json output: - Weak encryption (CWE-261)
- Insecure random number generation (CWE-330)
- Insecure string handling (CWE-119, CWE-131, CWE-134)
- Insecure file operations (CWE-22, CWE-48, CWE-384)
- Insecure library usage (CWE-673, CWE-732)
- Insecure inter-process communication (CWE-466)
- Insecure resource management (CWE-400, CWE-401, CWE-415)
- Insecure temporary files (CWE-330)
- Insecure usage of system functions (CWE-78, CWE-117)
- Insecure usage of environment variables (CWE-601)
- Insecure usage of configuration files (CWE-653)
- Insecure usage of network functions (CWE-311, CWE-414)
- Insecure usage of storage functions (CWE-352, CWE-397)
- Insecure usage of process and thread functions (CWE-416)
- Insecure usage of resource locks (CWE-269)
- Insecure usage of signal functions (CWE-390)
- Insecure usage of time functions (CWE-330)
- Insecure usage of version functions (CWE-434)
- Insecure usage of static data (CWE-601)
- Insecure usage of third-party libraries (CWE-673)
- Insecure usage of user input (CWE-601, CWE-602)
- Insecure usage of file descriptors (CWE-384)
- Insecure usage of shared memory (CWE-416)
- Insecure usage of pipes (CWE-78)
- Insecure usage of sockets (CWE-311)
- Insecure usage of system calls (CWE-78, CWE-117)
- Insecure usage of environment variables (CWE-601)
- Insecure usage of configuration files (CWE-653)
- Insecure usage of network functions (CWE-311, CWE-414)
- Insecure usage of storage functions (CWE-352, CWE-397)
- Insecure usage of process and thread functions (CWE-416)
- Insecure usage of resource locks (CWE-269)
- Insecure usage of signal functions (CWE-390)
- Insecure usage of time functions (CWE-330)
- Insecure usage of version functions (CWE-434)
- Insecure usage of static data (CWE-601)
-
For troubleshooting, visit: https://python.langchain.com/docs/troubleshooting/errors/OUTPUT_PARSING_FAILURE , falling back to strict parser
JSON parsing failed: Invalid json output: - Weak encryption (CWE-311)
- Race conditions (CWE-362)
- Improper handling of nulls (CWE-400)
- Insecure use of random functions (CWE-330)
- Insecure use of temporary files (CWE-644)
- Insecure use of external libraries (CWE-601)
- Insecure use of libraries with known vulnerabilities (CWE-673)
- Insecure use of file operations (CWE-378, CWE-414)
- Insecure use of network functions (CWE-311, CWE-400)
- Insecure use of shell functions (CWE-327)
- Insecure use of environment variables (CWE-601)
- Insecure use of static variables (CWE-414)
- Insecure use of dynamic memory management (CWE-401)
- Insecure use of resource management (CWE-415)
- Insecure use of resource locks (CWE-397)
- Insecure use of resource sharing (CWE-397)
- Insecure use of resource allocation (CWE-416)
- Insecure use of resource deallocation (CWE-401)
- Insecure use of resource handling (CWE-476)
- Insecure use of resource management (CWE-415)
- Insecure use of resource locks (CWE-397)
- Insecure use of resource sharing (CWE-397)
- Insecure use of resource allocation (CWE-416)
- Insecure use of resource deallocation (CWE-401)
- Insecure use of resource handling (CWE-476)
- Insecure use of resource management (CWE-415)
- Insecure use of resource locks (CWE-397)
- Insecure use of resource sharing (CWE-397)
- Insecure use of resource allocation (CWE-416)
- Insecure use of resource deallocation (CWE-401)
- Insecure use of resource handling (CWE-476)
- Insecure use of resource management (CWE-415)
- Insecure use of resource locks (CWE-397)
- Insecure use of resource sharing (CWE-397)
- Insecure use of resource allocation (CWE-416)
- Insecure use of resource deallocation (CWE-401)
- Insecure use of resource handling (CWE-476)
- Insecure use of resource management (CWE-415)
- Insecure use of resource locks (CWE-
For troubleshooting, visit: https://python.langchain.com/docs/troubleshooting/errors/OUTPUT_PARSING_FAILURE , falling back to strict parser
JSON parsing failed: Invalid json output: - Race conditions (CWE-362)
- Weak encryption (CWE-261)
- Insecure random number generation (CWE-327)
- Insecure string handling (CWE-119, etc.)
- Resource management issues (CWE-400, 401, 415)
- Improper error handling (CWE-100, 101, 103)
- Insecure file operations (CWE-361)
- Insecure library usage (CWE-327)
- Insecure inter-process communication (CWE-269)
- Insecure kernel pointers (CWE-824)
- Insecure temporary files (CWE-570)
- Insecure use of function pointers (CWE-416)
- Insecure use of dynamic languages (CWE-327)
- Insecure use of container functions (CWE-131)
- Insecure use of shell functions (CWE-327)
- Insecure use of system calls (CWE-327)
- Insecure use of network functions (CWE-327)
- Insecure use of compression functions (CWE-327)
- Insecure use of cryptographic functions (CWE-327)
- Insecure use of logging functions (CWE-327)
- Insecure use of signal handling (CWE-327)
- Insecure use of concurrency primitives (CWE-327)
- Insecure use of resource locks (CWE-327)
- Insecure use of synchronization primitives (CWE-327)
- Insecure use of atomic operations (CWE-327)
- Insecure use of memory management primitives (CWE-327)
- Insecure use of file system operations (CWE-361)
- Insecure use of device operations (CWE-361)
- Insecure use of inter-process communication (CWE-269)
- Insecure use of shared memory (CWE-269)
- Insecure use of pipes (CWE-269)
- Insecure use of sockets (CWE-269)
- Insecure use of semaphores (CWE-269)
- Insecure use of message queues (CWE-269)
- Insecure use of timers (CWE-269)
- Insecure use of event loops (CWE-269)
- Insecure use of I/O callbacks (CWE-269)
- Insecure use of task management (CWE-269)
- Insecure use of resource limits (CWE-269)
- Insecure use of file descriptors (CWE-269)
-
For troubleshooting, visit: https://python.langchain.com/docs/troubleshooting/errors/OUTPUT_PARSING_FAILURE , falling back to strict parser
JSON parsing failed: Invalid json output: - Weak encryption (CWE-311)
- Insecure random number generation (CWE-330)
- Integer overflow (CWE-191, CWE-199)
- Race conditions (CWE-364)
- Insecure string handling (CWE-104, 131, 134)
- Weaknesses in key management (CWE-653, 655, 656)
- Insecure file operations (CWE-416)
- Insecure library usage (CWE-673)
- Insecure resource management (CWE-401)
- Insecure network operations (CWE-311)
- Insecure inter-process communication (CWE-397)
- Insecure temporary files (CWE-330)
- Insecure usage of crypto functions (CWE-653)
- Insecure usage of realloc (CWE-119)
- Insecure usage of functions with unsafe conversions (CWE-134)
- Insecure usage of functions with unsafe parameter validation (CWE-190)
- Insecure usage of functions with unsafe string handling (CWE-104)
- Insecure usage of functions with unsafe integer operations (CWE-191)
- Insecure usage of functions with unsafe bitwise operations (CWE-131)
- Insecure usage of functions with unsafe memory operations (CWE-476)
- Insecure usage of functions with unsafe file operations (CWE-416)
- Insecure usage of functions with unsafe network operations (CWE-311)
- Insecure usage of functions with unsafe process operations (CWE-397)
- Insecure usage of functions with unsafe resource management (CWE-401)
- Insecure usage of functions with unsafe temporal operations (CWE-330)
- Insecure usage of functions with unsafe logging operations (CWE-132)
- Insecure usage of functions with unsafe signal handling (CWE-413)
- Insecure usage of functions with unsafe exception handling (CWE-413)
- Insecure usage of functions with unsafe concurrency (CWE-413)
- Insecure usage of functions with unsafe synchronization (CWE-413)
- Insecure usage of functions with unsafe memory management (CWE-476)
- Insecure usage of functions with unsafe file management (CWE-416)
- Insecure usage of functions with unsafe network management (CWE-311)
- Insecure usage of functions with unsafe process management (CWE-397)
- Insecure usage of functions with unsafe resource management (CWE-401)
- Insecure usage of functions with unsafe
For troubleshooting, visit: https://python.langchain.com/docs/troubleshooting/errors/OUTPUT_PARSING_FAILURE , falling back to strict parser
JSON parsing failed: Invalid json output: - Weak encryption (CWE-311)
- Insecure random number generation (CWE-330)
- Insecure string handling (CWE-131, CWE-134)
- Insecure file operations (CWE-48, CWE-384)
- Insecure use of function (CWE-587)
- Insecure use of external libraries (CWE-601)
- Insecure use of system (CWE-607)
- Insecure use of network (CWE-311, CWE-618)
- Insecure use of cryptography (CWE-333)
- Insecure use of storage (CWE-798)
- Insecure use of container (CWE-1311)
- Insecure use of logging (CWE-132)
- Insecure use of concurrency (CWE-653)
- Insecure use of resource management (CWE-664)
- Insecure use of resource locks (CWE-665)
- Insecure use of resource sharing (CWE-666)
- Insecure use of resource access (CWE-667)
- Insecure use of resource allocation (CWE-668)
- Insecure use of resource handling (CWE-669)
- Insecure use of resource management (CWE-664)
- Insecure use of resource locks (CWE-665)
- Insecure use of resource sharing (CWE-666)
- Insecure use of resource access (CWE-667)
- Insecure use of resource allocation (CWE-668)
- Insecure use of resource handling (CWE-669)
- Insecure use of resource management (CWE-664)
- Insecure use of resource locks (CWE-665)
- Insecure use of resource sharing (CWE-666)
- Insecure use of resource access (CWE-667)
- Insecure use of resource allocation (CWE-668)
- Insecure use of resource handling (CWE-669)
- Insecure use of resource management (CWE-664)
- Insecure use of resource locks (CWE-665)
- Insecure use of resource sharing (CWE-666)
- Insecure use of resource access (CWE-667)
- Insecure use of resource allocation (CWE-668)
- Insecure use of resource handling (CWE-669)
- Insecure use of resource management (CWE-664)
- Insecure use of resource locks (CWE-665)
- Insecure use of resource sharing (C
For troubleshooting, visit: https://python.langchain.com/docs/troubleshooting/errors/OUTPUT_PARSING_FAILURE , falling back to strict parser
JSON parsing failed: Invalid json output: - Weak random number generation (CWE-601)
- Insecure use of crypto (CWE-338)
- Insecure use of function (CWE-587)
- Insecure use of storage (CW-)
- etc.

First, I'll analyze the code step by step.

Looking at the function `bpf_int_jit_compile`, it's part of the BPF JIT compiler. The function seems to handle compiling BPF programs into native code for execution.

First, I notice that the function uses a loop where `proglen` is incremented by 64 each time. The loop runs from 0 to `prog->len`, and `proglen` is assigned to `addrs[i]`. This could be problematic if `prog->len` is not a multiple of 64, but since `proglen` is incremented by 64 each time, it's possible that the loop may not cover all bytes of the program. However, I'm not sure if this is a vulnerability or just a code quirk.

Next, the function has a `pass` loop that runs up to 10 times. In each pass, it calls `do_jit`, which probably compiles a portion of the BPF program. If `do_jit` returns a `proglen` that's less than or equal to zero, the function frees resources and returns. Otherwise, it proceeds.

In the case where `proglen` equals `oldproglen`, the function allocates a header and image. If this allocation fails, it goes to the `out` label and returns. Otherwise, it sets `oldproglen` to `proglen` and continues.

After the loop, if `bpf_jit_enable` is greater than 1, it dumps the program. Then, it flushes the cache, sets memory as read-only, and assigns the compiled image to `prog->bpf_func`.

Looking for potential issues:

1. **Memory Allocation Issues**: The function uses `kmalloc` to allocate `addrs`, but if `prog->len` is large, this could cause memory issues. However, since `addrs` is a pointer to an array of integers, and the code uses `prog->len * sizeof(*addrs)`, it's possible that this could lead to memory exhaustion if `prog->len` is very large. But without knowing the context, it's hard to say if this is a vulnerability.

2. **Buffer Overflows**: The code uses `add
For troubleshooting, visit: https://python.langchain.com/docs/troubleshooting/errors/OUTPUT_PARSING_FAILURE , falling back to strict parser
JSON parsing failed: Invalid json output: - Weak encryption (CWE-261)
- Insecure random number generation (CWE-330)
- Insecure string handling (CWE-131, CWE-134)
- Insecure file operations (CWE-48, CWE-49)
- Insecure library usage (CWE-673, CWE-676)
- Insecure inter-process communication (CWE-118)
- Insecure resource management (CWE-415, CWE-413)
- Insecure usage of system functions (CWE-601, CWE-602)
- Insecure temporary files (CWE-644)
- Insecure file descriptors (CWE-269)
- Insecure network operations (CWE-311)
- Insecure usage of crypto functions (CWE-653)
- Insecure usage of container functions (CWE-1311)
- Insecure usage of Go functions (C.g. unsafe.Pointer)
- Insecure usage of C functions (C.g. memcpy, strcmp)
- Insecure usage of system calls (CWE-377)
- Insecure usage of environment variables (CWE-601)
- Insecure usage of signal handling (CWE-116)
- Insecure usage of concurrency primitives (CWE-653)
- Insecure usage of resource locks (CWE-653)
- Insecure usage of shared memory (CWE-653)
- Insecure usage of IPC (CWE-653)
- Insecure usage of pipes (CWE-653)
- Insecure usage of sockets (CWE-653)
- Insecure usage of file operations (CWE-653)
- Insecure usage of system calls (CWE-653)
- Insecure usage of library functions (CWE-653)
- Insecure usage of user-space memory (CWE-653)
- Insecure usage of kernel pointers (CWE-653)
- Insecure usage of dynamic memory management (CWE-653)
- Insecure usage of static data (CWE-653)
- Insecure usage of recursion (CWE-653)
- Insecure usage of iteration (CWE-653)
- Insecure usage of exception handling (CWE-653)
- Insecure usage of resource allocation (CWE-653)
- Insecure usage of resource deallocation (CWE-653)
- Insecure usage of resource sharing (CWE-653)
- Insecure usage of resource locks (CWE-653)
- Insecure usage of thread safety (CWE-653)
- Insecure
For troubleshooting, visit: https://python.langchain.com/docs/troubleshooting/errors/OUTPUT_PARSING_FAILURE , falling back to strict parser
JSON parsing failed: Invalid json output: - Weak encryption (CWE-601)
- Insecure random number generation (CWE-601)
- Insecure usage of function (CWE-777)
- Incorrect handling of pointers (CWE-670, 671, 672)
- Incorrect handling of NULL (CWE-798)
- Incorrect handling of unsigned vs signed integers (CWE-655)
- Incorrect handling of string lengths (CWE-131)
- Incorrect handling of loop conditions (CWE-653)
- Incorrect handling of resource limits (CWE-400)
- Incorrect handling of file descriptors (CWE-269)
- Incorrect handling of network protocols (CWE-117)
- Incorrect handling of timestamps (CWE-117)
- Incorrect handling of version checks (CWE-601)
- Incorrect handling of configuration parameters (CWE-601)
- Incorrect handling of cryptographic checks (CWE-601)
- Incorrect handling of error codes (CWE-601)
- Incorrect handling of exit conditions (CWE-653)
- Incorrect handling of loop variables (CWE-653)
- Incorrect handling of resource allocation (CWE-400)
- Incorrect handling of resource limits (CWE-400)
- Incorrect handling of buffer sizes (CWE-119)
- Incorrect handling of buffer overflow (CWE-119)
- Incorrect handling of memory (CWE-476)
- Incorrect handling of memory allocation (CWE-476)
- Incorrect handling of memory leaks (CWE-401)
- Incorrect handling of memory management (CWE-476)
- Incorrect handling of shared memory (CWE-476)
- Incorrect handling of uninitialized memory (CWE-401)
- Incorrect handling of variable scope (CWE-601)
- Incorrect handling of variable types (CWE-601)
- Incorrect handling of integer overflow (CWE-655)
- Incorrect handling of integer underflow (CWE-655)
- Incorrect handling of arithmetic operations (CWE-655)
- Incorrect handling of bitwise operations (CWE-655)
- Incorrect handling of shifts (CWE-655)
- Incorrect handling of comparisons (CWE-655)
- Incorrect handling of logical operations (CWE-655)
- Incorrect handling of string operations (CWE-131)
- Incorrect handling of file operations (CWE-269)
- Incorrect handling of socket operations (CWE-117)
- Incorrect handling of network protocols (CWE-117)
- Incorrect handling of protocol parsing (CWE-117)
- Incorrect handling of protocol version checks (
For troubleshooting, visit: https://python.langchain.com/docs/troubleshooting/errors/OUTPUT_PARSING_FAILURE , falling back to strict parser
JSON parsing failed: Invalid json output: - Weak encryption (CWE-261)
- Insecure random usage (CWE-330)
- Integer overflow (CWE-191, CWE-199)
- Race conditions (CWE-362)
- Missing bounds checking (CWE-801)
- Insecure string handling (CWE-119, CWE-134)
- Weak hashing (CWE-259)
- Insecure file operations (CWE-416)
- Insecure library usage (CWE-673)
- Insecure network operations (CWE-311)
- Insecure resource management (CWE-415)
- Insecure usage of function (CWE-416)
- Insecure usage of variable (CWE-400)
- Insecure usage of constant (CWE-401)
- Insecure usage of pointer (CWE-823)
- Insecure usage of integer (CWE-484)
- Insecure usage of loop (CWE-601)
- Insecure usage of conditional (CWE-601)
- Insecure usage of string (CWE-134)
- Insecure usage of file (CWE-416)
- Insecure usage of network (CWE-311)
- Insecure usage of system (CPF: CWE-416)
- Insecure usage of process (CWE-416)
- Insecure usage of resource (CWE-415)
- Insecure usage of time (CWE-601)
- Insecure usage of memory (CWE-476)
- Insecure usage of data format (CWE-601)
- Insecure usage of code (CWE-416)
- Insecure usage of state (CWE-601)
- Insecure usage of exception (CWE-476)
- Insecure usage of exception handler (CWE-476)
- Insecure usage of signal (CWE-476)
- Insecure usage of interrupt (CWE-476)
- Insecure usage of concurrency (CWE-476)
- Insecure usage of synchronization (CWE-476)
- Insecure usage of locking (CWE-476)
- Insecure usage of thread (CWE-476)
- Insecure usage of process (CWE-416)
- Insecure usage of resource management (CWE-415)
- Insecure usage of data structure (CWE-601)
- Insecure usage of collection (CWE-601)
- Insecure usage of container (CWE-601)
- Insecure usage of algorithm (CWE-601)
- In
For troubleshooting, visit: https://python.langchain.com/docs/troubleshooting/errors/OUTPUT_PARSING_FAILURE , falling back to strict parser
2025-10-03 16:38:51,521 - job_deepseek_database_1759521942 - INFO - Task rank_cwe: 170/314 commits processed
JSON parsing failed: Invalid json output: - Weak encryption (CWE-257)
- Insecure random number generation (CWE-330)
- Integer overflow (CWE-191, CWE-199)
- Missing bounds checking (CWE-657)
- Insecure string handling (CWE-116, 117, 118)
- Weaknesses in API design (CWE-592)
- Weaknesses in resource management (CWE-415)
- Weaknesses in data validation (CWE-5)
- Weaknesses in file handling (CWE-269)
- Weaknesses in network handling (CWE-395)
- Weaknesses in the use of Go's unsafe pointer (CWE-426)
- Weaknesses in the use of C's goto statement (CWE-561)
- Weaknesses in the use of C's recursive functions (CWE-540)
- Weaknesses in the use of C's static variables (CWE-550)
- Weaknesses in the use of C's variable length arrays (CWE-599)
- Weaknesses in the use of C's while loops (CWE-561)
- Weaknesses in the use of C's for loops (CWE-561)
- Weaknesses in the use of C's function pointers (CWE-570)
- Weaknesses in the use of C's string pointers (CWE-571)
- Weaknesses in the use of C's memory management (CWE-562)
- Weaknesses in the use of C's integer overflow (CWE-191, 199)
- Weaknesses in the use of C's signed/unsigned mismatch (CWE-571)
- Weaknesses in the use of C's bitwise operations (CWE-570)
- Weaknesses in the use of C's division (CWE-570)
- Weaknesses in the use of C's modulo operations (CWE-570)
- Weaknesses in the use of C's shifts (CWE-570)
- Weaknesses in the use of C's comparisons (CWE-570)
- Weaknesses in the use of C's conditionals (CWE-570)
- Weaknesses in the use of C's concurrency (CWE-570)
- Weaknesses in the use of C's exception handling (CWE-570)
- Weaknesses in the use of C's dynamic memory management (CWE-570)
- Weaknesses in
For troubleshooting, visit: https://python.langchain.com/docs/troubleshooting/errors/OUTPUT_PARSING_FAILURE , falling back to strict parser
JSON parsing failed: Invalid json output: - Weak random number generation (CWE-601)
- Insecure use of crypto (CWE-338, CWE-326)
- Integer overflow (CWE-191, CWE-199)
- Insecure use of public keys (CWE-653)
- Insecure use of temporary files (CWE-644)
- Insecure use of fork (CWE-670)
- Insecure use of shared memory (CWE-498)
- Insecure use of pipes (CWE-496)
- Insecure use of signals (CWE-613)
- Insecure use of system calls (CWE-416, etc.)
- Insecure use of static data (CWE-805)
- Insecure use of dynamic data (CWE-807)
- Insecure use of resource locks (CWE-653)
- Insecure use of resource pools (CWE-653)
- Insecure use of resource sharing (CWE-653)
- Insecure use of resource management (CWE-653)
- Insecure use of resource allocation (CWE-653)
- Insecure use of resource handling (CWE-653)
- Insecure use of resource locks (CWE-653)
- Insecure use of resource pools (CWE-653)
- Insecure use of resource sharing (CWE-653)
- In CWE-653, which is about using public keys insecurely.

Looking at the code, I don't see any obvious buffer overflows or memory issues. The code is dealing with TCP congestion window and packet handling. So, the main areas to look for are related to integer handling, possible overflows, or incorrect calculations that could lead to resource leaks or incorrect behavior.

Looking at the variables:

- delta is calculated as tp->snd_ssthresh - tcp_packets_in_flight(tp). Both are integers, so if they are large, delta could be a negative number, but in the code, it's handled with a condition.

- dividend is a u64, which is 64-bit. Then, it's divided by tp->prior_cwnd, which is an integer. So, if prior_cwnd is zero, this could cause a division by zero, but in the code, prior_cwnd is probably never zero because it's a window size.

- The code uses min and max functions, which could potentially cause integer overflows if the values are too large. For example, if delta is a large negative number, and prior_cwnd is small, the dividend could be
For troubleshooting, visit: https://python.langchain.com/docs/troubleshooting/errors/OUTPUT_PARSING_FAILURE , falling back to strict parser
JSON parsing failed: Invalid json output: - Weak encryption (CWE-311)
- Insecure random number generation (CWE-330)
- Integer overflow (CWE-191, CWE-199)
- Race conditions (CWE-362)
- Insecure string handling (CWE-104, CWE-119)
- Weaknesses in resource management (CWE-400, 401, 476)
- Insecure API usage (CWE-222)
- Insecure file operations (CWE-416)
- Insecure library usage (CWE-496)
- Insecure inter-process communication (CWP-361)
- Weaknesses in authentication (CWE-623, 624)
- Weaknesses in session management (CWE-639)
- Weaknesses in configuration management (CWE-540)
- Weaknesses in data validation (CWE-570)
- Weaknesses in resource leaks (CWE-401)
- Weaknesses in resource management (CWE-400, 401, 476)
- Weaknesses in resource handling (CWE-400, 401, 476)
- Weaknesses in resource allocation (CWE-400, 401, 476)

Now, let's analyze the code step by step.

The function `xt_alloc_table_info` is responsible for allocating memory for a table info structure. It takes an unsigned int `size` as input.

First, it calculates `sz` as the size of the `struct xt_table_info` plus the given `size`. Then, it checks if the required memory exceeds `totalram_pages` adjusted for alignment. If so, it returns `NULL`.

Next, it checks if `sz` is less than or equal to `(PAGE_SIZE << PAGE_ALLOC_COSTLY_ORDER)`. If true, it uses `kmalloc` to allocate memory. If `kmalloc` fails, it tries `vmalloc`. If both fail, it returns `NULL`.

Finally, it initializes the memory with `memset` and sets the `size` field.

Potential issues:

1. **Memory Allocation Issues**: The function uses both `kmalloc` and `vmalloc`, which can lead to memory management problems if not handled correctly. For example, if `kmalloc` fails, it falls back to `vmalloc`, but if `vmalloc` also fails, it returns `NULL`. This could lead to memory leaks or crashes if the function is called in a context where memory allocation is critical.

2. **Memory Leak**: If the
For troubleshooting, visit: https://python.langchain.com/docs/troubleshooting/errors/OUTPUT_PARSING_FAILURE , falling back to strict parser
JSON parsing failed: Invalid json output: - Weak encryption (CWE-311)
- Insecure random number generation (CWE-330)
- Integer overflow (CWE-191, CWE-199)
- Race conditions (CWE-363)
- Weaknesses in API design (CWE-592)
- Insecure string handling (CWE-104, 119, 131)
- Weaknesses in authentication (CWE-307, 312, 614)
- Weaknesses in resource management (CWE-400, 401, 415)
- Weaknesses in resource abstraction (CWE-369)
- Weaknesses in concurrency (CWE-367, 382)
- Weaknesses in containerized environments (CWE-1172)
- Weaknesses in network protocols (CWE-16, 19, 22, 36, 52, 53, 117, 118, 119, 122, 123, 124, 130, 131, 132, 133, 134, 135, 136, 137, 138, 139, 140, 142, 143, 144, 145, 146, 147, 148, 149, 150, 151, 152, 153, 154, 155, 156, 157, 158, 159, 160, 161, 162, 163, 164, 165, 166, 167, 168, 169, 170, 171, 172, 173, 174, 175, 176, 177, 178, 179, 180, 181, 182, 183, 184, 185, 186, 187, 188, 189, 190, 191, 192, 193, 194, 195, 196, 197, 198, 199, 200, 201, 202, 203, 204, 205, 206, 207, 208, 209, 210, 211, 212, 213, 214, 215, 216, 217, 218, 219, 220, 221, 222, 223, 224, 225, 226, 227, 228, 229, 230, 231, 232, 233, 234,
For troubleshooting, visit: https://python.langchain.com/docs/troubleshooting/errors/OUTPUT_PARSING_FAILURE , falling back to strict parser
JSON parsing failed: Invalid json output: - Weak encryption (CWE-257)
- Insecure random number generation (CWE-330)
- Integer overflow (CWE-191, CWE-199)
- Race conditions (CWE-362)
- Insecure string handling (CWE-119, CWE-134)
- Weaknesses in resource management (CWE-400, 415)
- Insecure file operations (CWE-22, 798)
- Insecure use of function (CWE-587)
- Insecure use of dynamic languages (CWE-804)
- Insecure use of libraries (CWE-732)
- Insecure use of network functions (CWE-311, 414)
- Insecure use of environment variables (CWE-601)
- Insecure use of logging (CWE-264)
- Insecure use of storage (CFS-001, etc.)
- Insecure use of cryptographic functions (CWE-327)
- Insecure use of resource locks (CWE-119, 653)
- Insecure use of resource allocation (CWE-400)
- Insecure use of resource management (CWE-415)
- Insecure use of resource sharing (CWE-399)
- Insecure use of resource descriptors (CWE-680)
- Insecure use of resource limits (CWE-400)
- Insecure use of resource handling (CWE-400)
- Insecure use of resource locks (CWE-653)
- Insecure use of resource allocation (CWE-400)
- Insecure use of resource management (CWE-415)
- Insecure use of resource sharing (CWE-399)
- Insecure use of resource descriptors (CWE-680)
- Insecure use of resource limits (CWE-400)
- Insecure use of resource handling (CWE-400)
- Insecure use of resource locks (CWE-653)
- Insecure use of resource allocation (CWE-400)
- Insecure use of resource management (CWE-415)
- Insecure use of resource sharing (CWE-399)
- Insecure use of resource descriptors (CWE-680)
- Insecure use of resource limits (CWE-400)
- Insecure use of resource handling (CWE-400)
- Insecure use of resource locks (CWE-653)
- Insecure use of resource allocation (CWE-400)
- Insecure use of resource management (CWE-415)
- Insecure use
For troubleshooting, visit: https://python.langchain.com/docs/troubleshooting/errors/OUTPUT_PARSING_FAILURE , falling back to strict parser
JSON parsing failed: Invalid json output: - Weak encryption (CWE-311)
- Insecure random number generation (CWE-330)
- Integer overflow (CWE-191, CWE-199)
- Race conditions (CWE-362)
- Weaknesses in API usage (CWE-129, CWE-141)
- Insecure temporary files (CWE-644)
- Insecure file operations (CWE-416)
- Insecure library usage (CWE-673)
- Insecure inter-process communication (CWE-269)
- Weaknesses in authentication (CWE-307)
- Weaknesses in session management (CWE-365)
- Weaknesses in configuration management (CWE-312)
- Weaknesses in resource management (CWE-400)
- Weaknesses in data validation (CWE-22, etc.)
- Weaknesses in file handling (CWE-416)
- Weaknesses in network code (CWE-311, etc.)

Looking at the code, I need to find potential vulnerabilities.

First, I'll look for buffer overflows. The function has several places where data is copied or processed. For example, the mmsg and compat_entry variables are used in loops, but I don't see any obvious buffer overflows here.

Next, memory issues. The code uses dynamic memory for structures like mmsghdr and msghdr. However, I don't see any direct memory management issues like incorrect freeing or overruns.

Looking at input validation. The function processes flags and timeouts, but I don't see any obvious checks for invalid inputs. For instance, the flags parameter is used with bitwise operations, but there's no validation to ensure they are within expected ranges.

Information exposure might be a concern if data is being sent or processed without proper checks. For example, the function handles datagrams and messages, but I'm not sure if there's any exposure here.

Injection flaws could be present if user input is used in a way that allows arbitrary commands or paths. The code uses flags and mmsg, but I don't see direct injection points.

Path traversal is unlikely here since the code is dealing with socket operations rather than file paths.

CSRF is probably not an issue since there's no user interface.

Deserialization vulnerabilities are possible if the code processes untrusted data that's deserialized. The mmsg and compat_entry structures might be deserialized, but without knowing the context, it's hard to say.

Weak encryption is not evident in the code.

Insecure random number
For troubleshooting, visit: https://python.langchain.com/docs/troubleshooting/errors/OUTPUT_PARSING_FAILURE , falling back to strict parser
JSON parsing failed: Invalid json output: - Weak hashing (CWE-157)
- Insecure random number generation (CWE-601)
- Insecure usage of function (CWE-777)
- Incorrect handling of null (CWE-476)
- Incorrect handling of unsigned vs signed integers (CWE-655)
- Use of dangerous functions (CWE-327)
- Use of uninitialized variables (CWE-400)
- Incorrect handling of error states (CWE-758)
- Incorrect handling of return values (CWE-823)
- Use of incorrect types (CWE-682)
- Use of a function that returns the wrong type (CWE-717)
- Use of a function that returns the correct type (CWE-688)
- Incorrect handling of pointers (CWE-798)
- Use of a pointer that may be null (CWE-798)
- Use of a pointer that may be out of bounds (CWE-798)
- Use of a pointer that may be invalid (CWE-798)
- Use of a pointer that may be wild (CWE-798)
- Use of a function that may return a null pointer (CWE-798)
- Use of a function that may return an invalid pointer (CWE-798)
- Use of a function that may return an out-of-bounds pointer (CWE-798)
- Use of a function that may return an invalid pointer (CWE-798)
- Use of a function that may return an out-of-bounds pointer (CWE-798)
- Use of a function that may return a null pointer (CWE-798)
- Use of a function that may return an invalid pointer (CWE-798)
- Use of a function that may return an out-of-bounds pointer (CWE-798)
- Use of a function that may return a null pointer (CWE-798)
- Use of a function that may return an invalid pointer (CWE-798)
- Use of a function that may return an out-of-bounds pointer (CWE-798)
- Use of a function that may return a null pointer (CWE-798)
- Use of a function that may return an invalid pointer (CWE-798)
- Use of a function that may return an out-of-bounds pointer (CWE-798)
- Use of a function that may return a null pointer (CWE-798)
- Use of a function that may return an invalid pointer (CWE-798)
- Use of a function
For troubleshooting, visit: https://python.langchain.com/docs/troubleshooting/errors/OUTPUT_PARSING_FAILURE , falling back to strict parser
JSON parsing failed: Invalid json output: - Race conditions (CWE-362)
- Weak random number generation (CWE-601)
- Insecure use of crypto (CWE-653)
- Insecure use of compression (CWE-754)
- Insecure use of MMU (CWE-807)
- Insecure use of shared memory (CWE-823)
- Insecure use of containers (CWE-841)
- Insecure use of network functions (CWE-927)
- Insecure use of file operations (CWE-948)
- Insecure use of library functions (CWE-1074)
- Insecure use of resource management (CWE-908)
- Insecure use of resource locks (CWE-919)
- Insecure use of resource pools (CWE-983)
- Insecure use of resource sharing (CWE-990)
- Insecure use of resource allocation (CWE-416)
- Insecure use of resource handling (CWE-908)
- Insecure use of resource locks (CWE-919)
- Insecure use of resource pools (CWE-983)
- Insecure use of resource sharing (CWE-990)
- Insecure use of resource allocation (CWE-416)
- Insecure use of resource handling (CWE-908)
- Insecure use of resource locks (CWE-919)
- Insecure use of resource pools (CWE-983)
- Insecure use of resource sharing (CWE-990)
- Insecure use of resource allocation (CWE-416)
- Insecure use of resource handling (CWE-908)
- Insecure use of resource locks (CWE-919)
- Insecure use of resource pools (CWE-983)
- Insecure use of resource sharing (CWE-990)
- Insecure use of resource allocation (CWE-416)
- Insecure use of resource handling (CWE-908)
- Insecure use of resource locks (CWE-919)
- Insecure use of resource pools (CWE-983)
- Insecure use of resource sharing (CWE-990)
- Insecure use of resource allocation (CWE-416)
- Insecure use of resource handling (CWE-908)
- Insecure use of resource locks (CWE-919)
- Insecure use of resource pools (CWE-983)
- Insecure use of resource sharing (CWE-990)
- Insecure use of resource allocation (CWE-416)
For troubleshooting, visit: https://python.langchain.com/docs/troubleshooting/errors/OUTPUT_PARSING_FAILURE , falling back to strict parser
JSON parsing failed: Invalid json output: - Weak encryption (CWE-311)
- Insecure random number generation (CWE-330)
- Insecure string handling (CWE-131, CWE-134)
- Insecure file operations (CWE-416)
- Insecure library usage (CWE-673)
- Insecure resource management (CWE-415, CWE-400)
- Insecure network operations (CWE-311)
- Insecure usage of system functions (CWE-327)
- Insecure usage of external libraries (CWE-673)
- Insecure usage of configuration (CWE-312)
- Insecure usage of environment variables (CWE-312)
- Insecure usage of static data (CWE-327)
- Insecure usage of dynamic data (CWE-327)
- Insecure usage of file descriptors (CWE-400)
- Insecure usage of locks (CWE-400)
- Insecure usage of shared memory (CWE-400)
- Insecure usage of pipes (CWE-400)
- Insecure usage of signals (CWE-400)
- Insecure usage of sockets (CFE-40, but not in the standard list)
- Insecure usage of timers (CWE-400)
- Insecure usage of threads (CWE-400)
- Insecure usage of processes (CWE-400)
- Insecure usage of system calls (CWE-400)
- Insecure usage of environment variables (CWE-312)
- Insecure usage of user input (CWE-20, 190)
- Insecure usage of command-line arguments (CWE-20, 190)
- Insecure usage of file paths (CWE-22)
- Insecure usage of file names (CWE-22)
- Insecure usage of URLs (CWE-352)
- Insecure usage of IP addresses (CWE-352)
- Insecure usage of MAC addresses (CWE-352)
- Insecure usage of cookies (CWE-352)
- Insecure usage of headers (CWE-352)
- Insecure usage of query parameters (CWE-352)
- Insecure usage of form fields (CWE-352)
- Insecure usage of command-line arguments (CWE-20, 190)
- Insecure usage of environment variables (CWE-312)
- Insecure usage of user input (CWE-20, 190)
- Insecure usage of file operations (CWE-416)
- In
For troubleshooting, visit: https://python.langchain.com/docs/troubleshooting/errors/OUTPUT_PARSING_FAILURE , falling back to strict parser
JSON parsing failed: Invalid json output: - Weak encryption (CWE-311)
- Insecure random number generation (CWE-330)
- Integer overflow (CWE-191, CWE-199)
- Insecure string handling (CWE-104, CWE-119)
- Missing validation (CWE-269)
- Insecure API (CWE-227)
- Weak authentication (CWE-623)
- Insecure file operations (CWE-416)
- Insecure library usage (CWE-732)
- Insecure resource management (CWE-415)
- Insecure network operations (CFS- ???)

Looking at the code, the function `conn_info_min_age_set` takes a `u64` value as input. It checks if `val` is 0 or greater than `hdev->conn_info_max_age`. If so, it returns `-EINVAL`. Otherwise, it sets `hdev->conn_info_min_age` to `val` and returns 0.

Potential issues:

1. **Integer Overflow**: The `val` is of type `u64`, but in some systems, `u64` might not be able to hold very large values, leading to integer overflow. However, in this case, since `val` is compared against `hdev->conn_info_max_age`, which is also a `u64`, it's unclear if this is a problem unless the maximum allowed age is larger than what `u64` can hold. But `u64` is typically 64-bit, which is common in most systems, so this might not be a concern here.

2. **Input Validation**: The function checks if `val` is within the allowed range. If not, it returns `-EINVAL`. However, the function doesn't check for negative values beyond 0. For example, if `val` is negative, it would be allowed if it's not 0. But since `val` is a `u64`, it can't be negative, so this might not be an issue.

3. **Insecure API**: The function allows setting `conn_info_min_age` to any value within the allowed range. If this value is exposed elsewhere, it could lead to information exposure or other issues. However, the function itself doesn't seem to expose any sensitive data, so this might not be the primary concern.

4. **Missing Validation**: The function only checks if `val` is 0 or exceeds `conn_info_max_age`. It doesn't check for other invalid inputs, such as negative values or
For troubleshooting, visit: https://python.langchain.com/docs/troubleshooting/errors/OUTPUT_PARSING_FAILURE , falling back to strict parser
2025-10-03 16:40:59,453 - job_deepseek_database_1759521942 - INFO - Task rank_cwe: 180/314 commits processed
JSON parsing failed: Invalid json output: - Weak encryption (CWE-261)
- Insecure random number generation (CWE-330)
- Race conditions (CWE-362)
- Missing validation (CWE-907)
- Insecure use of function (CWE-416, etc.)
- Incorrect handling of null (CWE-400)
- Insecure string handling (CWE-117, etc.)

Now, let's analyze the code step by step.

Looking at the function `max_vclocks_store`, which is a writeable sysfs attribute. It's supposed to set the maximum number of vclocks.

First, the function starts by checking if `kstrtou32(buf, 0, &max)` is successful or if `max` is zero. If so, returns -EINVAL. So, this is input validation, checking that the input is a valid unsigned 32-bit integer and not zero. This is good, but could be a place for injection if the input isn't properly validated.

Next, it checks if `max` equals `ptp->max_vclocks`. If so, returns the count, which is the length of the buffer. This is a way to quickly return without doing any changes, which is efficient.

Then, it attempts to acquire a mutex. If the mutex is already held, it returns -ERESTARTSYS, which is correct.

If `max` is less than `ptp->n_vclocks`, it goes to the `out` label and returns an error. So, this is a condition that could be a problem if not properly handled.

Then, it calculates the size as `sizeof(int) * max`, which is correct for an array of integers.

It allocates memory for `vclock_index` using `kzalloc`, which is good practice. If this allocation fails, it sets `err` to -ENOMEM and goes to `out`.

Then, it copies the existing `vclock_index` into the new array, which is a buffer overflow risk if the existing `vclock_index` is larger than `max`. Because `memcpy` is used without checking the lengths, if `ptp->n_vclocks` is larger than `max`, this could cause a buffer overflow in `vclock_index`.

After that, it frees the old `vclock_index` and updates `ptp->vclock_index` and `max_vclocks`.

Finally, it unlocks the mutex and returns the count.

So, the potential issues I see are:

1.
For troubleshooting, visit: https://python.langchain.com/docs/troubleshooting/errors/OUTPUT_PARSING_FAILURE , falling back to strict parser
JSON parsing failed: Invalid json output: - Weak encryption (CWE-311)
- Insecure random number generation (CWE-601)
- Improper input handling (CWE-369)
- Resource management issues (CWE-400, 415)
- Use of uninitialized variables (CWE-653)
- Integer overflow (CWE-191, 199)
- Race conditions (CWE-362)
- Weaknesses in Bluetooth protocol handling (CWE-118, 121, 122, 123, 124)
- Use of hardcoded values (CWE-287)
- Insecure string handling (CWE-104)
- Missing bounds checking (CWE-801)
- Weaknesses in authentication (CWE-623, 824)
- Weaknesses in session management (CWE-627, 628)
- Weaknesses in configuration management (CWE-670)
- Weaknesses in resource management (CWE-400, 415)
- Weaknesses in data validation (CWE-5)
- Weaknesses in file handling (CWE-269)
- Weaknesses in network protocols (CWE-117)
- Weaknesses in Bluetooth protocol handling (CWE-118, 121, 122, 123, 124)
- Weaknesses in Bluetooth L2CAP protocol (CWE-118, 121, 122, 123, 124)
- Weaknesses in Bluetooth L2CAP protocol (CWE-118, 121, 122, 123, 124)
- Weaknesses in Bluetooth L2CAP protocol (CWE-118, 121, 122, 123, 124)

Okay, I need to analyze the provided code to identify potential vulnerabilities and rank them based on their likelihood. Let's go through each file and look for common issues.

Starting with hci_conn.c, the function hci_conn_add initializes a struct hci_conn and sets various fields. I notice that some variables like conn->rssi and conn->tx_power are set to HCI_INVALID values. If these are used without proper checks elsewhere, it could lead to issues. Also, the function uses kzalloc but doesn't check if the allocation failed, which could cause a null pointer dereference if kzalloc returns NULL. However, the code does check for conn being NULL and returns NULL in that case, so that might not be a problem.

Looking at the switch statement in hci_conn_add, there are cases for different link types.
For troubleshooting, visit: https://python.langchain.com/docs/troubleshooting/errors/OUTPUT_PARSING_FAILURE , falling back to strict parser
JSON parsing failed: Invalid json output: - Weak random number generation (CWE-601)
- Insecure use of random number or seed (CWE-649)
- Insecure use of cipher (CWE-338)
- Insecure use of compression (CWE-337)
- Insecure use of hashing (CWE-157)
- Insecure use of external libraries (CWE-670)
- Insecure use of file operations (CWE-378)
- Insecure use of network operations (CWE-397)
- Insecure use of shell commands (CWE-327)
- Insecure use of temporary files (CWE-330)
- Insecure use of shared memory (CWE-390)
- Insecure use of signals (CWE-390)
- Insecure use of timers (CWE-397)
- Insecure use of race conditions (CWE-362)
- Insecure use of concurrency controls (CWE-362)
- Insecure use of resource locks (CWE-362)
- Insecure use of resource sharing (CWE-362)
- Insecure use of resource management (CWE-362)
- Insecure use of resource allocation (CWE-362)
- Insecure use of resource deallocation (CWE-362)
- Insecure use of resource locks (CWE-362)
- Insecure use of resource sharing (CWE-362)
- Insecure use of resource management (CWE-362)
- Insecure use of resource allocation (CWE-362)
- Insecure use of resource deallocation (CWE-362)
- Insecure use of resource locks (CWE-362)
- Insecure use of resource sharing (CWE-362)
- Insecure use of resource management (CWE-362)
- Insecure use of resource allocation (CWE-362)
- Insecure use of resource deallocation (CWE-362)
- Insecure use of resource locks (CWE-362)
- Insecure use of resource sharing (CWE-362)
- Insecure use of resource management (CWE-362)
- Insecure use of resource allocation (CWE-362)
- Insecure use of resource deallocation (CWE-362)
- Insecure use of resource locks (CWE-362)
- Insecure use of resource sharing (CWE-362)
- Insecure use of resource management (CWE-362)
- Insecure use of resource allocation (CWE-362)
- Insecure use of resource
For troubleshooting, visit: https://python.langchain.com/docs/troubleshooting/errors/OUTPUT_PARSING_FAILURE , falling back to strict parser
JSON parsing failed: Invalid json output: - Weak encryption (CWE-311)
- Insecure random number generation (CWE-330)
- Insecure string handling (CWE-131, CWE-132)
- Resource management issues (CWE-415, CWE-680)
- Integer overflow (CWE-191, CWE-199)
- Weaknesses in the use of crypto functions (CWE-327, CWE-331)
- Insecure file operations (CWE-414)
- Insecure library usage (CWE-673)
- Insecure inter-process communication (CWE-397)
- Weaknesses in the use of time functions (CWE-366)
- Insecure use of dynamic memory (CWE-401)
- Insecure use of static memory (CWE-416)
- Insecure use of shared memory (CWE-498)
- Weaknesses in the use of containers (CWE-1311)
- Weaknesses in the use of logging (CWE-1322)
- Weaknesses in the use of error handling (CWE-1293)
- Weaknesses in the use of exception handling (CWE-1295)
- Weaknesses in the use of concurrency (CWE-1253)
- Weaknesses in the use of resource locks (CWE-1318)
- Weaknesses in the use of race conditions (CWE-362)
- Weaknesses in the use of timers (CWE-364)
- Weaknesses in the use of signal handling (CWE-368)
- Weaknesses in the use of socket operations (CWE-397)
- Weaknesses in the use of file operations (CWE-414)
- Weaknesses in the use of process and thread management (CWE-416)
- Weaknesses in the use of system calls (CWE-416)
- Weaknesses in the use of resource management (CWE-415)
- Weaknesses in the use of memory management (CWE-416)
- Weaknesses in the use of resource allocation (CWE-416)
- Weaknesses in the use of resource deallocation (CWE-416)
- Weaknesses in the use of resource locks (CWE-1318)
- Weaknesses in the use of race conditions (CWE-362)
- Weaknesses in the use of timers (CWE-364)
- Weaknesses in the use of signal handling (CWE-368
For troubleshooting, visit: https://python.langchain.com/docs/troubleshooting/errors/OUTPUT_PARSING_FAILURE , falling back to strict parser
JSON parsing failed: Invalid json output: - Weak hashing (CWE-157)
- Insecure random number generation (CWE-327)
- Insecure string handling (CWE-119, CWE-131)
- Insecure file operations (CWE-36, CWE-47)
- Insecure use of function (CWE-587)
- Insecure use of external libraries (CWE-670)
- Insecure use of system functions (CWE-78)
- Insecure use of network functions (CWE-117)
- Insecure use of encryption (CWE-157)
- Insecure use of resource management (CWE-415)
- Insecure use of resource locks (CWE-119)
- Insecure use of concurrency controls (CWE-119)
- Insecure use of exception handling (CWE-117)
- Insecure use of logging (CWE-117)
- Insecure use of race conditions (CWE-119)
- Insecure use of time functions (CWE-117)
- Insecure use of version comparison (CWE-117)
- Insecure use of string functions (CWE-119)
- Insecure use of container functions (CWE-117)
- Insecure use of file functions (CWE-36, 47)
- Insecure use of directory traversal (CWE-22)
- Insecure use of path traversal (CWE-22)
- Insecure use of file operations (CWE-36, 47)
- Insecure use of network functions (CWE-117)
- Insecure use of resource management (CWE-415)
- Insecure use of resource locks (CWE-119)
- Insecure use of concurrency controls (CWE-119)
- Insecure use of exception handling (CWE-117)
- Insecure use of logging (CWE-117)
- Insecure use of race conditions (CWE-119)
- Insecure use of time functions (CWE-117)
- Insecure use of version comparison (CWE-117)
- Insecure use of string functions (CWE-119)
- Insecure use of container functions (CWE-117)
- Insecure use of file functions (CWE-36, 47)
- Insecure use of directory traversal (CWE-22)
- Insecure use of path traversal (CWE-22)
- Insecure use of file operations (CWE-36, 47)
- Insecure use of network functions (CWE-
For troubleshooting, visit: https://python.langchain.com/docs/troubleshooting/errors/OUTPUT_PARSING_FAILURE , falling back to strict parser
JSON parsing failed: Invalid json output: - Weak encryption (CWE-311)
- Insecure random number generation (CWE-601)
- Insecure usage of function (CWE-774)
- Incorrect handling of error states (CWE-800)
- Insecure string handling (CWE-104)
- Insecure file operations (CWE-259)
- Insecure library usage (CWE-673)
- Insecure resource management (CWE-415)
- Insecure network operations (CWE-311)
- Insecure usage of system functions (CWE-327)
- Insecure usage of system libraries (CWE-330)
- Insecure usage of system calls (CWE-331)
- Insecure usage of inter-process communication (CWE-269)
- Insecure usage of inter-process communication (CWE-269)
- Insecure usage of inter-process communication (CWE-269)

Looking at the code, I need to identify the most likely vulnerabilities.

First, I'll look for buffer overflows. The function uses `urb->transfer_buffer` which is a pointer to the data buffer. If the size isn't checked, it could lead to a buffer overflow. However, in this code, the data is being handled with `usb_submit_urb`, which might manage the buffer size, but it's unclear. So maybe buffer overflow is a possibility.

Next, memory issues. The code uses dynamic memory like `data = urb->transfer_buffer`. If this buffer isn't properly managed, it could lead to memory leaks or issues. But I don't see any obvious memory management problems here.

Looking at input validation. The code doesn't seem to validate any input data. For example, when receiving data, it directly processes `*data` without checking if it's within expected bounds. This could allow injection attacks if the data isn't properly validated.

Injection flaws. Since the code doesn't validate the data, an attacker could inject arbitrary data, leading to issues like buffer overflows or information exposure. So injection flaw is likely.

Incorrect handling of error states. The code has a switch case handling statuses like -ECONNRESET, -ENOENT, etc. If these statuses aren't properly handled, it could lead to incorrect behavior or crashes. For example, in the default case, it logs an error but doesn't take action, which might be okay, but other statuses might not be handled correctly.

Insecure usage of system functions. The code uses `dev_err` and `dev_dbg`, which are for debugging, but
For troubleshooting, visit: https://python.langchain.com/docs/troubleshooting/errors/OUTPUT_PARSING_FAILURE , falling back to strict parser
JSON parsing failed: Invalid json output: - Weak encryption (CWE-311)
- Insecure random number generation (CWE-330)
- Improper error handling (CWE-400, 401, 476)
- Insecure string handling (CWE-119, 131, 134)
- Integer overflow (CWE-191, 199, 200)
- Weaknesses in inter-process communication (CWE-269)
- Insecure use of function (CWE-587)
- Use of unsafe functions (CWE-366)
- Use of external libraries without validation (CWE-676)
- Use of hardcoded strings (CWE-287)
- Use of goto for flow control (CWE-823)
- Use of global variables (CWE-908)
- Use of static variables (CWE-907)
- Use of uninitialized variables (CWE-826)
- Use of resource after free (CWE-401)
- Use of resource without ownership (CWE-666)
- Use of pointer to non-heap (CWE-401)
- Use of pointer to non-stack (CWE-402)
- Use of double pointer (CWE-404)
- Use of function pointer without validation (CWE-482)
- Use of function with incorrect argument (CWE-484)
- Use of function return value not checked (CWE-477)
- Use of function return value as boolean (CWE-478)
- Use of function return value without checking (CWE-476)
- Use of function return value in conditional (CWE-479)
- Use of function return value in arithmetic (CWE-480)
- Use of function return value in pointer (CWE-481)
- Use of function return value in size (CWE-482)
- Use of function return value in time (CWE-483)
- Use of function return value in resource (CWE-484)
- Use of function return value in uninitialized variable (CWE-485)
- Use of function return value in null pointer (CWE-486)
- Use of function return value in invalid state (CWE-487)
- Use of function return value in incorrect state (CWE-488)
- Use of function return value in resource with improper locking (CWE-489)
- Use of function return value in resource with improper concurrency (CWE-490)
- Use of function return value in resource with improper synchronization (CWE-491)
- Use of function return value in resource with improper
For troubleshooting, visit: https://python.langchain.com/docs/troubleshooting/errors/OUTPUT_PARSING_FAILURE , falling back to strict parser
JSON parsing failed: Invalid json output: - Weak encryption (CWE-311)
- Insecure random number generation (CWE-330)
- Improper input handling (CWE-369)
- Unrestricted file uploads (CWE-352)
- Unrestricted file downloads (CWE-352)
- SQL injection (CWE-79)
- Command injection (CWE-78)
- Weak authentication (CWE-312)
- Insecure API (CWE-937)
- Insecure configuration (CWE-653)
- Insecure use of function (CWE-691)
- Insecure use of dynamic languages (CWE-603)
- Insecure use of external libraries (CWE-676)
- Insecure use of static libraries (CWE-676)
- Insecure use of shared libraries (CWE-676)
- Insecure use of network functions (CWE-653)
- Insecure use of storage functions (CWE-653)
- Insecure use of timing functions (CWE-653)
- Insecure use of concurrency controls (CWE-653)
- Insecure use of resource locks (CWE-653)
- Insecure use of file operations (CWE-653)
- Insecure use of pipe operations (CWE-653)
- Insecure use of socket operations (CWE-653)
- Insecure use of signal handlers (CWE-653)
- Insecure use of exception handling (CWE-653)
- Insecure use of logging functions (CWE-653)
- Insecure use of debug functions (CWE-653)
- Insecure use of memory management functions (CWE-653)
- Insecure use of process management functions (CWE-653)
- Insecure use of system calls (CWE-653)
- Insecure use of inter-process communication (CWE-653)
- Insecure use of user-space memory (CWE-653)
- Insecure use of kernel memory (CWE-653)
- Insecure use of shared memory (CWE-653)
- Insecure use of memory pools (CWE-653)
- Insecure use of memory allocation functions (CWE-653)
- Insecure use of memory deallocation functions (CWE-653)
- Insecure use of memory corruption functions (CWE-653)
- Insecure use of integer operations (CWE-653)
- Insecure use of bitwise operations (CWE-653)
- Insecure use of arithmetic operations (CWE-653)
-
For troubleshooting, visit: https://python.langchain.com/docs/troubleshooting/errors/OUTPUT_PARSING_FAILURE , falling back to strict parser
JSON parsing failed: Invalid json output: - Weak encryption (CWE-257)
- Insecure random number generation (CWE-330)
- Improper error handling (CWE-400, 401, 476)
- Uninitialized variables (CWE-457)
- Integer overflow (CWE-191, 377)
- Race conditions (CWE-362)
- Weaknesses in the use of unsigned vs signed integers (CWE-655)
- Use of goto statements (CWE-561)
- Use of function pointers (CWE-482)
- Use of dynamic memory management (CWE-401, 404)
- Use of static variables (CWE-908)
- Use of recursive functions (CWE-518)
- Use of external control structures (CWE-601)
- Use of string functions without validation (CWE-116, 119)
- Use of large data structures (CWE-400)
- Use of unchecked conversions (CWE-571)
- Use of resource management (CWE-400)
- Use of platform-specific behavior (CWE-732)
- Use of non-constant time operations (CWE-601)
- Use of untrusted data in file paths (CWE-22)
- Use of untrusted data in other contexts (CWE-20, 190)
- Use of unvalidated pointers (CWE-798)
- Use of unvalidated return values (CWE-823)
- Use of unvalidated function arguments (CWE-823)
- Use of unvalidated function return values (CWE-823)
- Use of unvalidated variables (CWE-457)
- Use of unvalidated string functions (CWE-116, 119)
- Use of unvalidated numeric functions (CWE-191, 377)
- Use of unvalidated memory operations (CWE-798)
- Use of unvalidated bitwise operations (CWE-798)
- Use of unvalidated arithmetic operations (CWE-798)
- Use of unvalidated comparisons (CWE-798)
- Use of unvalidated logical operations (CWE-798)
- Use of unvalidated shift operations (CWE-798)
- Use of unvalidated string operations (CWE-116, 119)
- Use of unvalidated numeric operations (CWE-191, 377)
- Use of unvalidated memory operations (CWE-798)
- Use of unvalidated bitwise operations (CWE-798)
- Use of unvalidated arithmetic operations (CWE-798)
-
For troubleshooting, visit: https://python.langchain.com/docs/troubleshooting/errors/OUTPUT_PARSING_FAILURE , falling back to strict parser
JSON parsing failed: Invalid json output: - Weak random (CWE-601)
- Insecure file operations (CWE-361, CWE-366)
- Insecure library usage (CWE-327)
- Insecure inter-process communication (CWE-118)
- Insecure temporary files (CWE-644)
- Insecure usage of functions (CWE-416, etc.)
- Insecure usage of system functions (CWE-327, etc.)

First, I'll analyze the code for potential vulnerabilities.

Looking at the function `__io_sync_cancel`, it's handling cancellation of I/O operations. The code checks if certain flags are set in `cd->flags`. If both `IORING_ASYNC_CANCEL_FD` and `IORING_ASYNC_CANCEL_FD_FIXED` are set, it proceeds to handle cancellation.

The code then checks if `fd` is greater than `ctx->nr_user_files`, which could cause an out-of-bounds error if `fd` is indeed larger. If so, it returns `-EBADF`. Otherwise, it uses `array_index_nospec` to get the correct index and then retrieves the file pointer from the file table.

Potential issues here might include:

1. **Buffer Overflow (CWE-119)**: If `ctx->nr_user_files` is not correctly validated, using `fd` beyond its bounds could cause an overflow when passed to `array_index_nospec`. However, `array_index_nospec` is supposed to handle this, but if `fd` is indeed larger, the check returns early, so maybe this isn't the case.

2. **Memory Issues (CWE-476)**: The code retrieves `file_ptr` and assigns it to `cd->file`. If `file_ptr` is not properly checked, it could lead to memory corruption. But since `file_ptr` is derived from the file table, which is controlled by the context, it's unclear if this is a problem.

3. **Insecure File Operations (CWE-361, 366)**: The code accesses the file via `cd->file`, which is obtained from the file table. If this file is not properly validated, it could lead to accessing unintended files. However, the code checks `fd` against `ctx->nr_user_files`, which might mitigate this.

4. **Insecure Usage of Functions (CWE-416)**: The function `array_index_nospec` is used, which is a bounds-checking function. If `fd` is within the valid range, it's
For troubleshooting, visit: https://python.langchain.com/docs/troubleshooting/errors/OUTPUT_PARSING_FAILURE , falling back to strict parser
2025-10-03 16:42:59,022 - job_deepseek_database_1759521942 - INFO - Task rank_cwe: 190/314 commits processed
JSON parsing failed: Invalid json output: - Weak encryption (CWE-601)
- Insecure random number generation (CWE-601)
- Insecure string handling (CWE-116, CWE-117)
- Insecure file operations (CWE-22, CWE-798)
- Insecure library usage (CPF-592)
- Insecure network operations (CWE-311)
- Insecure resource management (CWE-400)
- Insecure temporary use of variables (CWE-665)
- Insecure use of function arguments (CWE-416)
- Insecure use of static data (CWE-805)
- Insecure use of dynamic data (CWE-803)
- Insecure use of resources (CWE-400)
- Insecure use of file descriptors (CPF-592)
- Insecure use of socket descriptors (CWE-310)
- Insecure use of shared memory (CWE-801)
- Insecure use of process and thread information (CWE-230)
- Insecure use of platform information (CPF-592)
- Insecure use of time and space (CWE-601)
- Insecure use of data format (CWE-601)
- Insecure use of cryptographic functions (CWE-601)
- Insecure use of resource locks (CWE-601)
- Insecure use of resource pools (CWE-601)
- Insecure use of resource sharing (CPF-592)
- Insecure use of resource management (CWE-400)
- Insecure use of resource descriptors (CWE-310)
- Insecure use of resource access (CPF-592)
- Insecure use of resource allocation (CWE-400)
- Insecure use of resource handling (CWE-400)
- Insecure use of resource locks (CWE-601)
- Insecure use of resource pools (CWE-601)
- Insecure use of resource sharing (CPF-592)
- Insecure use of resource management (CWE-400)
- Insecure use of resource access (CPF-592)
- Insecure use of resource allocation (CWE-400)
- Insecure use of resource handling (CWE-400)
- Insecure use of resource locks (CWE-601)
- Insecure use of resource pools (CWE-601)
- Insecure use of resource sharing (CPF-592)
- Insecure use of resource management (CWE-400)
- Insecure use of resource access (CPF
For troubleshooting, visit: https://python.langchain.com/docs/troubleshooting/errors/OUTPUT_PARSING_FAILURE , falling back to strict parser
JSON parsing failed: Invalid json output: - Weak encryption (CWE-257)
- Insecure random usage (CWE-330)
- Integer overflow (CWE-191, CWE-199)
- Race conditions (CWE-362)
- Insecure string handling (CWE-119, CWE-134)
- Weaknesses in BPF/elfutils (CWE-1000, etc.)

Looking at the code, I can see that it's part of the BPF verifier in the Linux kernel. The code is handling various BPF instructions and modifying the program to fix certain issues, like adding safety checks for division and modulo operations, handling stack and map pointer limits, and managing tail calls.

First, I'll look for potential buffer overflow issues. The code has several places where it's allocating memory for instruction patches. For example, in the first part, it's using a fixed-size array for `insn_buf`, which could be a problem if the code tries to write beyond the array's bounds. However, I don't see any obvious buffer overflow vulnerabilities here because the code uses `cnt` to determine the number of instructions to write and then calls `bpf_patch_insn_data`, which likely handles memory expansion properly. So maybe buffer overflow isn't the main issue here.

Next, looking at memory issues. The code is dealing with struct instances like `bpf_reg_state`, `bpf_map`, and others. There's a potential for memory leaks if certain conditions aren't met, but without more context, it's hard to say. However, the code seems to be managing these structures carefully, so memory issues might not be the primary concern.

Input validation is another area. The code checks for certain conditions, like whether `cnt` is within expected ranges. For example, when handling `LD` instructions, it checks if `cnt` is 0 or exceeds the array size. This could be a place where input validation is missing or insufficient, leading to out-of-bounds accesses. If `cnt` isn't properly validated, it might allow invalid values that cause issues down the line.

Information exposure could be a concern if the verifier isn't correctly checking for sensitive operations or if there are unhandled cases that could lead to information leaks. For instance, when dealing with map operations, if certain checks are missing, it might allow unintended access which could expose data.

Looking at injection flaws, the code doesn't seem to be processing untrusted input directly, so this might not be a major issue here. Path traversal is also not evident in the code
For troubleshooting, visit: https://python.langchain.com/docs/troubleshooting/errors/OUTPUT_PARSING_FAILURE , falling back to strict parser
JSON parsing failed: Invalid json output: - Weak encryption (CWE-261)
- Insecure random usage (CWE-330)
- Integer overflow (CWE-191, CWE-199)
- Race conditions (CWE-362)
- Insecure string handling (CWE-119, CWE-134)
- Weaknesses in BPF/elfutils (CWE-1000, etc.)
- Incorrect handling of pointers (CWE-823, etc.)
- Incorrect handling of function returns (CWE-200, etc.)
- Incorrect handling of file descriptors (CWE-269)
- Incorrect handling of locks (CWE-306)
- Incorrect handling of shared memory (CWE-390)
- Incorrect handling of network protocols (CWE-397)
- Incorrect handling of time (CWE-131)
- Incorrect handling of resource limits (CWE-400)
- Incorrect handling of resource management (CWE-415)
- Incorrect handling of thread-local storage (CWE-421)
- Incorrect handling of signal handling (CWE-413)
- Incorrect handling of process management (CWE-416)
- Incorrect handling of file operations (CWE-474)
- Incorrect handling of data format (CWE-570)
- Incorrect handling of Unicode (CWE-584)
- Incorrect handling of XML (CWE-118)
- Incorrect handling of JSON (CWE-117)
- Incorrect handling of SQL (CWE-115)
- Incorrect handling of command-line arguments (CWE-78)
- Incorrect handling of environment variables (CWE-117)
- Incorrect handling of configuration files (CWE-117)
- Incorrect handling of credentials (CWE-117)
- Incorrect handling of authentication (CWE-117)
- Incorrect handling of authorization (CWE-117)
- Incorrect handling of cryptography (CWE-117)
- Incorrect handling of logging (CWE-117)
- Incorrect handling of debugging information (CWE-117)
- Incorrect handling of version information (CWE-117)
- Incorrect handling of build information (CWE-117)
- Incorrect handling of patch information (CWE-117)
- Incorrect handling of hardware information (CWE-117)
- Incorrect handling of system information (CWE-117)
- Incorrect handling of user information (CWE-117)
- Incorrect handling of data validation (CWE-117)
- Incorrect handling of error information (CWE-117)
- Incorrect handling of resource allocation (CWE-117)
- Incorrect handling of resource exhaustion (CWE-
For troubleshooting, visit: https://python.langchain.com/docs/troubleshooting/errors/OUTPUT_PARSING_FAILURE , falling back to strict parser
JSON parsing failed: Invalid json output: - Weak hashing (CWE-157)
- Insecure random number generation (CWE-327)
- Improper input handling (CWE-369)
- Uninitialized variables (CWE-457)
- Use after free (CWE-490)
- Integer overflow (CWE-191)
- Race conditions (CWE-362)
- Inconsistent string handling (CWE-592)
- Insecure string functions (CWE-116)
- Weak encryption (CWE-153)
- Insecure file operations (CWE-378)
- Insecure library functions (CWE-327)
- Insecure resource management (CWE-401)
- Insecure temporary usage (CWE-644)
- Insecure network operations (CWE-311)
- Insecure API usage (CWE-798)
- Insecure inter-process communication (CWE-269)
- Insecure logging (CWE-264)
- Insecure exception handling (CWE-522)
- Insecure concurrency (CWE-798)
- Insecure resource leaks (CWE-400)
- Insecure configuration (CWE-312)
- Insecure third-party code (CWE-367)
- Insecure code reuse (CWE-369)
- Insecure data validation (CWE-20)
- Insecure exception handling (CWE-522)
- Insecure resource management (CWE-401)
- Insecure temporary usage (CWE-644)
- Insecure network operations (CWE-311)
- Insecure API usage (CWE-798)
- Weak random number generation (CWE-327)
- Weak hashing (CWE-157)
- Weak encryption (CWE-153)
- Insecure string functions (CWE-116)
- Inconsistent string handling (CWE-592)
- Integer overflow (CWE-191)
- Uninitialized variables (CWE-457)
- Use after free (CWE-490)
- Race conditions (CWE-362)
- Buffer overflow (CWE-119)
- Memory corruption (CWE-400)
- Insecure file operations (CWE-378)
- Insecure library functions (CWE-327)
- Weak hashing (CWE-157)
- Weak encryption (CWE-153)
- Insecure string functions (CWE-116)
- Inconsistent string handling (CWE-592)
- Integer overflow (CWE-191)
- Uninitialized variables (CWE-457)
- Use after free
For troubleshooting, visit: https://python.langchain.com/docs/troubleshooting/errors/OUTPUT_PARSING_FAILURE , falling back to strict parser
JSON parsing failed: Invalid json output: - Weak encryption (CWE-311)
- Insecure random number generation (CWE-330)
- Insecure string handling (CWE-131, CWE-134)
- Insecure file operations (CWE-361)
- Insecure library usage (CWE-377)
- Insecure network operations (CWE-311, CWE-132)
- Insecure resource management (CWE-400, 401, 415)
- Insecure usage of function (CWE-416)
- Insecure usage of variable (CWE-672)
- Insecure usage of integer (CWE-834)
- Insecure usage of pointer (CWE-823)
- Insecure usage of resource (CWE-400)
- Insecure usage of system (CWE-327)
- Insecure usage of time (CWE-601)
- Insecure usage of XML (CWE-662)
- Insecure usage of SQL (CWE-352, 352)
- Insecure usage of shell (CWE-327)
- Insecure usage of file (CWE-361)
- Insecure usage of network (CWE-311, 132)
- Insecure usage of cryptography (CWE-311)
- Insecure usage of logging (CWE-117)
- Insecure usage of race condition (CWE-362)
- Insecure usage of concurrency (CWE-362)
- Insecure usage of timing (CWE-601)
- Insecure usage of memory (CWE-476)
- Insecure usage of storage (CWE-400)
- Insecure usage of container (CWE-400)
- Insecure usage of resource management (CWE-400)
- Insecure usage of resource (CWE-400)
- Insecure usage of resource management (CWE-400)
- Insecure usage of resource (CWE-400)
- Insecure usage of resource management (CWE-400)
- Insecure usage of resource (CWE-400)
- Insecure usage of resource management (CWE-400)
- Insecure usage of resource (CWE-400)
- Insecure usage of resource management (CWE-400)
- Insecure usage of resource (CWE-400)
- Insecure usage of resource management (CWE-400)
- Insecure usage of resource (CWE-400)
- Insecure usage of resource management (CWE-400)
- Insecure usage of resource (CWE-400)
For troubleshooting, visit: https://python.langchain.com/docs/troubleshooting/errors/OUTPUT_PARSING_FAILURE , falling back to strict parser
JSON parsing failed: Invalid json output: - Weak encryption (CWE-311)
- Insecure random number generation (CWE-330)
- Insecure string handling (CWE-131, CWE-132)
- Insecure file operations (CWE-48, CWE-413)
- Insecure library usage (CWE-673)
- Insecure resource management (CWE-415, CWE-680)
- Insecure network operations (CWE-311, CWE-456)
- Insecure usage of system functions (CWE-327, CWE-327)
- Insecure usage of external libraries (CWE-673)
- Insecure usage of environment variables (CWE-653)
- Insecure usage of third-party code (CWE-653)
- Insecure usage of configuration files (CWE-653)
- Insecure usage of shell functions (CWE-327)
- Insecure usage of pipes (CWE-327)
- Insecure usage of file descriptors (CWE-327)
- Insecure usage of system calls (CWE-327)
- Insecure usage of signals (CWE-327)
- Insecure usage of timers (CWE-327)
- Insecure usage of locks (CWE-327)
- Insecure usage of threads (CWE-327)
- Insecure usage of shared memory (CWE-327)
- Insecure usage of IPC (CWE-327)
- Insecure usage of network functions (CWE-327)
- Insecure usage of user-space memory (CW-327)
- Insecure usage of kernel memory (CWE-327)
- Insecure usage of kernel pointers (CWE-327)
- Insecure usage of kernel resources (CWE-327)
- Insecure usage of kernel functions (CWE-327)
- Insecure usage of kernel modules (CWE-327)
- Insecure usage of kernel timers (CWE-327)
- Insecure usage of kernel locks (CWE-327)
- Insecure usage of kernel signals (CWE-327)
- Insecure usage of kernel threads (CWE-327)
- Insecure usage of kernel memory (CWE-327)
- Insecure usage of kernel pointers (CWE-327)
- Insecure usage of kernel resources (CWE-327)
- Insecure usage of kernel functions (CWE-327)
- Insecure usage of kernel modules (CWE-327)
- Insecure usage of kernel timers (CWE-327)
- Insecure usage
For troubleshooting, visit: https://python.langchain.com/docs/troubleshooting/errors/OUTPUT_PARSING_FAILURE , falling back to strict parser
JSON parsing failed: Invalid json output: - Weak encryption (CWE-311)
- Insecure random number generation (CWE-327)
- Improper error handling (CWE-400, 401, 476)
- Integer overflow (CWE-191, 377)
- Race conditions (CWE-362)
- Weaknesses in cryptographic implementations (CWE-333, 338)
- Insecure string handling (CWE-119, 131, 134)
- Insecure file operations (CWE-416)
- Insecure network operations (CWE-311, 22, 79)
- Insecure resource management (CWE-401, 476)
- Insecure usage of function output (CWE-20, 134)
- Insecure usage of dynamic languages (CWE-327)
- Insecure usage of external libraries (CWE-352)
- Insecure usage of system functions (CWE-352, 119)
- Insecure usage of user input (CW-20, 134)
- Insecure usage of third-party code (CWE-352)
- Insecure usage of static data (CWE-119)
- Insecure usage of resource allocation (CWE-416)
- Insecure usage of resource locks (CWE-362)
- Insecure usage of resource sharing (CWE-362)
- Insecure usage of resource management (CWE-476)
- Insecure usage of resource access (CWE-416)
- Insecure usage of resource handling (CWE-476)
- Insecure usage of resource initialization (CWE-416)
- Insecure usage of resource termination (CWE-476)
- Insecure usage of resource cleanup (CWE-476)
- Insecure usage of resource deallocation (CWE-476)
- Insecure usage of resource locking (CWE-362)
- Insecure usage of resource sharing (CWE-362)
- Insecure usage of resource management (CWE-476)
- Insecure usage of resource access (CWE-416)
- Insecure usage of resource handling (CWE-476)
- Insecure usage of resource initialization (CWE-416)
- Insecure usage of resource termination (CWE-476)
- Insecure usage of resource cleanup (CWE-476)
- Insecure usage of resource deallocation (CWE-476)
- Insecure usage of resource locking (CWE-362)
- Insecure usage of resource sharing (CWE-362)
- In
For troubleshooting, visit: https://python.langchain.com/docs/troubleshooting/errors/OUTPUT_PARSING_FAILURE , falling back to strict parser
JSON parsing failed: Invalid json output: - Weak encryption (CWE-261)
- Insecure random number generation (CWE-330)
- Integer overflow (CWE-191, CWE-199)
- Race conditions (CWE-362)
- Missing bounds checking (CWE-401)
- Insecure string handling (CWE-119, CWE-134)
- Weaknesses in API design (CWE-484)
- Insecure file operations (CWE-416)
- Insecure library usage (CWE-673)
- Insecure resource management (CWE-415)
- Insecure inter-process communication (CWE-118)
- Insecure use of function result (CWE-117)
- Insecure use of dynamic languages (CWE-603)
- Insecure use of static data (CWE-805)
- Insecure use of public member variables (CWE-829)
- Insecure use of public functions (CWE-829)
- Insecure use of public constants (CWE-829)
- Insecure use of public type definitions (CWE-829)
- Insecure use of public pointers (CWE-824)
- Insecure use of public data structures (CWE-824)
- Insecure use of public member functions (CWE-829)
- Insecure use of public static functions (CWE-829)
- Insecure use of public instance functions (CWE-829)
- Insecure use of public instance variables (CWE-829)
- Insecure use of public instance data (CWE-829)
- Insecure use of public instance functions (CWE-829)
- Insecure use of public static data (CWE-829)
- Insecure use of public static functions (CWE-829)
- Insecure use of public static variables (CWE-829)
- Insecure use of public static data structures (CWE-829)
- Insecure use of public static pointers (CWE-824)
- Insecure use of public static functions (CWE-829)
- Insecure use of public static variables (CWE-829)
- Insecure use of public static data structures (CWE-829)
- Insecure use of public static pointers (CWE-824)
- Insecure use of public static functions (CWE-829)
- Insecure use of public static variables (CWE-829)
- Insecure use of public static data structures (CWE-829)
- Insecure use of public static pointers (CWE
For troubleshooting, visit: https://python.langchain.com/docs/troubleshooting/errors/OUTPUT_PARSING_FAILURE , falling back to strict parser
JSON parsing failed: Invalid json output: - Weak encryption (CWE-311)
- Insecure random number generation (CWE-330)
- Improper error handling (CWE-400, 401, 476)
- Resource management issues (CWE-401, 476)
- Race conditions (CWE-362)
- Insecure string handling (CWE-119, 787)
- Insecure file operations (CWE-78)
- Insecure library usage (CWE-673)
- Insecure network operations (CWE-311, 754)
- Insecure resource sharing (CWE-798)
- Insecure temporary files (CWE-330)
- Insecure usage of function (CWE-416)
- Insecure use of static data (CWE-805)
- Insecure use of dynamic data (CWE-803)
- Insecure use of external libraries (CWE-673)
- Insecure use of internal libraries (CWE-798)
- Insecure use of system functions (CWE-798)
- Insecure use of system libraries (CWE-798)
- Insecure use of user space functions (CWE-798)
- Insecure use of user space data (CWE-803)
- Insecure use of user space memory (CWE-805)
- Insecure use of user space variables (CWE-805)
- Insecure use of user space pointers (CWE-805)
- Insecure use of user space strings (CWE-119, 787)
- Insecure use of user space integers (CWE-805)
- Insecure use of user space arrays (CW-805)
- Insecure use of user space structures (CWE-805)
- Insecure use of user space functions (CWE-416)
- Insecure use of user space variables (CWE-805)
- Insecure use of user space pointers (CWE-805)
- Insecure use of user space strings (CWE-119, 787)
- Insecure use of user space integers (CWE-805)
- Insecure use of user space arrays (CWE-805)
- Insecure use of user space structures (CWE-805)
- Insecure use of user space functions (CWE-416)
- Insecure use of user space variables (CWE-805)
- Insecure use of user space pointers (CWE-805)
- Insecure use of user space strings (CWE-119, 787)
-
For troubleshooting, visit: https://python.langchain.com/docs/troubleshooting/errors/OUTPUT_PARSING_FAILURE , falling back to strict parser
JSON parsing failed: Invalid json output: - Weak encryption (CWE-261)
- Insecure random number generation (CWE-330)
- Incorrect handling of null values (CWE-457)
- Use of dangerous functions (CWE-131, 132)
- Incorrect handling of error states (CWE-800)
- Insecure use of public functions (CWE-829)
- Insecure use of public member variables (CWE-827)
- Insecure use of public constants (CWE-829)
- Insecure use of public functions (CWE-829)
- Insecure use of public member variables (CWE-827)
- Insecure use of public constants (CWE-829)
- Insecure use of public functions (CWE-829)
- Insecure use of public member variables (CWE-827)
- Insecure use of public constants (CWE-829)
- Insecure use of public functions (CWE-829)
- Insecure use of public member variables (CWE-827)
- Insecure use of public constants (CWE-829)
- Insecure use of public functions (CWE-829)
- Insecure use of public member variables (CWE-827)
- Insecure use of public constants (CWE-829)
- Insecure use of public functions (CWE-829)
- Insecure use of public member variables (CWE-827)
- Insecure use of public constants (CWE-829)
- Insecure use of public functions (CWE-829)
- Insecure use of public member variables (CWE-827)
- Insecure use of public constants (CWE-829)
- Insecure use of public functions (CWE-829)
- Insecure use of public member variables (CWE-827)
- Insecure use of public constants (CWE-829)
- Insecure use of public functions (CWE-829)
- Insecure use of public member variables (CWE-827)
- Insecure use of public constants (CWE-829)
- Insecure use of public functions (CWE-829)
- Insecure use of public member variables (CWE-827)
- Insecure use of public constants (CWE-829)
- Insecure use of public functions (CWE-829)
- Insecure use of public member variables (CWE-827)
- Insecure use of public constants (CWE-829)
- Insecure use of public functions (CWE-829)
For troubleshooting, visit: https://python.langchain.com/docs/troubleshooting/errors/OUTPUT_PARSING_FAILURE , falling back to strict parser
2025-10-03 16:45:00,326 - job_deepseek_database_1759521942 - INFO - Task rank_cwe: 200/314 commits processed
JSON parsing failed: Invalid json output: - Weak random number generation (CWE-601)
- Insecure usage of crypto functions (CWE-327)
- Insecure use of file operations (CWE-361)
- Insecure use of shell functions (CWE-327)
- Insecure use of system functions (CWE-327)
- Insecure use of network functions (CWE-327)
- Insecure use of resource functions (CWE-327)
- Insecure use of integer operations (CWE-367)
- Insecure use of bitwise operations (CWE-369)
- Insecure use of shift operations (CWE-370)
- Insecure use of arithmetic operations (CWE-371)
- Insecure use of resource locks (CWE-384)
- Insecure use of resource semaphores (CWE-385)
- Insecure use of resource mutexes (CWE-386)
- Insecure use of resource conditionals (CWE-387)
- Insecure use of resource atomic operations (CWE-388)
- Insecure use of resource signals (CWE-389)
- Insecure use of resource timers (CWE-390)
- Insecure use of resource locks in critical code (CWE-391)
- Insecure use of resource semaphores in critical code (CWE-392)
- Insecure use of resource mutexes in critical code (CWE-393)
- Insecure use of resource conditionals in critical code (CWE-394)
- Insecure use of resource atomic operations in critical code (CWE-395)
- Insecure use of resource signals in critical code (CWE-396)
- Insecure use of resource timers in critical code (CWE-397)
- Insecure use of resource locks in critical code (CWE-398)
- Insecure use of resource semaphores in critical code (CWE-399)
- Insecure use of resource mutexes in critical code (CWE-400)
- Insecure use of resource conditionals in critical code (CWE-401)
- Insecure use of resource atomic operations in critical code (CWE-402)
- Insecure use of resource signals in critical code (CWE-403)
- Insecure use of resource timers in critical code (CWE-404)
- Insecure use of resource locks in critical code (CWE-405)
- Insecure use of resource semaphores in critical code (CWE-406)
- Insecure use of resource mutex
For troubleshooting, visit: https://python.langchain.com/docs/troubleshooting/errors/OUTPUT_PARSING_FAILURE , falling back to strict parser
JSON parsing failed: Invalid json output: - Weak encryption (CWE-311)
- Insecure random number generation (CWE-330)
- Integer overflow (CWE-191, CWE-199)
- Race conditions (CWE-362)
- Insecure string handling (CWE-131, CWE-134)
- Weaknesses in inter-process communication (CWE-269)
- Insecure use of function output (CWE-352)
- Insecure use of dynamic memory (CWE-401)
- Insecure use of static data (CWE-416)
- Insecure use of shared memory (CWE-498)
- Insecure use of external data (CWE-601)
- Insecure use of file operations (CWE-22)
- Insecure use of network functions (CWE-268)
- Insecure use of resource management (CWE-664)
- Insecure use of resource locks (CWE-665)
- Insecure use of resource pools (CWE-666)
- Insecure use of thread safety (CWE-668)
- Insecure use of concurrency (CWE-669)
- Insecure use of containerization (CWE-670)
- Insecure use of data validation (CWE-674)
- Insecure use of data transformation (CWE-675)
- Insecure use of data storage (CWE-676)
- Insecure use of data movement (CWE-677)
- Insecure use of data collection (CWE-678)
- Insecure use of data access (CWE-679)
- Insecure use of data modification (CWE-680)
- Insecure use of data generation (CWE-681)
- Insecure use of data validation (CWE-674)
- Insecure use of data transformation (CWE-675)
- Insecure use of data storage (CWE-676)
- Insecure use of data movement (CWE-677)
- Insecure use of data collection (CWE-678)
- Insecure use of data access (CWE-679)
- Insecure use of data modification (CWE-680)
- Insecure use of data generation (CWE-681)

Okay, I need to analyze the provided code snippet to identify potential vulnerabilities and assign the most likely CWEs. Let's go through the code step by step.

The function `swiotlb_print_info` is responsible for printing information about the software IO TLB. Let's look at the code:

1. **Reading
For troubleshooting, visit: https://python.langchain.com/docs/troubleshooting/errors/OUTPUT_PARSING_FAILURE , falling back to strict parser
JSON parsing failed: Invalid json output: - Weak encryption (CWE-257)
- Insecure random number generation (CWE-330)
- Integer overflow (CWE-191, CWE-199)
- Race conditions (CWE-362)
- Weaknesses in time-related functions (CWE-366)
- Weaknesses in resource management (CWE-400)
- Insecure use of dynamically allocated memory (CWE-401)
- Insecure use of static memory (CWE-416)
- Insecure use of external libraries (CWE-496)
- Weaknesses in inter-process communication (CWE-499)
- Weaknesses in intra-process communication (CWE-500)
- Weaknesses in resource locks (CWE-505)
- Weaknesses in resource sharing (CWE-506)
- Weaknesses in resource management (CWE-400)
- Weaknesses in file handling (CWE-399)
- Weaknesses in network handling (CWE-398)
- Weaknesses in data validation (CWE-569)
- Weaknesses in data format (CWE-570)
- Weaknesses in data transformation (CWE-571)
- Weaknesses in data storage (CWE-572)
- Weaknesses in data access (CWE-573)
- Weaknesses in data modification (CWE-574)
- Weaknesses in data encryption (CWE-576)
- Weaknesses in data signing (CWE-577)
- Weaknesses in data integrity (CWE-578)
- Weaknesses in data privacy (CWE-579)
- Weaknesses in data release (CWE-580)
- Weaknesses in data retention (CWE-581)
- Weaknesses in data removal (CWE-582)
- Weaknesses in data access control (CWE-583)
- Weaknesses in data access restriction (CWE-584)
- Weaknesses in data access validation (CWE-585)
- Weaknesses in data access validation (CWE-585)
- Weaknesses in data access validation (CWE-585)
- Weaknesses in data access validation (CWE-585)
- Weaknesses in data access validation (CWE-585)
- Weaknesses in data access validation (CWE-585)
- Weaknesses in data access validation (CWE-585)
- Weaknesses in data access validation (CWE-585)
For troubleshooting, visit: https://python.langchain.com/docs/troubleshooting/errors/OUTPUT_PARSING_FAILURE , falling back to strict parser
