===============================================
Starting CWE Ranking Task for All Models
===============================================
Job ID: 9587390
Node: str-gpu31
Task: rank_cwe
Target: All models on both databases
Python path: /users/azibaeir/miniconda/envs/llmserver/bin/python
Project directory: /users/azibaeir/Research/VulnLLMEval-SANER
===============================================

🔍 Checking current completion status...
===============================================
Database not found: data/gemini_database.sqlite
Database not found: data/gemini_database_leakagefree.sqlite
Database not found: data/deepseek_database.sqlite
Database not found: data/deepseek_database_leakagefree.sqlite
Database not found: data/qwen_database.sqlite
Database not found: data/qwen_database_leakagefree.sqlite
Database not found: data/llama_database.sqlite
Database not found: data/llama_database_leakagefree.sqlite
Database not found: data/starcoder_database.sqlite
Database not found: data/starcoder_database_leakagefree.sqlite
Database not found: data/mistral_database.sqlite
Database not found: data/mistral_database_leakagefree.sqlite
Database not found: data/gemma_database.sqlite
Database not found: data/gemma_database_leakagefree.sqlite

🚀 Starting CWE ranking execution...
===============================================

===============================================
Fri Oct  3 11:19:29 AM EDT 2025: Starting CWE ranking [1] - gemini on database
===============================================
Database not found: data/gemini_database.sqlite
🔄 Will run CWE ranking for gemini on database (database exists)

### Starting CWE ranking for: gemini on database ###
Fri Oct  3 11:19:29 AM EDT 2025: Processing gemini with database.sqlite
Running: python main.py evaluate gemini --database database --tasks rank_cwe
Starting evaluation with model: gemini
Running evaluation on database.sqlite...
2025-10-03 11:19:36,362 - job_gemini_database_1759504776 - INFO - Starting task: rank_cwe
2025-10-03 11:19:47,280 - job_gemini_database_1759504776 - ERROR - Error processing commit d7a6be58edc01b1c66ecd8fcc91236bfbce0a420 for task rank_cwe: database is locked
2025-10-03 11:19:47,282 - job_gemini_database_1759504776 - ERROR - Traceback (most recent call last):
  File "/users/azibaeir/Research/VulnLLMEval-SANER/models/llm_manager.py", line 1393, in rank_cwe
    self.db.execute(
  File "/users/azibaeir/Research/VulnLLMEval-SANER/utils/database.py", line 53, in execute
    result = self.cursor.execute(query, params)
sqlite3.OperationalError: database is locked

During handling of the above exception, another exception occurred:

Traceback (most recent call last):
  File "/users/azibaeir/Research/VulnLLMEval-SANER/scheduler/job_scheduler.py", line 338, in run_job
    self._execute_task(evaluator, task, commit_hash, db_file)
  File "/users/azibaeir/Research/VulnLLMEval-SANER/scheduler/job_scheduler.py", line 444, in _execute_task
    evaluator.rank_cwe(commit_hash, vuln_code)
  File "/users/azibaeir/Research/VulnLLMEval-SANER/models/llm_manager.py", line 1404, in rank_cwe
    self.db.execute(
  File "/users/azibaeir/Research/VulnLLMEval-SANER/utils/database.py", line 53, in execute
    result = self.cursor.execute(query, params)
sqlite3.OperationalError: database is locked

2025-10-03 11:19:58,407 - job_gemini_database_1759504776 - ERROR - Error processing commit 22c7fa171a02d310e3a3f6ed46a698ca8a0060ed for task rank_cwe: database is locked
2025-10-03 11:19:58,407 - job_gemini_database_1759504776 - ERROR - Traceback (most recent call last):
  File "/users/azibaeir/Research/VulnLLMEval-SANER/models/llm_manager.py", line 1393, in rank_cwe
    self.db.execute(
  File "/users/azibaeir/Research/VulnLLMEval-SANER/utils/database.py", line 53, in execute
    result = self.cursor.execute(query, params)
sqlite3.OperationalError: database is locked

During handling of the above exception, another exception occurred:

Traceback (most recent call last):
  File "/users/azibaeir/Research/VulnLLMEval-SANER/scheduler/job_scheduler.py", line 338, in run_job
    self._execute_task(evaluator, task, commit_hash, db_file)
  File "/users/azibaeir/Research/VulnLLMEval-SANER/scheduler/job_scheduler.py", line 444, in _execute_task
    evaluator.rank_cwe(commit_hash, vuln_code)
  File "/users/azibaeir/Research/VulnLLMEval-SANER/models/llm_manager.py", line 1404, in rank_cwe
    self.db.execute(
  File "/users/azibaeir/Research/VulnLLMEval-SANER/utils/database.py", line 53, in execute
    result = self.cursor.execute(query, params)
sqlite3.OperationalError: database is locked

2025-10-03 11:20:09,238 - job_gemini_database_1759504776 - ERROR - Error processing commit 281d464a34f540de166cee74b723e97ac2515ec3 for task rank_cwe: database is locked
2025-10-03 11:20:09,238 - job_gemini_database_1759504776 - ERROR - Traceback (most recent call last):
  File "/users/azibaeir/Research/VulnLLMEval-SANER/models/llm_manager.py", line 1393, in rank_cwe
    self.db.execute(
  File "/users/azibaeir/Research/VulnLLMEval-SANER/utils/database.py", line 53, in execute
    result = self.cursor.execute(query, params)
sqlite3.OperationalError: database is locked

During handling of the above exception, another exception occurred:

Traceback (most recent call last):
  File "/users/azibaeir/Research/VulnLLMEval-SANER/scheduler/job_scheduler.py", line 338, in run_job
    self._execute_task(evaluator, task, commit_hash, db_file)
  File "/users/azibaeir/Research/VulnLLMEval-SANER/scheduler/job_scheduler.py", line 444, in _execute_task
    evaluator.rank_cwe(commit_hash, vuln_code)
  File "/users/azibaeir/Research/VulnLLMEval-SANER/models/llm_manager.py", line 1404, in rank_cwe
    self.db.execute(
  File "/users/azibaeir/Research/VulnLLMEval-SANER/utils/database.py", line 53, in execute
    result = self.cursor.execute(query, params)
sqlite3.OperationalError: database is locked

2025-10-03 11:20:20,120 - job_gemini_database_1759504776 - ERROR - Error processing commit 6787d916c2cf9850c97a0a3f73e08c43e7d973b1 for task rank_cwe: database is locked
2025-10-03 11:20:20,121 - job_gemini_database_1759504776 - ERROR - Traceback (most recent call last):
  File "/users/azibaeir/Research/VulnLLMEval-SANER/models/llm_manager.py", line 1393, in rank_cwe
    self.db.execute(
  File "/users/azibaeir/Research/VulnLLMEval-SANER/utils/database.py", line 53, in execute
    result = self.cursor.execute(query, params)
sqlite3.OperationalError: database is locked

During handling of the above exception, another exception occurred:

Traceback (most recent call last):
  File "/users/azibaeir/Research/VulnLLMEval-SANER/scheduler/job_scheduler.py", line 338, in run_job
    self._execute_task(evaluator, task, commit_hash, db_file)
  File "/users/azibaeir/Research/VulnLLMEval-SANER/scheduler/job_scheduler.py", line 444, in _execute_task
    evaluator.rank_cwe(commit_hash, vuln_code)
  File "/users/azibaeir/Research/VulnLLMEval-SANER/models/llm_manager.py", line 1404, in rank_cwe
    self.db.execute(
  File "/users/azibaeir/Research/VulnLLMEval-SANER/utils/database.py", line 53, in execute
    result = self.cursor.execute(query, params)
sqlite3.OperationalError: database is locked

2025-10-03 11:20:30,996 - job_gemini_database_1759504776 - ERROR - Error processing commit 7a4b21250bf79eef26543d35bd390448646c536b for task rank_cwe: database is locked
2025-10-03 11:20:30,996 - job_gemini_database_1759504776 - ERROR - Traceback (most recent call last):
  File "/users/azibaeir/Research/VulnLLMEval-SANER/models/llm_manager.py", line 1393, in rank_cwe
    self.db.execute(
  File "/users/azibaeir/Research/VulnLLMEval-SANER/utils/database.py", line 53, in execute
    result = self.cursor.execute(query, params)
sqlite3.OperationalError: database is locked

During handling of the above exception, another exception occurred:

Traceback (most recent call last):
  File "/users/azibaeir/Research/VulnLLMEval-SANER/scheduler/job_scheduler.py", line 338, in run_job
    self._execute_task(evaluator, task, commit_hash, db_file)
  File "/users/azibaeir/Research/VulnLLMEval-SANER/scheduler/job_scheduler.py", line 444, in _execute_task
    evaluator.rank_cwe(commit_hash, vuln_code)
  File "/users/azibaeir/Research/VulnLLMEval-SANER/models/llm_manager.py", line 1404, in rank_cwe
    self.db.execute(
  File "/users/azibaeir/Research/VulnLLMEval-SANER/utils/database.py", line 53, in execute
    result = self.cursor.execute(query, params)
sqlite3.OperationalError: database is locked

2025-10-03 11:20:41,829 - job_gemini_database_1759504776 - ERROR - Error processing commit a297d07b9a1e4fb8cda25a4a2363a507d294b7c9 for task rank_cwe: database is locked
2025-10-03 11:20:41,830 - job_gemini_database_1759504776 - ERROR - Traceback (most recent call last):
  File "/users/azibaeir/Research/VulnLLMEval-SANER/models/llm_manager.py", line 1393, in rank_cwe
    self.db.execute(
  File "/users/azibaeir/Research/VulnLLMEval-SANER/utils/database.py", line 53, in execute
    result = self.cursor.execute(query, params)
sqlite3.OperationalError: database is locked

During handling of the above exception, another exception occurred:

Traceback (most recent call last):
  File "/users/azibaeir/Research/VulnLLMEval-SANER/scheduler/job_scheduler.py", line 338, in run_job
    self._execute_task(evaluator, task, commit_hash, db_file)
  File "/users/azibaeir/Research/VulnLLMEval-SANER/scheduler/job_scheduler.py", line 444, in _execute_task
    evaluator.rank_cwe(commit_hash, vuln_code)
  File "/users/azibaeir/Research/VulnLLMEval-SANER/models/llm_manager.py", line 1404, in rank_cwe
    self.db.execute(
  File "/users/azibaeir/Research/VulnLLMEval-SANER/utils/database.py", line 53, in execute
    result = self.cursor.execute(query, params)
sqlite3.OperationalError: database is locked

2025-10-03 11:20:52,809 - job_gemini_database_1759504776 - ERROR - Error processing commit 7c55b78818cfb732680c4a72ab270cc2d2ee3d0f for task rank_cwe: database is locked
2025-10-03 11:20:52,809 - job_gemini_database_1759504776 - ERROR - Traceback (most recent call last):
  File "/users/azibaeir/Research/VulnLLMEval-SANER/models/llm_manager.py", line 1393, in rank_cwe
    self.db.execute(
  File "/users/azibaeir/Research/VulnLLMEval-SANER/utils/database.py", line 53, in execute
    result = self.cursor.execute(query, params)
sqlite3.OperationalError: database is locked

During handling of the above exception, another exception occurred:

Traceback (most recent call last):
  File "/users/azibaeir/Research/VulnLLMEval-SANER/scheduler/job_scheduler.py", line 338, in run_job
    self._execute_task(evaluator, task, commit_hash, db_file)
  File "/users/azibaeir/Research/VulnLLMEval-SANER/scheduler/job_scheduler.py", line 444, in _execute_task
    evaluator.rank_cwe(commit_hash, vuln_code)
  File "/users/azibaeir/Research/VulnLLMEval-SANER/models/llm_manager.py", line 1404, in rank_cwe
    self.db.execute(
  File "/users/azibaeir/Research/VulnLLMEval-SANER/utils/database.py", line 53, in execute
    result = self.cursor.execute(query, params)
sqlite3.OperationalError: database is locked

2025-10-03 11:21:03,571 - job_gemini_database_1759504776 - ERROR - Error processing commit a282a2f10539dce2aa619e71e1817570d557fc97 for task rank_cwe: database is locked
2025-10-03 11:21:03,572 - job_gemini_database_1759504776 - ERROR - Traceback (most recent call last):
  File "/users/azibaeir/Research/VulnLLMEval-SANER/models/llm_manager.py", line 1393, in rank_cwe
    self.db.execute(
  File "/users/azibaeir/Research/VulnLLMEval-SANER/utils/database.py", line 53, in execute
    result = self.cursor.execute(query, params)
sqlite3.OperationalError: database is locked

During handling of the above exception, another exception occurred:

Traceback (most recent call last):
  File "/users/azibaeir/Research/VulnLLMEval-SANER/scheduler/job_scheduler.py", line 338, in run_job
    self._execute_task(evaluator, task, commit_hash, db_file)
  File "/users/azibaeir/Research/VulnLLMEval-SANER/scheduler/job_scheduler.py", line 444, in _execute_task
    evaluator.rank_cwe(commit_hash, vuln_code)
  File "/users/azibaeir/Research/VulnLLMEval-SANER/models/llm_manager.py", line 1404, in rank_cwe
    self.db.execute(
  File "/users/azibaeir/Research/VulnLLMEval-SANER/utils/database.py", line 53, in execute
    result = self.cursor.execute(query, params)
sqlite3.OperationalError: database is locked

2025-10-03 11:21:14,452 - job_gemini_database_1759504776 - ERROR - Error processing commit d3b16034a24a112bb83aeb669ac5b9b01f744bb7 for task rank_cwe: database is locked
2025-10-03 11:21:14,452 - job_gemini_database_1759504776 - ERROR - Traceback (most recent call last):
  File "/users/azibaeir/Research/VulnLLMEval-SANER/models/llm_manager.py", line 1393, in rank_cwe
    self.db.execute(
  File "/users/azibaeir/Research/VulnLLMEval-SANER/utils/database.py", line 53, in execute
    result = self.cursor.execute(query, params)
sqlite3.OperationalError: database is locked

During handling of the above exception, another exception occurred:

Traceback (most recent call last):
  File "/users/azibaeir/Research/VulnLLMEval-SANER/scheduler/job_scheduler.py", line 338, in run_job
    self._execute_task(evaluator, task, commit_hash, db_file)
  File "/users/azibaeir/Research/VulnLLMEval-SANER/scheduler/job_scheduler.py", line 444, in _execute_task
    evaluator.rank_cwe(commit_hash, vuln_code)
  File "/users/azibaeir/Research/VulnLLMEval-SANER/models/llm_manager.py", line 1404, in rank_cwe
    self.db.execute(
  File "/users/azibaeir/Research/VulnLLMEval-SANER/utils/database.py", line 53, in execute
    result = self.cursor.execute(query, params)
sqlite3.OperationalError: database is locked

2025-10-03 11:21:25,224 - job_gemini_database_1759504776 - ERROR - Error processing commit 4fbcc1a4cb20fe26ad0225679c536c80f1648221 for task rank_cwe: database is locked
2025-10-03 11:21:25,224 - job_gemini_database_1759504776 - ERROR - Traceback (most recent call last):
  File "/users/azibaeir/Research/VulnLLMEval-SANER/models/llm_manager.py", line 1393, in rank_cwe
    self.db.execute(
  File "/users/azibaeir/Research/VulnLLMEval-SANER/utils/database.py", line 53, in execute
    result = self.cursor.execute(query, params)
sqlite3.OperationalError: database is locked

During handling of the above exception, another exception occurred:

Traceback (most recent call last):
  File "/users/azibaeir/Research/VulnLLMEval-SANER/scheduler/job_scheduler.py", line 338, in run_job
    self._execute_task(evaluator, task, commit_hash, db_file)
  File "/users/azibaeir/Research/VulnLLMEval-SANER/scheduler/job_scheduler.py", line 444, in _execute_task
    evaluator.rank_cwe(commit_hash, vuln_code)
  File "/users/azibaeir/Research/VulnLLMEval-SANER/models/llm_manager.py", line 1404, in rank_cwe
    self.db.execute(
  File "/users/azibaeir/Research/VulnLLMEval-SANER/utils/database.py", line 53, in execute
    result = self.cursor.execute(query, params)
sqlite3.OperationalError: database is locked

2025-10-03 11:21:36,119 - job_gemini_database_1759504776 - ERROR - Error processing commit 6788ba8aed4e28e90f72d68a9d794e34eac17295 for task rank_cwe: database is locked
2025-10-03 11:21:36,120 - job_gemini_database_1759504776 - ERROR - Traceback (most recent call last):
  File "/users/azibaeir/Research/VulnLLMEval-SANER/models/llm_manager.py", line 1393, in rank_cwe
    self.db.execute(
  File "/users/azibaeir/Research/VulnLLMEval-SANER/utils/database.py", line 53, in execute
    result = self.cursor.execute(query, params)
sqlite3.OperationalError: database is locked

During handling of the above exception, another exception occurred:

Traceback (most recent call last):
  File "/users/azibaeir/Research/VulnLLMEval-SANER/scheduler/job_scheduler.py", line 338, in run_job
    self._execute_task(evaluator, task, commit_hash, db_file)
  File "/users/azibaeir/Research/VulnLLMEval-SANER/scheduler/job_scheduler.py", line 444, in _execute_task
    evaluator.rank_cwe(commit_hash, vuln_code)
  File "/users/azibaeir/Research/VulnLLMEval-SANER/models/llm_manager.py", line 1404, in rank_cwe
    self.db.execute(
  File "/users/azibaeir/Research/VulnLLMEval-SANER/utils/database.py", line 53, in execute
    result = self.cursor.execute(query, params)
sqlite3.OperationalError: database is locked

2025-10-03 11:21:46,974 - job_gemini_database_1759504776 - ERROR - Error processing commit 690b2549b19563ec5ad53e5c82f6a944d910086e for task rank_cwe: database is locked
2025-10-03 11:21:46,974 - job_gemini_database_1759504776 - ERROR - Traceback (most recent call last):
  File "/users/azibaeir/Research/VulnLLMEval-SANER/models/llm_manager.py", line 1393, in rank_cwe
    self.db.execute(
  File "/users/azibaeir/Research/VulnLLMEval-SANER/utils/database.py", line 53, in execute
    result = self.cursor.execute(query, params)
sqlite3.OperationalError: database is locked

During handling of the above exception, another exception occurred:

Traceback (most recent call last):
  File "/users/azibaeir/Research/VulnLLMEval-SANER/scheduler/job_scheduler.py", line 338, in run_job
    self._execute_task(evaluator, task, commit_hash, db_file)
  File "/users/azibaeir/Research/VulnLLMEval-SANER/scheduler/job_scheduler.py", line 444, in _execute_task
    evaluator.rank_cwe(commit_hash, vuln_code)
  File "/users/azibaeir/Research/VulnLLMEval-SANER/models/llm_manager.py", line 1404, in rank_cwe
    self.db.execute(
  File "/users/azibaeir/Research/VulnLLMEval-SANER/utils/database.py", line 53, in execute
    result = self.cursor.execute(query, params)
sqlite3.OperationalError: database is locked

2025-10-03 11:21:57,806 - job_gemini_database_1759504776 - ERROR - Error processing commit 2bfcfd584ff5ccc8bb7acde19b42570414bf880b for task rank_cwe: database is locked
2025-10-03 11:21:57,806 - job_gemini_database_1759504776 - ERROR - Traceback (most recent call last):
  File "/users/azibaeir/Research/VulnLLMEval-SANER/models/llm_manager.py", line 1393, in rank_cwe
    self.db.execute(
  File "/users/azibaeir/Research/VulnLLMEval-SANER/utils/database.py", line 53, in execute
    result = self.cursor.execute(query, params)
sqlite3.OperationalError: database is locked

During handling of the above exception, another exception occurred:

Traceback (most recent call last):
  File "/users/azibaeir/Research/VulnLLMEval-SANER/scheduler/job_scheduler.py", line 338, in run_job
    self._execute_task(evaluator, task, commit_hash, db_file)
  File "/users/azibaeir/Research/VulnLLMEval-SANER/scheduler/job_scheduler.py", line 444, in _execute_task
    evaluator.rank_cwe(commit_hash, vuln_code)
  File "/users/azibaeir/Research/VulnLLMEval-SANER/models/llm_manager.py", line 1404, in rank_cwe
    self.db.execute(
  File "/users/azibaeir/Research/VulnLLMEval-SANER/utils/database.py", line 53, in execute
    result = self.cursor.execute(query, params)
sqlite3.OperationalError: database is locked

2025-10-03 11:22:08,674 - job_gemini_database_1759504776 - ERROR - Error processing commit 497d370a644d95a9f04271aa92cb96d32e84c770 for task rank_cwe: database is locked
2025-10-03 11:22:08,674 - job_gemini_database_1759504776 - ERROR - Traceback (most recent call last):
  File "/users/azibaeir/Research/VulnLLMEval-SANER/models/llm_manager.py", line 1393, in rank_cwe
    self.db.execute(
  File "/users/azibaeir/Research/VulnLLMEval-SANER/utils/database.py", line 53, in execute
    result = self.cursor.execute(query, params)
sqlite3.OperationalError: database is locked

During handling of the above exception, another exception occurred:

Traceback (most recent call last):
  File "/users/azibaeir/Research/VulnLLMEval-SANER/scheduler/job_scheduler.py", line 338, in run_job
    self._execute_task(evaluator, task, commit_hash, db_file)
  File "/users/azibaeir/Research/VulnLLMEval-SANER/scheduler/job_scheduler.py", line 444, in _execute_task
    evaluator.rank_cwe(commit_hash, vuln_code)
  File "/users/azibaeir/Research/VulnLLMEval-SANER/models/llm_manager.py", line 1404, in rank_cwe
    self.db.execute(
  File "/users/azibaeir/Research/VulnLLMEval-SANER/utils/database.py", line 53, in execute
    result = self.cursor.execute(query, params)
sqlite3.OperationalError: database is locked

2025-10-03 11:22:19,739 - job_gemini_database_1759504776 - ERROR - Error processing commit 0ad4b4a2f6357c45fbe444ead1a929a0b4017d03 for task rank_cwe: database is locked
2025-10-03 11:22:19,739 - job_gemini_database_1759504776 - ERROR - Traceback (most recent call last):
  File "/users/azibaeir/Research/VulnLLMEval-SANER/models/llm_manager.py", line 1393, in rank_cwe
    self.db.execute(
  File "/users/azibaeir/Research/VulnLLMEval-SANER/utils/database.py", line 53, in execute
    result = self.cursor.execute(query, params)
sqlite3.OperationalError: database is locked

During handling of the above exception, another exception occurred:

Traceback (most recent call last):
  File "/users/azibaeir/Research/VulnLLMEval-SANER/scheduler/job_scheduler.py", line 338, in run_job
    self._execute_task(evaluator, task, commit_hash, db_file)
  File "/users/azibaeir/Research/VulnLLMEval-SANER/scheduler/job_scheduler.py", line 444, in _execute_task
    evaluator.rank_cwe(commit_hash, vuln_code)
  File "/users/azibaeir/Research/VulnLLMEval-SANER/models/llm_manager.py", line 1404, in rank_cwe
    self.db.execute(
  File "/users/azibaeir/Research/VulnLLMEval-SANER/utils/database.py", line 53, in execute
    result = self.cursor.execute(query, params)
sqlite3.OperationalError: database is locked

2025-10-03 11:22:30,505 - job_gemini_database_1759504776 - ERROR - Error processing commit 6dc445c1905096b2ed4db1a84570375b4e00cc0f for task rank_cwe: database is locked
2025-10-03 11:22:30,505 - job_gemini_database_1759504776 - ERROR - Traceback (most recent call last):
  File "/users/azibaeir/Research/VulnLLMEval-SANER/models/llm_manager.py", line 1393, in rank_cwe
    self.db.execute(
  File "/users/azibaeir/Research/VulnLLMEval-SANER/utils/database.py", line 53, in execute
    result = self.cursor.execute(query, params)
sqlite3.OperationalError: database is locked

During handling of the above exception, another exception occurred:

Traceback (most recent call last):
  File "/users/azibaeir/Research/VulnLLMEval-SANER/scheduler/job_scheduler.py", line 338, in run_job
    self._execute_task(evaluator, task, commit_hash, db_file)
  File "/users/azibaeir/Research/VulnLLMEval-SANER/scheduler/job_scheduler.py", line 444, in _execute_task
    evaluator.rank_cwe(commit_hash, vuln_code)
  File "/users/azibaeir/Research/VulnLLMEval-SANER/models/llm_manager.py", line 1404, in rank_cwe
    self.db.execute(
  File "/users/azibaeir/Research/VulnLLMEval-SANER/utils/database.py", line 53, in execute
    result = self.cursor.execute(query, params)
sqlite3.OperationalError: database is locked

2025-10-03 11:22:41,358 - job_gemini_database_1759504776 - ERROR - Error processing commit 7ae37db29a8bc4d3d116a409308dd98fc3a0b1b3 for task rank_cwe: database is locked
2025-10-03 11:22:41,358 - job_gemini_database_1759504776 - ERROR - Traceback (most recent call last):
  File "/users/azibaeir/Research/VulnLLMEval-SANER/models/llm_manager.py", line 1393, in rank_cwe
    self.db.execute(
  File "/users/azibaeir/Research/VulnLLMEval-SANER/utils/database.py", line 53, in execute
    result = self.cursor.execute(query, params)
sqlite3.OperationalError: database is locked

During handling of the above exception, another exception occurred:

Traceback (most recent call last):
  File "/users/azibaeir/Research/VulnLLMEval-SANER/scheduler/job_scheduler.py", line 338, in run_job
    self._execute_task(evaluator, task, commit_hash, db_file)
  File "/users/azibaeir/Research/VulnLLMEval-SANER/scheduler/job_scheduler.py", line 444, in _execute_task
    evaluator.rank_cwe(commit_hash, vuln_code)
  File "/users/azibaeir/Research/VulnLLMEval-SANER/models/llm_manager.py", line 1404, in rank_cwe
    self.db.execute(
  File "/users/azibaeir/Research/VulnLLMEval-SANER/utils/database.py", line 53, in execute
    result = self.cursor.execute(query, params)
sqlite3.OperationalError: database is locked

2025-10-03 11:22:52,300 - job_gemini_database_1759504776 - ERROR - Error processing commit 838c7b8f1f278404d9d684c34a8cb26dc41aaaa1 for task rank_cwe: database is locked
2025-10-03 11:22:52,300 - job_gemini_database_1759504776 - ERROR - Traceback (most recent call last):
  File "/users/azibaeir/Research/VulnLLMEval-SANER/models/llm_manager.py", line 1393, in rank_cwe
    self.db.execute(
  File "/users/azibaeir/Research/VulnLLMEval-SANER/utils/database.py", line 53, in execute
    result = self.cursor.execute(query, params)
sqlite3.OperationalError: database is locked

During handling of the above exception, another exception occurred:

Traceback (most recent call last):
  File "/users/azibaeir/Research/VulnLLMEval-SANER/scheduler/job_scheduler.py", line 338, in run_job
    self._execute_task(evaluator, task, commit_hash, db_file)
  File "/users/azibaeir/Research/VulnLLMEval-SANER/scheduler/job_scheduler.py", line 444, in _execute_task
    evaluator.rank_cwe(commit_hash, vuln_code)
  File "/users/azibaeir/Research/VulnLLMEval-SANER/models/llm_manager.py", line 1404, in rank_cwe
    self.db.execute(
  File "/users/azibaeir/Research/VulnLLMEval-SANER/utils/database.py", line 53, in execute
    result = self.cursor.execute(query, params)
sqlite3.OperationalError: database is locked

2025-10-03 11:23:03,079 - job_gemini_database_1759504776 - ERROR - Error processing commit 9368cdf90f52a68120d039887ccff74ff33b4444 for task rank_cwe: database is locked
2025-10-03 11:23:03,079 - job_gemini_database_1759504776 - ERROR - Traceback (most recent call last):
  File "/users/azibaeir/Research/VulnLLMEval-SANER/models/llm_manager.py", line 1393, in rank_cwe
    self.db.execute(
  File "/users/azibaeir/Research/VulnLLMEval-SANER/utils/database.py", line 53, in execute
    result = self.cursor.execute(query, params)
sqlite3.OperationalError: database is locked

During handling of the above exception, another exception occurred:

Traceback (most recent call last):
  File "/users/azibaeir/Research/VulnLLMEval-SANER/scheduler/job_scheduler.py", line 338, in run_job
    self._execute_task(evaluator, task, commit_hash, db_file)
  File "/users/azibaeir/Research/VulnLLMEval-SANER/scheduler/job_scheduler.py", line 444, in _execute_task
    evaluator.rank_cwe(commit_hash, vuln_code)
  File "/users/azibaeir/Research/VulnLLMEval-SANER/models/llm_manager.py", line 1404, in rank_cwe
    self.db.execute(
  File "/users/azibaeir/Research/VulnLLMEval-SANER/utils/database.py", line 53, in execute
    result = self.cursor.execute(query, params)
sqlite3.OperationalError: database is locked

2025-10-03 11:23:14,023 - job_gemini_database_1759504776 - ERROR - Error processing commit 8bdd9ef7e9b1b2a73e394712b72b22055e0e26c3 for task rank_cwe: database is locked
2025-10-03 11:23:14,023 - job_gemini_database_1759504776 - ERROR - Traceback (most recent call last):
  File "/users/azibaeir/Research/VulnLLMEval-SANER/models/llm_manager.py", line 1393, in rank_cwe
    self.db.execute(
  File "/users/azibaeir/Research/VulnLLMEval-SANER/utils/database.py", line 53, in execute
    result = self.cursor.execute(query, params)
sqlite3.OperationalError: database is locked

During handling of the above exception, another exception occurred:

Traceback (most recent call last):
  File "/users/azibaeir/Research/VulnLLMEval-SANER/scheduler/job_scheduler.py", line 338, in run_job
    self._execute_task(evaluator, task, commit_hash, db_file)
  File "/users/azibaeir/Research/VulnLLMEval-SANER/scheduler/job_scheduler.py", line 444, in _execute_task
    evaluator.rank_cwe(commit_hash, vuln_code)
  File "/users/azibaeir/Research/VulnLLMEval-SANER/models/llm_manager.py", line 1404, in rank_cwe
    self.db.execute(
  File "/users/azibaeir/Research/VulnLLMEval-SANER/utils/database.py", line 53, in execute
    result = self.cursor.execute(query, params)
sqlite3.OperationalError: database is locked

2025-10-03 11:23:24,770 - job_gemini_database_1759504776 - ERROR - Error processing commit bb5ed01cd2428cd25b1c88a3a9cba87055eb289f for task rank_cwe: database is locked
2025-10-03 11:23:24,770 - job_gemini_database_1759504776 - ERROR - Traceback (most recent call last):
  File "/users/azibaeir/Research/VulnLLMEval-SANER/models/llm_manager.py", line 1393, in rank_cwe
    self.db.execute(
  File "/users/azibaeir/Research/VulnLLMEval-SANER/utils/database.py", line 53, in execute
    result = self.cursor.execute(query, params)
sqlite3.OperationalError: database is locked

During handling of the above exception, another exception occurred:

Traceback (most recent call last):
  File "/users/azibaeir/Research/VulnLLMEval-SANER/scheduler/job_scheduler.py", line 338, in run_job
    self._execute_task(evaluator, task, commit_hash, db_file)
  File "/users/azibaeir/Research/VulnLLMEval-SANER/scheduler/job_scheduler.py", line 444, in _execute_task
    evaluator.rank_cwe(commit_hash, vuln_code)
  File "/users/azibaeir/Research/VulnLLMEval-SANER/models/llm_manager.py", line 1404, in rank_cwe
    self.db.execute(
  File "/users/azibaeir/Research/VulnLLMEval-SANER/utils/database.py", line 53, in execute
    result = self.cursor.execute(query, params)
sqlite3.OperationalError: database is locked

2025-10-03 11:23:35,595 - job_gemini_database_1759504776 - ERROR - Error processing commit c2f8fd7949603efb03908e05abbf7726748c8de3 for task rank_cwe: database is locked
2025-10-03 11:23:35,595 - job_gemini_database_1759504776 - ERROR - Traceback (most recent call last):
  File "/users/azibaeir/Research/VulnLLMEval-SANER/models/llm_manager.py", line 1393, in rank_cwe
    self.db.execute(
  File "/users/azibaeir/Research/VulnLLMEval-SANER/utils/database.py", line 53, in execute
    result = self.cursor.execute(query, params)
sqlite3.OperationalError: database is locked

During handling of the above exception, another exception occurred:

Traceback (most recent call last):
  File "/users/azibaeir/Research/VulnLLMEval-SANER/scheduler/job_scheduler.py", line 338, in run_job
    self._execute_task(evaluator, task, commit_hash, db_file)
  File "/users/azibaeir/Research/VulnLLMEval-SANER/scheduler/job_scheduler.py", line 444, in _execute_task
    evaluator.rank_cwe(commit_hash, vuln_code)
  File "/users/azibaeir/Research/VulnLLMEval-SANER/models/llm_manager.py", line 1404, in rank_cwe
    self.db.execute(
  File "/users/azibaeir/Research/VulnLLMEval-SANER/utils/database.py", line 53, in execute
    result = self.cursor.execute(query, params)
sqlite3.OperationalError: database is locked

2025-10-03 11:23:46,421 - job_gemini_database_1759504776 - ERROR - Error processing commit 2d47b79d2bd39cc6369eccf94a06568d84c906ae for task rank_cwe: database is locked
2025-10-03 11:23:46,421 - job_gemini_database_1759504776 - ERROR - Traceback (most recent call last):
  File "/users/azibaeir/Research/VulnLLMEval-SANER/models/llm_manager.py", line 1393, in rank_cwe
    self.db.execute(
  File "/users/azibaeir/Research/VulnLLMEval-SANER/utils/database.py", line 53, in execute
    result = self.cursor.execute(query, params)
sqlite3.OperationalError: database is locked

During handling of the above exception, another exception occurred:

Traceback (most recent call last):
  File "/users/azibaeir/Research/VulnLLMEval-SANER/scheduler/job_scheduler.py", line 338, in run_job
    self._execute_task(evaluator, task, commit_hash, db_file)
  File "/users/azibaeir/Research/VulnLLMEval-SANER/scheduler/job_scheduler.py", line 444, in _execute_task
    evaluator.rank_cwe(commit_hash, vuln_code)
  File "/users/azibaeir/Research/VulnLLMEval-SANER/models/llm_manager.py", line 1404, in rank_cwe
    self.db.execute(
  File "/users/azibaeir/Research/VulnLLMEval-SANER/utils/database.py", line 53, in execute
    result = self.cursor.execute(query, params)
sqlite3.OperationalError: database is locked

2025-10-03 11:23:57,410 - job_gemini_database_1759504776 - ERROR - Error processing commit 39244cc754829bf707dccd12e2ce37510f5b1f8d for task rank_cwe: database is locked
2025-10-03 11:23:57,410 - job_gemini_database_1759504776 - ERROR - Traceback (most recent call last):
  File "/users/azibaeir/Research/VulnLLMEval-SANER/models/llm_manager.py", line 1393, in rank_cwe
    self.db.execute(
  File "/users/azibaeir/Research/VulnLLMEval-SANER/utils/database.py", line 53, in execute
    result = self.cursor.execute(query, params)
sqlite3.OperationalError: database is locked

During handling of the above exception, another exception occurred:

Traceback (most recent call last):
  File "/users/azibaeir/Research/VulnLLMEval-SANER/scheduler/job_scheduler.py", line 338, in run_job
    self._execute_task(evaluator, task, commit_hash, db_file)
  File "/users/azibaeir/Research/VulnLLMEval-SANER/scheduler/job_scheduler.py", line 444, in _execute_task
    evaluator.rank_cwe(commit_hash, vuln_code)
  File "/users/azibaeir/Research/VulnLLMEval-SANER/models/llm_manager.py", line 1404, in rank_cwe
    self.db.execute(
  File "/users/azibaeir/Research/VulnLLMEval-SANER/utils/database.py", line 53, in execute
    result = self.cursor.execute(query, params)
sqlite3.OperationalError: database is locked

2025-10-03 11:24:08,456 - job_gemini_database_1759504776 - ERROR - Error processing commit 022587d8aec3da1d1698ddae9fb8cfe35f3ad49c for task rank_cwe: database is locked
2025-10-03 11:24:08,456 - job_gemini_database_1759504776 - ERROR - Traceback (most recent call last):
  File "/users/azibaeir/Research/VulnLLMEval-SANER/models/llm_manager.py", line 1393, in rank_cwe
    self.db.execute(
  File "/users/azibaeir/Research/VulnLLMEval-SANER/utils/database.py", line 53, in execute
    result = self.cursor.execute(query, params)
sqlite3.OperationalError: database is locked

During handling of the above exception, another exception occurred:

Traceback (most recent call last):
  File "/users/azibaeir/Research/VulnLLMEval-SANER/scheduler/job_scheduler.py", line 338, in run_job
    self._execute_task(evaluator, task, commit_hash, db_file)
  File "/users/azibaeir/Research/VulnLLMEval-SANER/scheduler/job_scheduler.py", line 444, in _execute_task
    evaluator.rank_cwe(commit_hash, vuln_code)
  File "/users/azibaeir/Research/VulnLLMEval-SANER/models/llm_manager.py", line 1404, in rank_cwe
    self.db.execute(
  File "/users/azibaeir/Research/VulnLLMEval-SANER/utils/database.py", line 53, in execute
    result = self.cursor.execute(query, params)
sqlite3.OperationalError: database is locked

2025-10-03 11:24:19,296 - job_gemini_database_1759504776 - ERROR - Error processing commit 03f12122b20b6e6028e9ed69030a49f9cffcbb75 for task rank_cwe: database is locked
2025-10-03 11:24:19,296 - job_gemini_database_1759504776 - ERROR - Traceback (most recent call last):
  File "/users/azibaeir/Research/VulnLLMEval-SANER/models/llm_manager.py", line 1393, in rank_cwe
    self.db.execute(
  File "/users/azibaeir/Research/VulnLLMEval-SANER/utils/database.py", line 53, in execute
    result = self.cursor.execute(query, params)
sqlite3.OperationalError: database is locked

During handling of the above exception, another exception occurred:

Traceback (most recent call last):
  File "/users/azibaeir/Research/VulnLLMEval-SANER/scheduler/job_scheduler.py", line 338, in run_job
    self._execute_task(evaluator, task, commit_hash, db_file)
  File "/users/azibaeir/Research/VulnLLMEval-SANER/scheduler/job_scheduler.py", line 444, in _execute_task
    evaluator.rank_cwe(commit_hash, vuln_code)
  File "/users/azibaeir/Research/VulnLLMEval-SANER/models/llm_manager.py", line 1404, in rank_cwe
    self.db.execute(
  File "/users/azibaeir/Research/VulnLLMEval-SANER/utils/database.py", line 53, in execute
    result = self.cursor.execute(query, params)
sqlite3.OperationalError: database is locked

2025-10-03 11:24:30,150 - job_gemini_database_1759504776 - ERROR - Error processing commit 08e50cf071847323414df0835109b6f3560d44f5 for task rank_cwe: database is locked
2025-10-03 11:24:30,150 - job_gemini_database_1759504776 - ERROR - Traceback (most recent call last):
  File "/users/azibaeir/Research/VulnLLMEval-SANER/models/llm_manager.py", line 1393, in rank_cwe
    self.db.execute(
  File "/users/azibaeir/Research/VulnLLMEval-SANER/utils/database.py", line 53, in execute
    result = self.cursor.execute(query, params)
sqlite3.OperationalError: database is locked

During handling of the above exception, another exception occurred:

Traceback (most recent call last):
  File "/users/azibaeir/Research/VulnLLMEval-SANER/scheduler/job_scheduler.py", line 338, in run_job
    self._execute_task(evaluator, task, commit_hash, db_file)
  File "/users/azibaeir/Research/VulnLLMEval-SANER/scheduler/job_scheduler.py", line 444, in _execute_task
    evaluator.rank_cwe(commit_hash, vuln_code)
  File "/users/azibaeir/Research/VulnLLMEval-SANER/models/llm_manager.py", line 1404, in rank_cwe
    self.db.execute(
  File "/users/azibaeir/Research/VulnLLMEval-SANER/utils/database.py", line 53, in execute
    result = self.cursor.execute(query, params)
sqlite3.OperationalError: database is locked

2025-10-03 11:24:40,969 - job_gemini_database_1759504776 - ERROR - Error processing commit 0d151a103775dd9645c78c97f77d6e2a5298d913 for task rank_cwe: database is locked
2025-10-03 11:24:40,969 - job_gemini_database_1759504776 - ERROR - Traceback (most recent call last):
  File "/users/azibaeir/Research/VulnLLMEval-SANER/models/llm_manager.py", line 1393, in rank_cwe
    self.db.execute(
  File "/users/azibaeir/Research/VulnLLMEval-SANER/utils/database.py", line 53, in execute
    result = self.cursor.execute(query, params)
sqlite3.OperationalError: database is locked

During handling of the above exception, another exception occurred:

Traceback (most recent call last):
  File "/users/azibaeir/Research/VulnLLMEval-SANER/scheduler/job_scheduler.py", line 338, in run_job
    self._execute_task(evaluator, task, commit_hash, db_file)
  File "/users/azibaeir/Research/VulnLLMEval-SANER/scheduler/job_scheduler.py", line 444, in _execute_task
    evaluator.rank_cwe(commit_hash, vuln_code)
  File "/users/azibaeir/Research/VulnLLMEval-SANER/models/llm_manager.py", line 1404, in rank_cwe
    self.db.execute(
  File "/users/azibaeir/Research/VulnLLMEval-SANER/utils/database.py", line 53, in execute
    result = self.cursor.execute(query, params)
sqlite3.OperationalError: database is locked

2025-10-03 11:24:51,961 - job_gemini_database_1759504776 - ERROR - Error processing commit 0f06228d4a2dcc1fca5b3ddb0eefa09c05b102c4 for task rank_cwe: database is locked
2025-10-03 11:24:51,961 - job_gemini_database_1759504776 - ERROR - Traceback (most recent call last):
  File "/users/azibaeir/Research/VulnLLMEval-SANER/models/llm_manager.py", line 1393, in rank_cwe
    self.db.execute(
  File "/users/azibaeir/Research/VulnLLMEval-SANER/utils/database.py", line 53, in execute
    result = self.cursor.execute(query, params)
sqlite3.OperationalError: database is locked

During handling of the above exception, another exception occurred:

Traceback (most recent call last):
  File "/users/azibaeir/Research/VulnLLMEval-SANER/scheduler/job_scheduler.py", line 338, in run_job
    self._execute_task(evaluator, task, commit_hash, db_file)
  File "/users/azibaeir/Research/VulnLLMEval-SANER/scheduler/job_scheduler.py", line 444, in _execute_task
    evaluator.rank_cwe(commit_hash, vuln_code)
  File "/users/azibaeir/Research/VulnLLMEval-SANER/models/llm_manager.py", line 1404, in rank_cwe
    self.db.execute(
  File "/users/azibaeir/Research/VulnLLMEval-SANER/utils/database.py", line 53, in execute
    result = self.cursor.execute(query, params)
sqlite3.OperationalError: database is locked

2025-10-03 11:25:02,827 - job_gemini_database_1759504776 - ERROR - Error processing commit 151f66bb618d1fd0eeb84acb61b4a9fa5d8bb0fa for task rank_cwe: database is locked
2025-10-03 11:25:02,828 - job_gemini_database_1759504776 - ERROR - Traceback (most recent call last):
  File "/users/azibaeir/Research/VulnLLMEval-SANER/models/llm_manager.py", line 1393, in rank_cwe
    self.db.execute(
  File "/users/azibaeir/Research/VulnLLMEval-SANER/utils/database.py", line 53, in execute
    result = self.cursor.execute(query, params)
sqlite3.OperationalError: database is locked

During handling of the above exception, another exception occurred:

Traceback (most recent call last):
  File "/users/azibaeir/Research/VulnLLMEval-SANER/scheduler/job_scheduler.py", line 338, in run_job
    self._execute_task(evaluator, task, commit_hash, db_file)
  File "/users/azibaeir/Research/VulnLLMEval-SANER/scheduler/job_scheduler.py", line 444, in _execute_task
    evaluator.rank_cwe(commit_hash, vuln_code)
  File "/users/azibaeir/Research/VulnLLMEval-SANER/models/llm_manager.py", line 1404, in rank_cwe
    self.db.execute(
  File "/users/azibaeir/Research/VulnLLMEval-SANER/utils/database.py", line 53, in execute
    result = self.cursor.execute(query, params)
sqlite3.OperationalError: database is locked

2025-10-03 11:25:13,671 - job_gemini_database_1759504776 - ERROR - Error processing commit 6ad959b6703e2c4c5d7af03b4cfd5ff608036339 for task rank_cwe: database is locked
2025-10-03 11:25:13,671 - job_gemini_database_1759504776 - ERROR - Traceback (most recent call last):
  File "/users/azibaeir/Research/VulnLLMEval-SANER/models/llm_manager.py", line 1393, in rank_cwe
    self.db.execute(
  File "/users/azibaeir/Research/VulnLLMEval-SANER/utils/database.py", line 53, in execute
    result = self.cursor.execute(query, params)
sqlite3.OperationalError: database is locked

During handling of the above exception, another exception occurred:

Traceback (most recent call last):
  File "/users/azibaeir/Research/VulnLLMEval-SANER/scheduler/job_scheduler.py", line 338, in run_job
    self._execute_task(evaluator, task, commit_hash, db_file)
  File "/users/azibaeir/Research/VulnLLMEval-SANER/scheduler/job_scheduler.py", line 444, in _execute_task
    evaluator.rank_cwe(commit_hash, vuln_code)
  File "/users/azibaeir/Research/VulnLLMEval-SANER/models/llm_manager.py", line 1404, in rank_cwe
    self.db.execute(
  File "/users/azibaeir/Research/VulnLLMEval-SANER/utils/database.py", line 53, in execute
    result = self.cursor.execute(query, params)
sqlite3.OperationalError: database is locked

2025-10-03 11:25:24,479 - job_gemini_database_1759504776 - ERROR - Error processing commit 6eabce6608d6f3440f4c03aa3d3ef50a47a3d193 for task rank_cwe: database is locked
2025-10-03 11:25:24,479 - job_gemini_database_1759504776 - ERROR - Traceback (most recent call last):
  File "/users/azibaeir/Research/VulnLLMEval-SANER/models/llm_manager.py", line 1393, in rank_cwe
    self.db.execute(
  File "/users/azibaeir/Research/VulnLLMEval-SANER/utils/database.py", line 53, in execute
    result = self.cursor.execute(query, params)
sqlite3.OperationalError: database is locked

During handling of the above exception, another exception occurred:

Traceback (most recent call last):
  File "/users/azibaeir/Research/VulnLLMEval-SANER/scheduler/job_scheduler.py", line 338, in run_job
    self._execute_task(evaluator, task, commit_hash, db_file)
  File "/users/azibaeir/Research/VulnLLMEval-SANER/scheduler/job_scheduler.py", line 444, in _execute_task
    evaluator.rank_cwe(commit_hash, vuln_code)
  File "/users/azibaeir/Research/VulnLLMEval-SANER/models/llm_manager.py", line 1404, in rank_cwe
    self.db.execute(
  File "/users/azibaeir/Research/VulnLLMEval-SANER/utils/database.py", line 53, in execute
    result = self.cursor.execute(query, params)
sqlite3.OperationalError: database is locked

2025-10-03 11:25:35,303 - job_gemini_database_1759504776 - ERROR - Error processing commit a5b862c6a221459d54e494e88965b48dcfa6cc44 for task rank_cwe: database is locked
2025-10-03 11:25:35,303 - job_gemini_database_1759504776 - ERROR - Traceback (most recent call last):
  File "/users/azibaeir/Research/VulnLLMEval-SANER/models/llm_manager.py", line 1393, in rank_cwe
    self.db.execute(
  File "/users/azibaeir/Research/VulnLLMEval-SANER/utils/database.py", line 53, in execute
    result = self.cursor.execute(query, params)
sqlite3.OperationalError: database is locked

During handling of the above exception, another exception occurred:

Traceback (most recent call last):
  File "/users/azibaeir/Research/VulnLLMEval-SANER/scheduler/job_scheduler.py", line 338, in run_job
    self._execute_task(evaluator, task, commit_hash, db_file)
  File "/users/azibaeir/Research/VulnLLMEval-SANER/scheduler/job_scheduler.py", line 444, in _execute_task
    evaluator.rank_cwe(commit_hash, vuln_code)
  File "/users/azibaeir/Research/VulnLLMEval-SANER/models/llm_manager.py", line 1404, in rank_cwe
    self.db.execute(
  File "/users/azibaeir/Research/VulnLLMEval-SANER/utils/database.py", line 53, in execute
    result = self.cursor.execute(query, params)
sqlite3.OperationalError: database is locked

2025-10-03 11:25:46,212 - job_gemini_database_1759504776 - ERROR - Error processing commit febccb39255f9df35527b88c953b2e0deae50e53 for task rank_cwe: database is locked
2025-10-03 11:25:46,212 - job_gemini_database_1759504776 - ERROR - Traceback (most recent call last):
  File "/users/azibaeir/Research/VulnLLMEval-SANER/models/llm_manager.py", line 1393, in rank_cwe
    self.db.execute(
  File "/users/azibaeir/Research/VulnLLMEval-SANER/utils/database.py", line 53, in execute
    result = self.cursor.execute(query, params)
sqlite3.OperationalError: database is locked

During handling of the above exception, another exception occurred:

Traceback (most recent call last):
  File "/users/azibaeir/Research/VulnLLMEval-SANER/scheduler/job_scheduler.py", line 338, in run_job
    self._execute_task(evaluator, task, commit_hash, db_file)
  File "/users/azibaeir/Research/VulnLLMEval-SANER/scheduler/job_scheduler.py", line 444, in _execute_task
    evaluator.rank_cwe(commit_hash, vuln_code)
  File "/users/azibaeir/Research/VulnLLMEval-SANER/models/llm_manager.py", line 1404, in rank_cwe
    self.db.execute(
  File "/users/azibaeir/Research/VulnLLMEval-SANER/utils/database.py", line 53, in execute
    result = self.cursor.execute(query, params)
sqlite3.OperationalError: database is locked

2025-10-03 11:25:57,311 - job_gemini_database_1759504776 - ERROR - Error processing commit f3554aeb991214cbfafd17d55e2bfddb50282e32 for task rank_cwe: database is locked
2025-10-03 11:25:57,311 - job_gemini_database_1759504776 - ERROR - Traceback (most recent call last):
  File "/users/azibaeir/Research/VulnLLMEval-SANER/models/llm_manager.py", line 1393, in rank_cwe
    self.db.execute(
  File "/users/azibaeir/Research/VulnLLMEval-SANER/utils/database.py", line 53, in execute
    result = self.cursor.execute(query, params)
sqlite3.OperationalError: database is locked

During handling of the above exception, another exception occurred:

Traceback (most recent call last):
  File "/users/azibaeir/Research/VulnLLMEval-SANER/scheduler/job_scheduler.py", line 338, in run_job
    self._execute_task(evaluator, task, commit_hash, db_file)
  File "/users/azibaeir/Research/VulnLLMEval-SANER/scheduler/job_scheduler.py", line 444, in _execute_task
    evaluator.rank_cwe(commit_hash, vuln_code)
  File "/users/azibaeir/Research/VulnLLMEval-SANER/models/llm_manager.py", line 1404, in rank_cwe
    self.db.execute(
  File "/users/azibaeir/Research/VulnLLMEval-SANER/utils/database.py", line 53, in execute
    result = self.cursor.execute(query, params)
sqlite3.OperationalError: database is locked

2025-10-03 11:26:08,156 - job_gemini_database_1759504776 - ERROR - Error processing commit b4fc36e60f25cf22bf8b7b015a701015740c3743 for task rank_cwe: database is locked
2025-10-03 11:26:08,156 - job_gemini_database_1759504776 - ERROR - Traceback (most recent call last):
  File "/users/azibaeir/Research/VulnLLMEval-SANER/models/llm_manager.py", line 1393, in rank_cwe
    self.db.execute(
  File "/users/azibaeir/Research/VulnLLMEval-SANER/utils/database.py", line 53, in execute
    result = self.cursor.execute(query, params)
sqlite3.OperationalError: database is locked

During handling of the above exception, another exception occurred:

Traceback (most recent call last):
  File "/users/azibaeir/Research/VulnLLMEval-SANER/scheduler/job_scheduler.py", line 338, in run_job
    self._execute_task(evaluator, task, commit_hash, db_file)
  File "/users/azibaeir/Research/VulnLLMEval-SANER/scheduler/job_scheduler.py", line 444, in _execute_task
    evaluator.rank_cwe(commit_hash, vuln_code)
  File "/users/azibaeir/Research/VulnLLMEval-SANER/models/llm_manager.py", line 1404, in rank_cwe
    self.db.execute(
  File "/users/azibaeir/Research/VulnLLMEval-SANER/utils/database.py", line 53, in execute
    result = self.cursor.execute(query, params)
sqlite3.OperationalError: database is locked

2025-10-03 11:26:19,060 - job_gemini_database_1759504776 - ERROR - Error processing commit f16d80b75a096c52354c6e0a574993f3b0dfbdfe for task rank_cwe: database is locked
2025-10-03 11:26:19,061 - job_gemini_database_1759504776 - ERROR - Traceback (most recent call last):
  File "/users/azibaeir/Research/VulnLLMEval-SANER/models/llm_manager.py", line 1393, in rank_cwe
    self.db.execute(
  File "/users/azibaeir/Research/VulnLLMEval-SANER/utils/database.py", line 53, in execute
    result = self.cursor.execute(query, params)
sqlite3.OperationalError: database is locked

During handling of the above exception, another exception occurred:

Traceback (most recent call last):
  File "/users/azibaeir/Research/VulnLLMEval-SANER/scheduler/job_scheduler.py", line 338, in run_job
    self._execute_task(evaluator, task, commit_hash, db_file)
  File "/users/azibaeir/Research/VulnLLMEval-SANER/scheduler/job_scheduler.py", line 444, in _execute_task
    evaluator.rank_cwe(commit_hash, vuln_code)
  File "/users/azibaeir/Research/VulnLLMEval-SANER/models/llm_manager.py", line 1404, in rank_cwe
    self.db.execute(
  File "/users/azibaeir/Research/VulnLLMEval-SANER/utils/database.py", line 53, in execute
    result = self.cursor.execute(query, params)
sqlite3.OperationalError: database is locked

2025-10-03 11:26:29,944 - job_gemini_database_1759504776 - ERROR - Error processing commit 415e3d3e90ce9e18727e8843ae343eda5a58fad6 for task rank_cwe: database is locked
2025-10-03 11:26:29,944 - job_gemini_database_1759504776 - ERROR - Traceback (most recent call last):
  File "/users/azibaeir/Research/VulnLLMEval-SANER/models/llm_manager.py", line 1393, in rank_cwe
    self.db.execute(
  File "/users/azibaeir/Research/VulnLLMEval-SANER/utils/database.py", line 53, in execute
    result = self.cursor.execute(query, params)
sqlite3.OperationalError: database is locked

During handling of the above exception, another exception occurred:

Traceback (most recent call last):
  File "/users/azibaeir/Research/VulnLLMEval-SANER/scheduler/job_scheduler.py", line 338, in run_job
    self._execute_task(evaluator, task, commit_hash, db_file)
  File "/users/azibaeir/Research/VulnLLMEval-SANER/scheduler/job_scheduler.py", line 444, in _execute_task
    evaluator.rank_cwe(commit_hash, vuln_code)
  File "/users/azibaeir/Research/VulnLLMEval-SANER/models/llm_manager.py", line 1404, in rank_cwe
    self.db.execute(
  File "/users/azibaeir/Research/VulnLLMEval-SANER/utils/database.py", line 53, in execute
    result = self.cursor.execute(query, params)
sqlite3.OperationalError: database is locked

2025-10-03 11:26:40,750 - job_gemini_database_1759504776 - ERROR - Error processing commit 759c01142a5d0f364a462346168a56de28a80f52 for task rank_cwe: database is locked
2025-10-03 11:26:40,751 - job_gemini_database_1759504776 - ERROR - Traceback (most recent call last):
  File "/users/azibaeir/Research/VulnLLMEval-SANER/models/llm_manager.py", line 1393, in rank_cwe
    self.db.execute(
  File "/users/azibaeir/Research/VulnLLMEval-SANER/utils/database.py", line 53, in execute
    result = self.cursor.execute(query, params)
sqlite3.OperationalError: database is locked

During handling of the above exception, another exception occurred:

Traceback (most recent call last):
  File "/users/azibaeir/Research/VulnLLMEval-SANER/scheduler/job_scheduler.py", line 338, in run_job
    self._execute_task(evaluator, task, commit_hash, db_file)
  File "/users/azibaeir/Research/VulnLLMEval-SANER/scheduler/job_scheduler.py", line 444, in _execute_task
    evaluator.rank_cwe(commit_hash, vuln_code)
  File "/users/azibaeir/Research/VulnLLMEval-SANER/models/llm_manager.py", line 1404, in rank_cwe
    self.db.execute(
  File "/users/azibaeir/Research/VulnLLMEval-SANER/utils/database.py", line 53, in execute
    result = self.cursor.execute(query, params)
sqlite3.OperationalError: database is locked

2025-10-03 11:26:51,563 - job_gemini_database_1759504776 - ERROR - Error processing commit 93362fa47fe98b62e4a34ab408c4a418432e7939 for task rank_cwe: database is locked
2025-10-03 11:26:51,564 - job_gemini_database_1759504776 - ERROR - Traceback (most recent call last):
  File "/users/azibaeir/Research/VulnLLMEval-SANER/models/llm_manager.py", line 1393, in rank_cwe
    self.db.execute(
  File "/users/azibaeir/Research/VulnLLMEval-SANER/utils/database.py", line 53, in execute
    result = self.cursor.execute(query, params)
sqlite3.OperationalError: database is locked

During handling of the above exception, another exception occurred:

Traceback (most recent call last):
  File "/users/azibaeir/Research/VulnLLMEval-SANER/scheduler/job_scheduler.py", line 338, in run_job
    self._execute_task(evaluator, task, commit_hash, db_file)
  File "/users/azibaeir/Research/VulnLLMEval-SANER/scheduler/job_scheduler.py", line 444, in _execute_task
    evaluator.rank_cwe(commit_hash, vuln_code)
  File "/users/azibaeir/Research/VulnLLMEval-SANER/models/llm_manager.py", line 1404, in rank_cwe
    self.db.execute(
  File "/users/azibaeir/Research/VulnLLMEval-SANER/utils/database.py", line 53, in execute
    result = self.cursor.execute(query, params)
sqlite3.OperationalError: database is locked

2025-10-03 11:27:02,488 - job_gemini_database_1759504776 - ERROR - Error processing commit 87797fad6cce28ec9be3c13f031776ff4f104cfc for task rank_cwe: database is locked
2025-10-03 11:27:02,488 - job_gemini_database_1759504776 - ERROR - Traceback (most recent call last):
  File "/users/azibaeir/Research/VulnLLMEval-SANER/models/llm_manager.py", line 1393, in rank_cwe
    self.db.execute(
  File "/users/azibaeir/Research/VulnLLMEval-SANER/utils/database.py", line 53, in execute
    result = self.cursor.execute(query, params)
sqlite3.OperationalError: database is locked

During handling of the above exception, another exception occurred:

Traceback (most recent call last):
  File "/users/azibaeir/Research/VulnLLMEval-SANER/scheduler/job_scheduler.py", line 338, in run_job
    self._execute_task(evaluator, task, commit_hash, db_file)
  File "/users/azibaeir/Research/VulnLLMEval-SANER/scheduler/job_scheduler.py", line 444, in _execute_task
    evaluator.rank_cwe(commit_hash, vuln_code)
  File "/users/azibaeir/Research/VulnLLMEval-SANER/models/llm_manager.py", line 1404, in rank_cwe
    self.db.execute(
  File "/users/azibaeir/Research/VulnLLMEval-SANER/utils/database.py", line 53, in execute
    result = self.cursor.execute(query, params)
sqlite3.OperationalError: database is locked

2025-10-03 11:27:13,277 - job_gemini_database_1759504776 - ERROR - Error processing commit bb7a0156365dffe2fcd63e2051145fbe4f8908b4 for task rank_cwe: database is locked
2025-10-03 11:27:13,278 - job_gemini_database_1759504776 - ERROR - Traceback (most recent call last):
  File "/users/azibaeir/Research/VulnLLMEval-SANER/models/llm_manager.py", line 1393, in rank_cwe
    self.db.execute(
  File "/users/azibaeir/Research/VulnLLMEval-SANER/utils/database.py", line 53, in execute
    result = self.cursor.execute(query, params)
sqlite3.OperationalError: database is locked

During handling of the above exception, another exception occurred:

Traceback (most recent call last):
  File "/users/azibaeir/Research/VulnLLMEval-SANER/scheduler/job_scheduler.py", line 338, in run_job
    self._execute_task(evaluator, task, commit_hash, db_file)
  File "/users/azibaeir/Research/VulnLLMEval-SANER/scheduler/job_scheduler.py", line 444, in _execute_task
    evaluator.rank_cwe(commit_hash, vuln_code)
  File "/users/azibaeir/Research/VulnLLMEval-SANER/models/llm_manager.py", line 1404, in rank_cwe
    self.db.execute(
  File "/users/azibaeir/Research/VulnLLMEval-SANER/utils/database.py", line 53, in execute
    result = self.cursor.execute(query, params)
sqlite3.OperationalError: database is locked

2025-10-03 11:27:24,144 - job_gemini_database_1759504776 - ERROR - Error processing commit 1fb254aa983bf190cfd685d40c64a480a9bafaee for task rank_cwe: database is locked
2025-10-03 11:27:24,145 - job_gemini_database_1759504776 - ERROR - Traceback (most recent call last):
  File "/users/azibaeir/Research/VulnLLMEval-SANER/models/llm_manager.py", line 1393, in rank_cwe
    self.db.execute(
  File "/users/azibaeir/Research/VulnLLMEval-SANER/utils/database.py", line 53, in execute
    result = self.cursor.execute(query, params)
sqlite3.OperationalError: database is locked

During handling of the above exception, another exception occurred:

Traceback (most recent call last):
  File "/users/azibaeir/Research/VulnLLMEval-SANER/scheduler/job_scheduler.py", line 338, in run_job
    self._execute_task(evaluator, task, commit_hash, db_file)
  File "/users/azibaeir/Research/VulnLLMEval-SANER/scheduler/job_scheduler.py", line 444, in _execute_task
    evaluator.rank_cwe(commit_hash, vuln_code)
  File "/users/azibaeir/Research/VulnLLMEval-SANER/models/llm_manager.py", line 1404, in rank_cwe
    self.db.execute(
  File "/users/azibaeir/Research/VulnLLMEval-SANER/utils/database.py", line 53, in execute
    result = self.cursor.execute(query, params)
sqlite3.OperationalError: database is locked

2025-10-03 11:27:35,028 - job_gemini_database_1759504776 - ERROR - Error processing commit 8a2b22203f8596729c54eba221b4044351bfe167 for task rank_cwe: database is locked
2025-10-03 11:27:35,028 - job_gemini_database_1759504776 - ERROR - Traceback (most recent call last):
  File "/users/azibaeir/Research/VulnLLMEval-SANER/models/llm_manager.py", line 1393, in rank_cwe
    self.db.execute(
  File "/users/azibaeir/Research/VulnLLMEval-SANER/utils/database.py", line 53, in execute
    result = self.cursor.execute(query, params)
sqlite3.OperationalError: database is locked

During handling of the above exception, another exception occurred:

Traceback (most recent call last):
  File "/users/azibaeir/Research/VulnLLMEval-SANER/scheduler/job_scheduler.py", line 338, in run_job
    self._execute_task(evaluator, task, commit_hash, db_file)
  File "/users/azibaeir/Research/VulnLLMEval-SANER/scheduler/job_scheduler.py", line 444, in _execute_task
    evaluator.rank_cwe(commit_hash, vuln_code)
  File "/users/azibaeir/Research/VulnLLMEval-SANER/models/llm_manager.py", line 1404, in rank_cwe
    self.db.execute(
  File "/users/azibaeir/Research/VulnLLMEval-SANER/utils/database.py", line 53, in execute
    result = self.cursor.execute(query, params)
sqlite3.OperationalError: database is locked

2025-10-03 11:27:45,838 - job_gemini_database_1759504776 - ERROR - Error processing commit 967c05aee439e6e5d7d805e195b3a20ef5c433d6 for task rank_cwe: database is locked
2025-10-03 11:27:45,838 - job_gemini_database_1759504776 - ERROR - Traceback (most recent call last):
  File "/users/azibaeir/Research/VulnLLMEval-SANER/models/llm_manager.py", line 1393, in rank_cwe
    self.db.execute(
  File "/users/azibaeir/Research/VulnLLMEval-SANER/utils/database.py", line 53, in execute
    result = self.cursor.execute(query, params)
sqlite3.OperationalError: database is locked

During handling of the above exception, another exception occurred:

Traceback (most recent call last):
  File "/users/azibaeir/Research/VulnLLMEval-SANER/scheduler/job_scheduler.py", line 338, in run_job
    self._execute_task(evaluator, task, commit_hash, db_file)
  File "/users/azibaeir/Research/VulnLLMEval-SANER/scheduler/job_scheduler.py", line 444, in _execute_task
    evaluator.rank_cwe(commit_hash, vuln_code)
  File "/users/azibaeir/Research/VulnLLMEval-SANER/models/llm_manager.py", line 1404, in rank_cwe
    self.db.execute(
  File "/users/azibaeir/Research/VulnLLMEval-SANER/utils/database.py", line 53, in execute
    result = self.cursor.execute(query, params)
sqlite3.OperationalError: database is locked

2025-10-03 11:27:56,666 - job_gemini_database_1759504776 - ERROR - Error processing commit 0e50fcc20bd87584840266e8004f9064a8985b4f for task rank_cwe: database is locked
2025-10-03 11:27:56,666 - job_gemini_database_1759504776 - ERROR - Traceback (most recent call last):
  File "/users/azibaeir/Research/VulnLLMEval-SANER/models/llm_manager.py", line 1393, in rank_cwe
    self.db.execute(
  File "/users/azibaeir/Research/VulnLLMEval-SANER/utils/database.py", line 53, in execute
    result = self.cursor.execute(query, params)
sqlite3.OperationalError: database is locked

During handling of the above exception, another exception occurred:

Traceback (most recent call last):
  File "/users/azibaeir/Research/VulnLLMEval-SANER/scheduler/job_scheduler.py", line 338, in run_job
    self._execute_task(evaluator, task, commit_hash, db_file)
  File "/users/azibaeir/Research/VulnLLMEval-SANER/scheduler/job_scheduler.py", line 444, in _execute_task
    evaluator.rank_cwe(commit_hash, vuln_code)
  File "/users/azibaeir/Research/VulnLLMEval-SANER/models/llm_manager.py", line 1404, in rank_cwe
    self.db.execute(
  File "/users/azibaeir/Research/VulnLLMEval-SANER/utils/database.py", line 53, in execute
    result = self.cursor.execute(query, params)
sqlite3.OperationalError: database is locked

2025-10-03 11:28:07,549 - job_gemini_database_1759504776 - ERROR - Error processing commit 18921b205012568b45760753ad3146ddb9e2d4e2 for task rank_cwe: database is locked
2025-10-03 11:28:07,549 - job_gemini_database_1759504776 - ERROR - Traceback (most recent call last):
  File "/users/azibaeir/Research/VulnLLMEval-SANER/models/llm_manager.py", line 1393, in rank_cwe
    self.db.execute(
  File "/users/azibaeir/Research/VulnLLMEval-SANER/utils/database.py", line 53, in execute
    result = self.cursor.execute(query, params)
sqlite3.OperationalError: database is locked

During handling of the above exception, another exception occurred:

Traceback (most recent call last):
  File "/users/azibaeir/Research/VulnLLMEval-SANER/scheduler/job_scheduler.py", line 338, in run_job
    self._execute_task(evaluator, task, commit_hash, db_file)
  File "/users/azibaeir/Research/VulnLLMEval-SANER/scheduler/job_scheduler.py", line 444, in _execute_task
    evaluator.rank_cwe(commit_hash, vuln_code)
  File "/users/azibaeir/Research/VulnLLMEval-SANER/models/llm_manager.py", line 1404, in rank_cwe
    self.db.execute(
  File "/users/azibaeir/Research/VulnLLMEval-SANER/utils/database.py", line 53, in execute
    result = self.cursor.execute(query, params)
sqlite3.OperationalError: database is locked

2025-10-03 11:28:18,514 - job_gemini_database_1759504776 - ERROR - Error processing commit 3c0a2e0b0ae661457c8505fecc7be5501aa7a715 for task rank_cwe: database is locked
2025-10-03 11:28:18,515 - job_gemini_database_1759504776 - ERROR - Traceback (most recent call last):
  File "/users/azibaeir/Research/VulnLLMEval-SANER/models/llm_manager.py", line 1393, in rank_cwe
    self.db.execute(
  File "/users/azibaeir/Research/VulnLLMEval-SANER/utils/database.py", line 53, in execute
    result = self.cursor.execute(query, params)
sqlite3.OperationalError: database is locked

During handling of the above exception, another exception occurred:

Traceback (most recent call last):
  File "/users/azibaeir/Research/VulnLLMEval-SANER/scheduler/job_scheduler.py", line 338, in run_job
    self._execute_task(evaluator, task, commit_hash, db_file)
  File "/users/azibaeir/Research/VulnLLMEval-SANER/scheduler/job_scheduler.py", line 444, in _execute_task
    evaluator.rank_cwe(commit_hash, vuln_code)
  File "/users/azibaeir/Research/VulnLLMEval-SANER/models/llm_manager.py", line 1404, in rank_cwe
    self.db.execute(
  File "/users/azibaeir/Research/VulnLLMEval-SANER/utils/database.py", line 53, in execute
    result = self.cursor.execute(query, params)
sqlite3.OperationalError: database is locked

2025-10-03 11:28:29,375 - job_gemini_database_1759504776 - ERROR - Error processing commit 44348870de4b8f292f97b84583a298d66fbaf738 for task rank_cwe: database is locked
2025-10-03 11:28:29,375 - job_gemini_database_1759504776 - ERROR - Traceback (most recent call last):
  File "/users/azibaeir/Research/VulnLLMEval-SANER/models/llm_manager.py", line 1393, in rank_cwe
    self.db.execute(
  File "/users/azibaeir/Research/VulnLLMEval-SANER/utils/database.py", line 53, in execute
    result = self.cursor.execute(query, params)
sqlite3.OperationalError: database is locked

During handling of the above exception, another exception occurred:

Traceback (most recent call last):
  File "/users/azibaeir/Research/VulnLLMEval-SANER/scheduler/job_scheduler.py", line 338, in run_job
    self._execute_task(evaluator, task, commit_hash, db_file)
  File "/users/azibaeir/Research/VulnLLMEval-SANER/scheduler/job_scheduler.py", line 444, in _execute_task
    evaluator.rank_cwe(commit_hash, vuln_code)
  File "/users/azibaeir/Research/VulnLLMEval-SANER/models/llm_manager.py", line 1404, in rank_cwe
    self.db.execute(
  File "/users/azibaeir/Research/VulnLLMEval-SANER/utils/database.py", line 53, in execute
    result = self.cursor.execute(query, params)
sqlite3.OperationalError: database is locked

2025-10-03 11:28:40,096 - job_gemini_database_1759504776 - ERROR - Error processing commit 45d355a926ab40f3ae7bc0b0a00cb0e3e8a5a810 for task rank_cwe: database is locked
2025-10-03 11:28:40,096 - job_gemini_database_1759504776 - ERROR - Traceback (most recent call last):
  File "/users/azibaeir/Research/VulnLLMEval-SANER/models/llm_manager.py", line 1393, in rank_cwe
    self.db.execute(
  File "/users/azibaeir/Research/VulnLLMEval-SANER/utils/database.py", line 53, in execute
    result = self.cursor.execute(query, params)
sqlite3.OperationalError: database is locked

During handling of the above exception, another exception occurred:

Traceback (most recent call last):
  File "/users/azibaeir/Research/VulnLLMEval-SANER/scheduler/job_scheduler.py", line 338, in run_job
    self._execute_task(evaluator, task, commit_hash, db_file)
  File "/users/azibaeir/Research/VulnLLMEval-SANER/scheduler/job_scheduler.py", line 444, in _execute_task
    evaluator.rank_cwe(commit_hash, vuln_code)
  File "/users/azibaeir/Research/VulnLLMEval-SANER/models/llm_manager.py", line 1404, in rank_cwe
    self.db.execute(
  File "/users/azibaeir/Research/VulnLLMEval-SANER/utils/database.py", line 53, in execute
    result = self.cursor.execute(query, params)
sqlite3.OperationalError: database is locked

2025-10-03 11:28:51,088 - job_gemini_database_1759504776 - ERROR - Error processing commit 0dc9254e03704c75f2ebc9cbef2ce4de83fba603 for task rank_cwe: database is locked
2025-10-03 11:28:51,088 - job_gemini_database_1759504776 - ERROR - Traceback (most recent call last):
  File "/users/azibaeir/Research/VulnLLMEval-SANER/models/llm_manager.py", line 1393, in rank_cwe
    self.db.execute(
  File "/users/azibaeir/Research/VulnLLMEval-SANER/utils/database.py", line 53, in execute
    result = self.cursor.execute(query, params)
sqlite3.OperationalError: database is locked

During handling of the above exception, another exception occurred:

Traceback (most recent call last):
  File "/users/azibaeir/Research/VulnLLMEval-SANER/scheduler/job_scheduler.py", line 338, in run_job
    self._execute_task(evaluator, task, commit_hash, db_file)
  File "/users/azibaeir/Research/VulnLLMEval-SANER/scheduler/job_scheduler.py", line 444, in _execute_task
    evaluator.rank_cwe(commit_hash, vuln_code)
  File "/users/azibaeir/Research/VulnLLMEval-SANER/models/llm_manager.py", line 1404, in rank_cwe
    self.db.execute(
  File "/users/azibaeir/Research/VulnLLMEval-SANER/utils/database.py", line 53, in execute
    result = self.cursor.execute(query, params)
sqlite3.OperationalError: database is locked

2025-10-03 11:29:01,979 - job_gemini_database_1759504776 - ERROR - Error processing commit 1c8e2349f2d033f634d046063b704b2ca6c46972 for task rank_cwe: database is locked
2025-10-03 11:29:01,979 - job_gemini_database_1759504776 - ERROR - Traceback (most recent call last):
  File "/users/azibaeir/Research/VulnLLMEval-SANER/models/llm_manager.py", line 1393, in rank_cwe
    self.db.execute(
  File "/users/azibaeir/Research/VulnLLMEval-SANER/utils/database.py", line 53, in execute
    result = self.cursor.execute(query, params)
sqlite3.OperationalError: database is locked

During handling of the above exception, another exception occurred:

Traceback (most recent call last):
  File "/users/azibaeir/Research/VulnLLMEval-SANER/scheduler/job_scheduler.py", line 338, in run_job
    self._execute_task(evaluator, task, commit_hash, db_file)
  File "/users/azibaeir/Research/VulnLLMEval-SANER/scheduler/job_scheduler.py", line 444, in _execute_task
    evaluator.rank_cwe(commit_hash, vuln_code)
  File "/users/azibaeir/Research/VulnLLMEval-SANER/models/llm_manager.py", line 1404, in rank_cwe
    self.db.execute(
  File "/users/azibaeir/Research/VulnLLMEval-SANER/utils/database.py", line 53, in execute
    result = self.cursor.execute(query, params)
sqlite3.OperationalError: database is locked

2025-10-03 11:29:12,948 - job_gemini_database_1759504776 - ERROR - Error processing commit 3a732b46736cd8a29092e4b0b1a9ba83e672bf89 for task rank_cwe: database is locked
2025-10-03 11:29:12,948 - job_gemini_database_1759504776 - ERROR - Traceback (most recent call last):
  File "/users/azibaeir/Research/VulnLLMEval-SANER/models/llm_manager.py", line 1393, in rank_cwe
    self.db.execute(
  File "/users/azibaeir/Research/VulnLLMEval-SANER/utils/database.py", line 53, in execute
    result = self.cursor.execute(query, params)
sqlite3.OperationalError: database is locked

During handling of the above exception, another exception occurred:

Traceback (most recent call last):
  File "/users/azibaeir/Research/VulnLLMEval-SANER/scheduler/job_scheduler.py", line 338, in run_job
    self._execute_task(evaluator, task, commit_hash, db_file)
  File "/users/azibaeir/Research/VulnLLMEval-SANER/scheduler/job_scheduler.py", line 444, in _execute_task
    evaluator.rank_cwe(commit_hash, vuln_code)
  File "/users/azibaeir/Research/VulnLLMEval-SANER/models/llm_manager.py", line 1404, in rank_cwe
    self.db.execute(
  File "/users/azibaeir/Research/VulnLLMEval-SANER/utils/database.py", line 53, in execute
    result = self.cursor.execute(query, params)
sqlite3.OperationalError: database is locked

2025-10-03 11:29:24,059 - job_gemini_database_1759504776 - ERROR - Error processing commit 3c52c6bb831f6335c176a0fc7214e26f43adbd11 for task rank_cwe: database is locked
2025-10-03 11:29:24,059 - job_gemini_database_1759504776 - ERROR - Traceback (most recent call last):
  File "/users/azibaeir/Research/VulnLLMEval-SANER/models/llm_manager.py", line 1393, in rank_cwe
    self.db.execute(
  File "/users/azibaeir/Research/VulnLLMEval-SANER/utils/database.py", line 53, in execute
    result = self.cursor.execute(query, params)
sqlite3.OperationalError: database is locked

During handling of the above exception, another exception occurred:

Traceback (most recent call last):
  File "/users/azibaeir/Research/VulnLLMEval-SANER/scheduler/job_scheduler.py", line 338, in run_job
    self._execute_task(evaluator, task, commit_hash, db_file)
  File "/users/azibaeir/Research/VulnLLMEval-SANER/scheduler/job_scheduler.py", line 444, in _execute_task
    evaluator.rank_cwe(commit_hash, vuln_code)
  File "/users/azibaeir/Research/VulnLLMEval-SANER/models/llm_manager.py", line 1404, in rank_cwe
    self.db.execute(
  File "/users/azibaeir/Research/VulnLLMEval-SANER/utils/database.py", line 53, in execute
    result = self.cursor.execute(query, params)
sqlite3.OperationalError: database is locked

2025-10-03 11:29:34,804 - job_gemini_database_1759504776 - ERROR - Error processing commit 93e2be344a7db169b7119de21ac1bf253b8c6907 for task rank_cwe: database is locked
2025-10-03 11:29:34,805 - job_gemini_database_1759504776 - ERROR - Traceback (most recent call last):
  File "/users/azibaeir/Research/VulnLLMEval-SANER/models/llm_manager.py", line 1393, in rank_cwe
    self.db.execute(
  File "/users/azibaeir/Research/VulnLLMEval-SANER/utils/database.py", line 53, in execute
    result = self.cursor.execute(query, params)
sqlite3.OperationalError: database is locked

During handling of the above exception, another exception occurred:

Traceback (most recent call last):
  File "/users/azibaeir/Research/VulnLLMEval-SANER/scheduler/job_scheduler.py", line 338, in run_job
    self._execute_task(evaluator, task, commit_hash, db_file)
  File "/users/azibaeir/Research/VulnLLMEval-SANER/scheduler/job_scheduler.py", line 444, in _execute_task
    evaluator.rank_cwe(commit_hash, vuln_code)
  File "/users/azibaeir/Research/VulnLLMEval-SANER/models/llm_manager.py", line 1404, in rank_cwe
    self.db.execute(
  File "/users/azibaeir/Research/VulnLLMEval-SANER/utils/database.py", line 53, in execute
    result = self.cursor.execute(query, params)
sqlite3.OperationalError: database is locked

2025-10-03 11:29:45,631 - job_gemini_database_1759504776 - ERROR - Error processing commit 10d9d8c3512f16cad47b2ff81ec6fc4b27d8ee10 for task rank_cwe: database is locked
2025-10-03 11:29:45,631 - job_gemini_database_1759504776 - ERROR - Traceback (most recent call last):
  File "/users/azibaeir/Research/VulnLLMEval-SANER/models/llm_manager.py", line 1393, in rank_cwe
    self.db.execute(
  File "/users/azibaeir/Research/VulnLLMEval-SANER/utils/database.py", line 53, in execute
    result = self.cursor.execute(query, params)
sqlite3.OperationalError: database is locked

During handling of the above exception, another exception occurred:

Traceback (most recent call last):
  File "/users/azibaeir/Research/VulnLLMEval-SANER/scheduler/job_scheduler.py", line 338, in run_job
    self._execute_task(evaluator, task, commit_hash, db_file)
  File "/users/azibaeir/Research/VulnLLMEval-SANER/scheduler/job_scheduler.py", line 444, in _execute_task
    evaluator.rank_cwe(commit_hash, vuln_code)
  File "/users/azibaeir/Research/VulnLLMEval-SANER/models/llm_manager.py", line 1404, in rank_cwe
    self.db.execute(
  File "/users/azibaeir/Research/VulnLLMEval-SANER/utils/database.py", line 53, in execute
    result = self.cursor.execute(query, params)
sqlite3.OperationalError: database is locked

2025-10-03 11:29:56,532 - job_gemini_database_1759504776 - ERROR - Error processing commit 33f58a0480bb9e2479ccdf556f61363723a50d47 for task rank_cwe: database is locked
2025-10-03 11:29:56,532 - job_gemini_database_1759504776 - ERROR - Traceback (most recent call last):
  File "/users/azibaeir/Research/VulnLLMEval-SANER/models/llm_manager.py", line 1393, in rank_cwe
    self.db.execute(
  File "/users/azibaeir/Research/VulnLLMEval-SANER/utils/database.py", line 53, in execute
    result = self.cursor.execute(query, params)
sqlite3.OperationalError: database is locked

During handling of the above exception, another exception occurred:

Traceback (most recent call last):
  File "/users/azibaeir/Research/VulnLLMEval-SANER/scheduler/job_scheduler.py", line 338, in run_job
    self._execute_task(evaluator, task, commit_hash, db_file)
  File "/users/azibaeir/Research/VulnLLMEval-SANER/scheduler/job_scheduler.py", line 444, in _execute_task
    evaluator.rank_cwe(commit_hash, vuln_code)
  File "/users/azibaeir/Research/VulnLLMEval-SANER/models/llm_manager.py", line 1404, in rank_cwe
    self.db.execute(
  File "/users/azibaeir/Research/VulnLLMEval-SANER/utils/database.py", line 53, in execute
    result = self.cursor.execute(query, params)
sqlite3.OperationalError: database is locked

2025-10-03 11:30:07,783 - job_gemini_database_1759504776 - ERROR - Error processing commit 4df153652cc46545722879415937582028c18af5 for task rank_cwe: database is locked
2025-10-03 11:30:07,783 - job_gemini_database_1759504776 - ERROR - Traceback (most recent call last):
  File "/users/azibaeir/Research/VulnLLMEval-SANER/models/llm_manager.py", line 1393, in rank_cwe
    self.db.execute(
  File "/users/azibaeir/Research/VulnLLMEval-SANER/utils/database.py", line 53, in execute
    result = self.cursor.execute(query, params)
sqlite3.OperationalError: database is locked

During handling of the above exception, another exception occurred:

Traceback (most recent call last):
  File "/users/azibaeir/Research/VulnLLMEval-SANER/scheduler/job_scheduler.py", line 338, in run_job
    self._execute_task(evaluator, task, commit_hash, db_file)
  File "/users/azibaeir/Research/VulnLLMEval-SANER/scheduler/job_scheduler.py", line 444, in _execute_task
    evaluator.rank_cwe(commit_hash, vuln_code)
  File "/users/azibaeir/Research/VulnLLMEval-SANER/models/llm_manager.py", line 1404, in rank_cwe
    self.db.execute(
  File "/users/azibaeir/Research/VulnLLMEval-SANER/utils/database.py", line 53, in execute
    result = self.cursor.execute(query, params)
sqlite3.OperationalError: database is locked

2025-10-03 11:30:18,667 - job_gemini_database_1759504776 - ERROR - Error processing commit 7c9631969287a5366bc8e39cd5abff154b35fb80 for task rank_cwe: database is locked
2025-10-03 11:30:18,667 - job_gemini_database_1759504776 - ERROR - Traceback (most recent call last):
  File "/users/azibaeir/Research/VulnLLMEval-SANER/models/llm_manager.py", line 1393, in rank_cwe
    self.db.execute(
  File "/users/azibaeir/Research/VulnLLMEval-SANER/utils/database.py", line 53, in execute
    result = self.cursor.execute(query, params)
sqlite3.OperationalError: database is locked

During handling of the above exception, another exception occurred:

Traceback (most recent call last):
  File "/users/azibaeir/Research/VulnLLMEval-SANER/scheduler/job_scheduler.py", line 338, in run_job
    self._execute_task(evaluator, task, commit_hash, db_file)
  File "/users/azibaeir/Research/VulnLLMEval-SANER/scheduler/job_scheduler.py", line 444, in _execute_task
    evaluator.rank_cwe(commit_hash, vuln_code)
  File "/users/azibaeir/Research/VulnLLMEval-SANER/models/llm_manager.py", line 1404, in rank_cwe
    self.db.execute(
  File "/users/azibaeir/Research/VulnLLMEval-SANER/utils/database.py", line 53, in execute
    result = self.cursor.execute(query, params)
sqlite3.OperationalError: database is locked

2025-10-03 11:30:29,501 - job_gemini_database_1759504776 - ERROR - Error processing commit 919ddf8336f0b84c0453bac583808c9f165a85c2 for task rank_cwe: database is locked
2025-10-03 11:30:29,502 - job_gemini_database_1759504776 - ERROR - Traceback (most recent call last):
  File "/users/azibaeir/Research/VulnLLMEval-SANER/models/llm_manager.py", line 1393, in rank_cwe
    self.db.execute(
  File "/users/azibaeir/Research/VulnLLMEval-SANER/utils/database.py", line 53, in execute
    result = self.cursor.execute(query, params)
sqlite3.OperationalError: database is locked

During handling of the above exception, another exception occurred:

Traceback (most recent call last):
  File "/users/azibaeir/Research/VulnLLMEval-SANER/scheduler/job_scheduler.py", line 338, in run_job
    self._execute_task(evaluator, task, commit_hash, db_file)
  File "/users/azibaeir/Research/VulnLLMEval-SANER/scheduler/job_scheduler.py", line 444, in _execute_task
    evaluator.rank_cwe(commit_hash, vuln_code)
  File "/users/azibaeir/Research/VulnLLMEval-SANER/models/llm_manager.py", line 1404, in rank_cwe
    self.db.execute(
  File "/users/azibaeir/Research/VulnLLMEval-SANER/utils/database.py", line 53, in execute
    result = self.cursor.execute(query, params)
sqlite3.OperationalError: database is locked

2025-10-03 11:30:40,275 - job_gemini_database_1759504776 - ERROR - Error processing commit a0fbbd36c156b9f7b2276871d499c9943dfe5101 for task rank_cwe: database is locked
2025-10-03 11:30:40,276 - job_gemini_database_1759504776 - ERROR - Traceback (most recent call last):
  File "/users/azibaeir/Research/VulnLLMEval-SANER/models/llm_manager.py", line 1393, in rank_cwe
    self.db.execute(
  File "/users/azibaeir/Research/VulnLLMEval-SANER/utils/database.py", line 53, in execute
    result = self.cursor.execute(query, params)
sqlite3.OperationalError: database is locked

During handling of the above exception, another exception occurred:

Traceback (most recent call last):
  File "/users/azibaeir/Research/VulnLLMEval-SANER/scheduler/job_scheduler.py", line 338, in run_job
    self._execute_task(evaluator, task, commit_hash, db_file)
  File "/users/azibaeir/Research/VulnLLMEval-SANER/scheduler/job_scheduler.py", line 444, in _execute_task
    evaluator.rank_cwe(commit_hash, vuln_code)
  File "/users/azibaeir/Research/VulnLLMEval-SANER/models/llm_manager.py", line 1404, in rank_cwe
    self.db.execute(
  File "/users/azibaeir/Research/VulnLLMEval-SANER/utils/database.py", line 53, in execute
    result = self.cursor.execute(query, params)
sqlite3.OperationalError: database is locked

2025-10-03 11:30:51,175 - job_gemini_database_1759504776 - ERROR - Error processing commit 0a8d3f2e3e8d8aea8af017e14227b91d5989b696 for task rank_cwe: database is locked
2025-10-03 11:30:51,175 - job_gemini_database_1759504776 - ERROR - Traceback (most recent call last):
  File "/users/azibaeir/Research/VulnLLMEval-SANER/models/llm_manager.py", line 1393, in rank_cwe
    self.db.execute(
  File "/users/azibaeir/Research/VulnLLMEval-SANER/utils/database.py", line 53, in execute
    result = self.cursor.execute(query, params)
sqlite3.OperationalError: database is locked

During handling of the above exception, another exception occurred:

Traceback (most recent call last):
  File "/users/azibaeir/Research/VulnLLMEval-SANER/scheduler/job_scheduler.py", line 338, in run_job
    self._execute_task(evaluator, task, commit_hash, db_file)
  File "/users/azibaeir/Research/VulnLLMEval-SANER/scheduler/job_scheduler.py", line 444, in _execute_task
    evaluator.rank_cwe(commit_hash, vuln_code)
  File "/users/azibaeir/Research/VulnLLMEval-SANER/models/llm_manager.py", line 1404, in rank_cwe
    self.db.execute(
  File "/users/azibaeir/Research/VulnLLMEval-SANER/utils/database.py", line 53, in execute
    result = self.cursor.execute(query, params)
sqlite3.OperationalError: database is locked

2025-10-03 11:31:02,079 - job_gemini_database_1759504776 - ERROR - Error processing commit 0a8db05b571ad5b8d5c8774a004c0424260a90bd for task rank_cwe: database is locked
2025-10-03 11:31:02,079 - job_gemini_database_1759504776 - ERROR - Traceback (most recent call last):
  File "/users/azibaeir/Research/VulnLLMEval-SANER/models/llm_manager.py", line 1393, in rank_cwe
    self.db.execute(
  File "/users/azibaeir/Research/VulnLLMEval-SANER/utils/database.py", line 53, in execute
    result = self.cursor.execute(query, params)
sqlite3.OperationalError: database is locked

During handling of the above exception, another exception occurred:

Traceback (most recent call last):
  File "/users/azibaeir/Research/VulnLLMEval-SANER/scheduler/job_scheduler.py", line 338, in run_job
    self._execute_task(evaluator, task, commit_hash, db_file)
  File "/users/azibaeir/Research/VulnLLMEval-SANER/scheduler/job_scheduler.py", line 444, in _execute_task
    evaluator.rank_cwe(commit_hash, vuln_code)
  File "/users/azibaeir/Research/VulnLLMEval-SANER/models/llm_manager.py", line 1404, in rank_cwe
    self.db.execute(
  File "/users/azibaeir/Research/VulnLLMEval-SANER/utils/database.py", line 53, in execute
    result = self.cursor.execute(query, params)
sqlite3.OperationalError: database is locked

2025-10-03 11:31:12,941 - job_gemini_database_1759504776 - ERROR - Error processing commit 10d9d8c3512f16cad47b2ff81ec6fc4b27d8ee10 for task rank_cwe: database is locked
2025-10-03 11:31:12,942 - job_gemini_database_1759504776 - ERROR - Traceback (most recent call last):
  File "/users/azibaeir/Research/VulnLLMEval-SANER/models/llm_manager.py", line 1393, in rank_cwe
    self.db.execute(
  File "/users/azibaeir/Research/VulnLLMEval-SANER/utils/database.py", line 53, in execute
    result = self.cursor.execute(query, params)
sqlite3.OperationalError: database is locked

During handling of the above exception, another exception occurred:

Traceback (most recent call last):
  File "/users/azibaeir/Research/VulnLLMEval-SANER/scheduler/job_scheduler.py", line 338, in run_job
    self._execute_task(evaluator, task, commit_hash, db_file)
  File "/users/azibaeir/Research/VulnLLMEval-SANER/scheduler/job_scheduler.py", line 444, in _execute_task
    evaluator.rank_cwe(commit_hash, vuln_code)
  File "/users/azibaeir/Research/VulnLLMEval-SANER/models/llm_manager.py", line 1404, in rank_cwe
    self.db.execute(
  File "/users/azibaeir/Research/VulnLLMEval-SANER/utils/database.py", line 53, in execute
    result = self.cursor.execute(query, params)
sqlite3.OperationalError: database is locked

2025-10-03 11:31:23,723 - job_gemini_database_1759504776 - ERROR - Error processing commit 1b3ec4f7c03d4b07bad70697d7e2f4088d2cfe92 for task rank_cwe: database is locked
2025-10-03 11:31:23,723 - job_gemini_database_1759504776 - ERROR - Traceback (most recent call last):
  File "/users/azibaeir/Research/VulnLLMEval-SANER/models/llm_manager.py", line 1393, in rank_cwe
    self.db.execute(
  File "/users/azibaeir/Research/VulnLLMEval-SANER/utils/database.py", line 53, in execute
    result = self.cursor.execute(query, params)
sqlite3.OperationalError: database is locked

During handling of the above exception, another exception occurred:

Traceback (most recent call last):
  File "/users/azibaeir/Research/VulnLLMEval-SANER/scheduler/job_scheduler.py", line 338, in run_job
    self._execute_task(evaluator, task, commit_hash, db_file)
  File "/users/azibaeir/Research/VulnLLMEval-SANER/scheduler/job_scheduler.py", line 444, in _execute_task
    evaluator.rank_cwe(commit_hash, vuln_code)
  File "/users/azibaeir/Research/VulnLLMEval-SANER/models/llm_manager.py", line 1404, in rank_cwe
    self.db.execute(
  File "/users/azibaeir/Research/VulnLLMEval-SANER/utils/database.py", line 53, in execute
    result = self.cursor.execute(query, params)
sqlite3.OperationalError: database is locked

2025-10-03 11:31:34,494 - job_gemini_database_1759504776 - ERROR - Error processing commit 1be59c97c83ccd67a519d8a49486b3a8a73ca28a for task rank_cwe: database is locked
2025-10-03 11:31:34,494 - job_gemini_database_1759504776 - ERROR - Traceback (most recent call last):
  File "/users/azibaeir/Research/VulnLLMEval-SANER/models/llm_manager.py", line 1393, in rank_cwe
    self.db.execute(
  File "/users/azibaeir/Research/VulnLLMEval-SANER/utils/database.py", line 53, in execute
    result = self.cursor.execute(query, params)
sqlite3.OperationalError: database is locked

During handling of the above exception, another exception occurred:

Traceback (most recent call last):
  File "/users/azibaeir/Research/VulnLLMEval-SANER/scheduler/job_scheduler.py", line 338, in run_job
    self._execute_task(evaluator, task, commit_hash, db_file)
  File "/users/azibaeir/Research/VulnLLMEval-SANER/scheduler/job_scheduler.py", line 444, in _execute_task
    evaluator.rank_cwe(commit_hash, vuln_code)
  File "/users/azibaeir/Research/VulnLLMEval-SANER/models/llm_manager.py", line 1404, in rank_cwe
    self.db.execute(
  File "/users/azibaeir/Research/VulnLLMEval-SANER/utils/database.py", line 53, in execute
    result = self.cursor.execute(query, params)
sqlite3.OperationalError: database is locked

2025-10-03 11:31:45,189 - job_gemini_database_1759504776 - ERROR - Error processing commit 1cb6f0bae50441f4b4b32a28315853b279c7404e for task rank_cwe: database is locked
2025-10-03 11:31:45,189 - job_gemini_database_1759504776 - ERROR - Traceback (most recent call last):
  File "/users/azibaeir/Research/VulnLLMEval-SANER/models/llm_manager.py", line 1393, in rank_cwe
    self.db.execute(
  File "/users/azibaeir/Research/VulnLLMEval-SANER/utils/database.py", line 53, in execute
    result = self.cursor.execute(query, params)
sqlite3.OperationalError: database is locked

During handling of the above exception, another exception occurred:

Traceback (most recent call last):
  File "/users/azibaeir/Research/VulnLLMEval-SANER/scheduler/job_scheduler.py", line 338, in run_job
    self._execute_task(evaluator, task, commit_hash, db_file)
  File "/users/azibaeir/Research/VulnLLMEval-SANER/scheduler/job_scheduler.py", line 444, in _execute_task
    evaluator.rank_cwe(commit_hash, vuln_code)
  File "/users/azibaeir/Research/VulnLLMEval-SANER/models/llm_manager.py", line 1404, in rank_cwe
    self.db.execute(
  File "/users/azibaeir/Research/VulnLLMEval-SANER/utils/database.py", line 53, in execute
    result = self.cursor.execute(query, params)
sqlite3.OperationalError: database is locked

2025-10-03 11:31:56,575 - job_gemini_database_1759504776 - ERROR - Error processing commit 005e528c242b19b8131f300dcd4e730e89992acb for task rank_cwe: database is locked
2025-10-03 11:31:56,576 - job_gemini_database_1759504776 - ERROR - Traceback (most recent call last):
  File "/users/azibaeir/Research/VulnLLMEval-SANER/models/llm_manager.py", line 1393, in rank_cwe
    self.db.execute(
  File "/users/azibaeir/Research/VulnLLMEval-SANER/utils/database.py", line 53, in execute
    result = self.cursor.execute(query, params)
sqlite3.OperationalError: database is locked

During handling of the above exception, another exception occurred:

Traceback (most recent call last):
  File "/users/azibaeir/Research/VulnLLMEval-SANER/scheduler/job_scheduler.py", line 338, in run_job
    self._execute_task(evaluator, task, commit_hash, db_file)
  File "/users/azibaeir/Research/VulnLLMEval-SANER/scheduler/job_scheduler.py", line 444, in _execute_task
    evaluator.rank_cwe(commit_hash, vuln_code)
  File "/users/azibaeir/Research/VulnLLMEval-SANER/models/llm_manager.py", line 1404, in rank_cwe
    self.db.execute(
  File "/users/azibaeir/Research/VulnLLMEval-SANER/utils/database.py", line 53, in execute
    result = self.cursor.execute(query, params)
sqlite3.OperationalError: database is locked

2025-10-03 11:32:07,640 - job_gemini_database_1759504776 - ERROR - Error processing commit 021d53a3d87eeb9dbba524ac515651242a2a7e3b for task rank_cwe: database is locked
2025-10-03 11:32:07,641 - job_gemini_database_1759504776 - ERROR - Traceback (most recent call last):
  File "/users/azibaeir/Research/VulnLLMEval-SANER/models/llm_manager.py", line 1393, in rank_cwe
    self.db.execute(
  File "/users/azibaeir/Research/VulnLLMEval-SANER/utils/database.py", line 53, in execute
    result = self.cursor.execute(query, params)
sqlite3.OperationalError: database is locked

During handling of the above exception, another exception occurred:

Traceback (most recent call last):
  File "/users/azibaeir/Research/VulnLLMEval-SANER/scheduler/job_scheduler.py", line 338, in run_job
    self._execute_task(evaluator, task, commit_hash, db_file)
  File "/users/azibaeir/Research/VulnLLMEval-SANER/scheduler/job_scheduler.py", line 444, in _execute_task
    evaluator.rank_cwe(commit_hash, vuln_code)
  File "/users/azibaeir/Research/VulnLLMEval-SANER/models/llm_manager.py", line 1404, in rank_cwe
    self.db.execute(
  File "/users/azibaeir/Research/VulnLLMEval-SANER/utils/database.py", line 53, in execute
    result = self.cursor.execute(query, params)
sqlite3.OperationalError: database is locked

2025-10-03 11:32:18,542 - job_gemini_database_1759504776 - ERROR - Error processing commit 046667c4d3196938e992fba0dfcde570aa85cd0e for task rank_cwe: database is locked
2025-10-03 11:32:18,542 - job_gemini_database_1759504776 - ERROR - Traceback (most recent call last):
  File "/users/azibaeir/Research/VulnLLMEval-SANER/models/llm_manager.py", line 1393, in rank_cwe
    self.db.execute(
  File "/users/azibaeir/Research/VulnLLMEval-SANER/utils/database.py", line 53, in execute
    result = self.cursor.execute(query, params)
sqlite3.OperationalError: database is locked

During handling of the above exception, another exception occurred:

Traceback (most recent call last):
  File "/users/azibaeir/Research/VulnLLMEval-SANER/scheduler/job_scheduler.py", line 338, in run_job
    self._execute_task(evaluator, task, commit_hash, db_file)
  File "/users/azibaeir/Research/VulnLLMEval-SANER/scheduler/job_scheduler.py", line 444, in _execute_task
    evaluator.rank_cwe(commit_hash, vuln_code)
  File "/users/azibaeir/Research/VulnLLMEval-SANER/models/llm_manager.py", line 1404, in rank_cwe
    self.db.execute(
  File "/users/azibaeir/Research/VulnLLMEval-SANER/utils/database.py", line 53, in execute
    result = self.cursor.execute(query, params)
sqlite3.OperationalError: database is locked

2025-10-03 11:32:29,386 - job_gemini_database_1759504776 - ERROR - Error processing commit 0cc65482f5b03ac2b1c240bc34665e43ea2d71bb for task rank_cwe: database is locked
2025-10-03 11:32:29,386 - job_gemini_database_1759504776 - ERROR - Traceback (most recent call last):
  File "/users/azibaeir/Research/VulnLLMEval-SANER/models/llm_manager.py", line 1393, in rank_cwe
    self.db.execute(
  File "/users/azibaeir/Research/VulnLLMEval-SANER/utils/database.py", line 53, in execute
    result = self.cursor.execute(query, params)
sqlite3.OperationalError: database is locked

During handling of the above exception, another exception occurred:

Traceback (most recent call last):
  File "/users/azibaeir/Research/VulnLLMEval-SANER/scheduler/job_scheduler.py", line 338, in run_job
    self._execute_task(evaluator, task, commit_hash, db_file)
  File "/users/azibaeir/Research/VulnLLMEval-SANER/scheduler/job_scheduler.py", line 444, in _execute_task
    evaluator.rank_cwe(commit_hash, vuln_code)
  File "/users/azibaeir/Research/VulnLLMEval-SANER/models/llm_manager.py", line 1404, in rank_cwe
    self.db.execute(
  File "/users/azibaeir/Research/VulnLLMEval-SANER/utils/database.py", line 53, in execute
    result = self.cursor.execute(query, params)
sqlite3.OperationalError: database is locked

2025-10-03 11:32:40,303 - job_gemini_database_1759504776 - ERROR - Error processing commit 339b84ab6b1d66900c27bd999271cb2ae40ce812 for task rank_cwe: database is locked
2025-10-03 11:32:40,304 - job_gemini_database_1759504776 - ERROR - Traceback (most recent call last):
  File "/users/azibaeir/Research/VulnLLMEval-SANER/models/llm_manager.py", line 1393, in rank_cwe
    self.db.execute(
  File "/users/azibaeir/Research/VulnLLMEval-SANER/utils/database.py", line 53, in execute
    result = self.cursor.execute(query, params)
sqlite3.OperationalError: database is locked

During handling of the above exception, another exception occurred:

Traceback (most recent call last):
  File "/users/azibaeir/Research/VulnLLMEval-SANER/scheduler/job_scheduler.py", line 338, in run_job
    self._execute_task(evaluator, task, commit_hash, db_file)
  File "/users/azibaeir/Research/VulnLLMEval-SANER/scheduler/job_scheduler.py", line 444, in _execute_task
    evaluator.rank_cwe(commit_hash, vuln_code)
  File "/users/azibaeir/Research/VulnLLMEval-SANER/models/llm_manager.py", line 1404, in rank_cwe
    self.db.execute(
  File "/users/azibaeir/Research/VulnLLMEval-SANER/utils/database.py", line 53, in execute
    result = self.cursor.execute(query, params)
sqlite3.OperationalError: database is locked

2025-10-03 11:32:51,208 - job_gemini_database_1759504776 - ERROR - Error processing commit 3c0da3d163eb32f1f91891efaade027fa9b245b9 for task rank_cwe: database is locked
2025-10-03 11:32:51,209 - job_gemini_database_1759504776 - ERROR - Traceback (most recent call last):
  File "/users/azibaeir/Research/VulnLLMEval-SANER/models/llm_manager.py", line 1393, in rank_cwe
    self.db.execute(
  File "/users/azibaeir/Research/VulnLLMEval-SANER/utils/database.py", line 53, in execute
    result = self.cursor.execute(query, params)
sqlite3.OperationalError: database is locked

During handling of the above exception, another exception occurred:

Traceback (most recent call last):
  File "/users/azibaeir/Research/VulnLLMEval-SANER/scheduler/job_scheduler.py", line 338, in run_job
    self._execute_task(evaluator, task, commit_hash, db_file)
  File "/users/azibaeir/Research/VulnLLMEval-SANER/scheduler/job_scheduler.py", line 444, in _execute_task
    evaluator.rank_cwe(commit_hash, vuln_code)
  File "/users/azibaeir/Research/VulnLLMEval-SANER/models/llm_manager.py", line 1404, in rank_cwe
    self.db.execute(
  File "/users/azibaeir/Research/VulnLLMEval-SANER/utils/database.py", line 53, in execute
    result = self.cursor.execute(query, params)
sqlite3.OperationalError: database is locked

2025-10-03 11:33:02,063 - job_gemini_database_1759504776 - ERROR - Error processing commit da2c8fef130ec7197e2f91c7ed70a8c5bede4bea for task rank_cwe: database is locked
2025-10-03 11:33:02,063 - job_gemini_database_1759504776 - ERROR - Traceback (most recent call last):
  File "/users/azibaeir/Research/VulnLLMEval-SANER/models/llm_manager.py", line 1393, in rank_cwe
    self.db.execute(
  File "/users/azibaeir/Research/VulnLLMEval-SANER/utils/database.py", line 53, in execute
    result = self.cursor.execute(query, params)
sqlite3.OperationalError: database is locked

During handling of the above exception, another exception occurred:

Traceback (most recent call last):
  File "/users/azibaeir/Research/VulnLLMEval-SANER/scheduler/job_scheduler.py", line 338, in run_job
    self._execute_task(evaluator, task, commit_hash, db_file)
  File "/users/azibaeir/Research/VulnLLMEval-SANER/scheduler/job_scheduler.py", line 444, in _execute_task
    evaluator.rank_cwe(commit_hash, vuln_code)
  File "/users/azibaeir/Research/VulnLLMEval-SANER/models/llm_manager.py", line 1404, in rank_cwe
    self.db.execute(
  File "/users/azibaeir/Research/VulnLLMEval-SANER/utils/database.py", line 53, in execute
    result = self.cursor.execute(query, params)
sqlite3.OperationalError: database is locked

2025-10-03 11:33:12,945 - job_gemini_database_1759504776 - ERROR - Error processing commit e0011bca603c101f2a3c007bdb77f7006fa78fb1 for task rank_cwe: database is locked
2025-10-03 11:33:12,945 - job_gemini_database_1759504776 - ERROR - Traceback (most recent call last):
  File "/users/azibaeir/Research/VulnLLMEval-SANER/models/llm_manager.py", line 1393, in rank_cwe
    self.db.execute(
  File "/users/azibaeir/Research/VulnLLMEval-SANER/utils/database.py", line 53, in execute
    result = self.cursor.execute(query, params)
sqlite3.OperationalError: database is locked

During handling of the above exception, another exception occurred:

Traceback (most recent call last):
  File "/users/azibaeir/Research/VulnLLMEval-SANER/scheduler/job_scheduler.py", line 338, in run_job
    self._execute_task(evaluator, task, commit_hash, db_file)
  File "/users/azibaeir/Research/VulnLLMEval-SANER/scheduler/job_scheduler.py", line 444, in _execute_task
    evaluator.rank_cwe(commit_hash, vuln_code)
  File "/users/azibaeir/Research/VulnLLMEval-SANER/models/llm_manager.py", line 1404, in rank_cwe
    self.db.execute(
  File "/users/azibaeir/Research/VulnLLMEval-SANER/utils/database.py", line 53, in execute
    result = self.cursor.execute(query, params)
sqlite3.OperationalError: database is locked

2025-10-03 11:33:23,703 - job_gemini_database_1759504776 - ERROR - Error processing commit e9767137308daf906496613fd879808a07f006a2 for task rank_cwe: database is locked
2025-10-03 11:33:23,703 - job_gemini_database_1759504776 - ERROR - Traceback (most recent call last):
  File "/users/azibaeir/Research/VulnLLMEval-SANER/models/llm_manager.py", line 1393, in rank_cwe
    self.db.execute(
  File "/users/azibaeir/Research/VulnLLMEval-SANER/utils/database.py", line 53, in execute
    result = self.cursor.execute(query, params)
sqlite3.OperationalError: database is locked

During handling of the above exception, another exception occurred:

Traceback (most recent call last):
  File "/users/azibaeir/Research/VulnLLMEval-SANER/scheduler/job_scheduler.py", line 338, in run_job
    self._execute_task(evaluator, task, commit_hash, db_file)
  File "/users/azibaeir/Research/VulnLLMEval-SANER/scheduler/job_scheduler.py", line 444, in _execute_task
    evaluator.rank_cwe(commit_hash, vuln_code)
  File "/users/azibaeir/Research/VulnLLMEval-SANER/models/llm_manager.py", line 1404, in rank_cwe
    self.db.execute(
  File "/users/azibaeir/Research/VulnLLMEval-SANER/utils/database.py", line 53, in execute
    result = self.cursor.execute(query, params)
sqlite3.OperationalError: database is locked

2025-10-03 11:33:34,539 - job_gemini_database_1759504776 - ERROR - Error processing commit 2c10b61421a28e95a46ab489fd56c0f442ff6952 for task rank_cwe: database is locked
2025-10-03 11:33:34,539 - job_gemini_database_1759504776 - ERROR - Traceback (most recent call last):
  File "/users/azibaeir/Research/VulnLLMEval-SANER/models/llm_manager.py", line 1393, in rank_cwe
    self.db.execute(
  File "/users/azibaeir/Research/VulnLLMEval-SANER/utils/database.py", line 53, in execute
    result = self.cursor.execute(query, params)
sqlite3.OperationalError: database is locked

During handling of the above exception, another exception occurred:

Traceback (most recent call last):
  File "/users/azibaeir/Research/VulnLLMEval-SANER/scheduler/job_scheduler.py", line 338, in run_job
    self._execute_task(evaluator, task, commit_hash, db_file)
  File "/users/azibaeir/Research/VulnLLMEval-SANER/scheduler/job_scheduler.py", line 444, in _execute_task
    evaluator.rank_cwe(commit_hash, vuln_code)
  File "/users/azibaeir/Research/VulnLLMEval-SANER/models/llm_manager.py", line 1404, in rank_cwe
    self.db.execute(
  File "/users/azibaeir/Research/VulnLLMEval-SANER/utils/database.py", line 53, in execute
    result = self.cursor.execute(query, params)
sqlite3.OperationalError: database is locked

2025-10-03 11:33:45,786 - job_gemini_database_1759504776 - ERROR - Error processing commit 9d2231c5d74e13b2a0546fee6737ee4446017903 for task rank_cwe: database is locked
2025-10-03 11:33:45,786 - job_gemini_database_1759504776 - ERROR - Traceback (most recent call last):
  File "/users/azibaeir/Research/VulnLLMEval-SANER/models/llm_manager.py", line 1393, in rank_cwe
    self.db.execute(
  File "/users/azibaeir/Research/VulnLLMEval-SANER/utils/database.py", line 53, in execute
    result = self.cursor.execute(query, params)
sqlite3.OperationalError: database is locked

During handling of the above exception, another exception occurred:

Traceback (most recent call last):
  File "/users/azibaeir/Research/VulnLLMEval-SANER/scheduler/job_scheduler.py", line 338, in run_job
    self._execute_task(evaluator, task, commit_hash, db_file)
  File "/users/azibaeir/Research/VulnLLMEval-SANER/scheduler/job_scheduler.py", line 444, in _execute_task
    evaluator.rank_cwe(commit_hash, vuln_code)
  File "/users/azibaeir/Research/VulnLLMEval-SANER/models/llm_manager.py", line 1404, in rank_cwe
    self.db.execute(
  File "/users/azibaeir/Research/VulnLLMEval-SANER/utils/database.py", line 53, in execute
    result = self.cursor.execute(query, params)
sqlite3.OperationalError: database is locked

2025-10-03 11:33:56,656 - job_gemini_database_1759504776 - ERROR - Error processing commit 87e3ca055cdc6c63fb82b9bec7c370405d03f6ef for task rank_cwe: database is locked
2025-10-03 11:33:56,657 - job_gemini_database_1759504776 - ERROR - Traceback (most recent call last):
  File "/users/azibaeir/Research/VulnLLMEval-SANER/models/llm_manager.py", line 1393, in rank_cwe
    self.db.execute(
  File "/users/azibaeir/Research/VulnLLMEval-SANER/utils/database.py", line 53, in execute
    result = self.cursor.execute(query, params)
sqlite3.OperationalError: database is locked

During handling of the above exception, another exception occurred:

Traceback (most recent call last):
  File "/users/azibaeir/Research/VulnLLMEval-SANER/scheduler/job_scheduler.py", line 338, in run_job
    self._execute_task(evaluator, task, commit_hash, db_file)
  File "/users/azibaeir/Research/VulnLLMEval-SANER/scheduler/job_scheduler.py", line 444, in _execute_task
    evaluator.rank_cwe(commit_hash, vuln_code)
  File "/users/azibaeir/Research/VulnLLMEval-SANER/models/llm_manager.py", line 1404, in rank_cwe
    self.db.execute(
  File "/users/azibaeir/Research/VulnLLMEval-SANER/utils/database.py", line 53, in execute
    result = self.cursor.execute(query, params)
sqlite3.OperationalError: database is locked

2025-10-03 11:34:07,515 - job_gemini_database_1759504776 - ERROR - Error processing commit b65235f6e102354ccafda601eaa1c5bef5284d21 for task rank_cwe: database is locked
2025-10-03 11:34:07,515 - job_gemini_database_1759504776 - ERROR - Traceback (most recent call last):
  File "/users/azibaeir/Research/VulnLLMEval-SANER/models/llm_manager.py", line 1393, in rank_cwe
    self.db.execute(
  File "/users/azibaeir/Research/VulnLLMEval-SANER/utils/database.py", line 53, in execute
    result = self.cursor.execute(query, params)
sqlite3.OperationalError: database is locked

During handling of the above exception, another exception occurred:

Traceback (most recent call last):
  File "/users/azibaeir/Research/VulnLLMEval-SANER/scheduler/job_scheduler.py", line 338, in run_job
    self._execute_task(evaluator, task, commit_hash, db_file)
  File "/users/azibaeir/Research/VulnLLMEval-SANER/scheduler/job_scheduler.py", line 444, in _execute_task
    evaluator.rank_cwe(commit_hash, vuln_code)
  File "/users/azibaeir/Research/VulnLLMEval-SANER/models/llm_manager.py", line 1404, in rank_cwe
    self.db.execute(
  File "/users/azibaeir/Research/VulnLLMEval-SANER/utils/database.py", line 53, in execute
    result = self.cursor.execute(query, params)
sqlite3.OperationalError: database is locked

2025-10-03 11:34:18,941 - job_gemini_database_1759504776 - ERROR - Error processing commit ab0fc21bc7105b54bafd85bd8b82742f9e68898a for task rank_cwe: database is locked
2025-10-03 11:34:18,941 - job_gemini_database_1759504776 - ERROR - Traceback (most recent call last):
  File "/users/azibaeir/Research/VulnLLMEval-SANER/models/llm_manager.py", line 1393, in rank_cwe
    self.db.execute(
  File "/users/azibaeir/Research/VulnLLMEval-SANER/utils/database.py", line 53, in execute
    result = self.cursor.execute(query, params)
sqlite3.OperationalError: database is locked

During handling of the above exception, another exception occurred:

Traceback (most recent call last):
  File "/users/azibaeir/Research/VulnLLMEval-SANER/scheduler/job_scheduler.py", line 338, in run_job
    self._execute_task(evaluator, task, commit_hash, db_file)
  File "/users/azibaeir/Research/VulnLLMEval-SANER/scheduler/job_scheduler.py", line 444, in _execute_task
    evaluator.rank_cwe(commit_hash, vuln_code)
  File "/users/azibaeir/Research/VulnLLMEval-SANER/models/llm_manager.py", line 1404, in rank_cwe
    self.db.execute(
  File "/users/azibaeir/Research/VulnLLMEval-SANER/utils/database.py", line 53, in execute
    result = self.cursor.execute(query, params)
sqlite3.OperationalError: database is locked

2025-10-03 11:34:31,209 - job_gemini_database_1759504776 - ERROR - Error processing commit ac795161c93699d600db16c1a8cc23a65a1eceaf for task rank_cwe: database is locked
2025-10-03 11:34:31,209 - job_gemini_database_1759504776 - ERROR - Traceback (most recent call last):
  File "/users/azibaeir/Research/VulnLLMEval-SANER/models/llm_manager.py", line 1393, in rank_cwe
    self.db.execute(
  File "/users/azibaeir/Research/VulnLLMEval-SANER/utils/database.py", line 53, in execute
    result = self.cursor.execute(query, params)
sqlite3.OperationalError: database is locked

During handling of the above exception, another exception occurred:

Traceback (most recent call last):
  File "/users/azibaeir/Research/VulnLLMEval-SANER/scheduler/job_scheduler.py", line 338, in run_job
    self._execute_task(evaluator, task, commit_hash, db_file)
  File "/users/azibaeir/Research/VulnLLMEval-SANER/scheduler/job_scheduler.py", line 444, in _execute_task
    evaluator.rank_cwe(commit_hash, vuln_code)
  File "/users/azibaeir/Research/VulnLLMEval-SANER/models/llm_manager.py", line 1404, in rank_cwe
    self.db.execute(
  File "/users/azibaeir/Research/VulnLLMEval-SANER/utils/database.py", line 53, in execute
    result = self.cursor.execute(query, params)
sqlite3.OperationalError: database is locked

2025-10-03 11:34:46,876 - job_gemini_database_1759504776 - ERROR - Error processing commit f7abc4c8df8c7930d0b9c56d9abee9a1fca635e9 for task rank_cwe: database is locked
2025-10-03 11:34:46,877 - job_gemini_database_1759504776 - ERROR - Traceback (most recent call last):
  File "/users/azibaeir/Research/VulnLLMEval-SANER/models/llm_manager.py", line 1393, in rank_cwe
    self.db.execute(
  File "/users/azibaeir/Research/VulnLLMEval-SANER/utils/database.py", line 53, in execute
    result = self.cursor.execute(query, params)
sqlite3.OperationalError: database is locked

During handling of the above exception, another exception occurred:

Traceback (most recent call last):
  File "/users/azibaeir/Research/VulnLLMEval-SANER/scheduler/job_scheduler.py", line 338, in run_job
    self._execute_task(evaluator, task, commit_hash, db_file)
  File "/users/azibaeir/Research/VulnLLMEval-SANER/scheduler/job_scheduler.py", line 444, in _execute_task
    evaluator.rank_cwe(commit_hash, vuln_code)
  File "/users/azibaeir/Research/VulnLLMEval-SANER/models/llm_manager.py", line 1404, in rank_cwe
    self.db.execute(
  File "/users/azibaeir/Research/VulnLLMEval-SANER/utils/database.py", line 53, in execute
    result = self.cursor.execute(query, params)
sqlite3.OperationalError: database is locked

2025-10-03 11:34:58,536 - job_gemini_database_1759504776 - ERROR - Error processing commit cc7a0bb058b85ea03db87169c60c7cfdd5d34678 for task rank_cwe: database is locked
2025-10-03 11:34:58,536 - job_gemini_database_1759504776 - ERROR - Traceback (most recent call last):
  File "/users/azibaeir/Research/VulnLLMEval-SANER/models/llm_manager.py", line 1393, in rank_cwe
    self.db.execute(
  File "/users/azibaeir/Research/VulnLLMEval-SANER/utils/database.py", line 53, in execute
    result = self.cursor.execute(query, params)
sqlite3.OperationalError: database is locked

During handling of the above exception, another exception occurred:

Traceback (most recent call last):
  File "/users/azibaeir/Research/VulnLLMEval-SANER/scheduler/job_scheduler.py", line 338, in run_job
    self._execute_task(evaluator, task, commit_hash, db_file)
  File "/users/azibaeir/Research/VulnLLMEval-SANER/scheduler/job_scheduler.py", line 444, in _execute_task
    evaluator.rank_cwe(commit_hash, vuln_code)
  File "/users/azibaeir/Research/VulnLLMEval-SANER/models/llm_manager.py", line 1404, in rank_cwe
    self.db.execute(
  File "/users/azibaeir/Research/VulnLLMEval-SANER/utils/database.py", line 53, in execute
    result = self.cursor.execute(query, params)
sqlite3.OperationalError: database is locked

2025-10-03 11:35:10,130 - job_gemini_database_1759504776 - ERROR - Error processing commit 48f091fd50b2eb33ae5eaea9ed3c4f81603acf38 for task rank_cwe: database is locked
2025-10-03 11:35:10,131 - job_gemini_database_1759504776 - ERROR - Traceback (most recent call last):
  File "/users/azibaeir/Research/VulnLLMEval-SANER/models/llm_manager.py", line 1393, in rank_cwe
    self.db.execute(
  File "/users/azibaeir/Research/VulnLLMEval-SANER/utils/database.py", line 53, in execute
    result = self.cursor.execute(query, params)
sqlite3.OperationalError: database is locked

During handling of the above exception, another exception occurred:

Traceback (most recent call last):
  File "/users/azibaeir/Research/VulnLLMEval-SANER/scheduler/job_scheduler.py", line 338, in run_job
    self._execute_task(evaluator, task, commit_hash, db_file)
  File "/users/azibaeir/Research/VulnLLMEval-SANER/scheduler/job_scheduler.py", line 444, in _execute_task
    evaluator.rank_cwe(commit_hash, vuln_code)
  File "/users/azibaeir/Research/VulnLLMEval-SANER/models/llm_manager.py", line 1404, in rank_cwe
    self.db.execute(
  File "/users/azibaeir/Research/VulnLLMEval-SANER/utils/database.py", line 53, in execute
    result = self.cursor.execute(query, params)
sqlite3.OperationalError: database is locked

2025-10-03 11:35:22,061 - job_gemini_database_1759504776 - ERROR - Error processing commit 64d2c847ba380e07b9072d65a50aa6469d2aa43f for task rank_cwe: database is locked
2025-10-03 11:35:22,062 - job_gemini_database_1759504776 - ERROR - Traceback (most recent call last):
  File "/users/azibaeir/Research/VulnLLMEval-SANER/models/llm_manager.py", line 1393, in rank_cwe
    self.db.execute(
  File "/users/azibaeir/Research/VulnLLMEval-SANER/utils/database.py", line 53, in execute
    result = self.cursor.execute(query, params)
sqlite3.OperationalError: database is locked

During handling of the above exception, another exception occurred:

Traceback (most recent call last):
  File "/users/azibaeir/Research/VulnLLMEval-SANER/scheduler/job_scheduler.py", line 338, in run_job
    self._execute_task(evaluator, task, commit_hash, db_file)
  File "/users/azibaeir/Research/VulnLLMEval-SANER/scheduler/job_scheduler.py", line 444, in _execute_task
    evaluator.rank_cwe(commit_hash, vuln_code)
  File "/users/azibaeir/Research/VulnLLMEval-SANER/models/llm_manager.py", line 1404, in rank_cwe
    self.db.execute(
  File "/users/azibaeir/Research/VulnLLMEval-SANER/utils/database.py", line 53, in execute
    result = self.cursor.execute(query, params)
sqlite3.OperationalError: database is locked

2025-10-03 11:35:33,145 - job_gemini_database_1759504776 - ERROR - Error processing commit 2b09d5d364986f724f17001ccfe4126b9b43a0be for task rank_cwe: database is locked
2025-10-03 11:35:33,146 - job_gemini_database_1759504776 - ERROR - Traceback (most recent call last):
  File "/users/azibaeir/Research/VulnLLMEval-SANER/models/llm_manager.py", line 1393, in rank_cwe
    self.db.execute(
  File "/users/azibaeir/Research/VulnLLMEval-SANER/utils/database.py", line 53, in execute
    result = self.cursor.execute(query, params)
sqlite3.OperationalError: database is locked

During handling of the above exception, another exception occurred:

Traceback (most recent call last):
  File "/users/azibaeir/Research/VulnLLMEval-SANER/scheduler/job_scheduler.py", line 338, in run_job
    self._execute_task(evaluator, task, commit_hash, db_file)
  File "/users/azibaeir/Research/VulnLLMEval-SANER/scheduler/job_scheduler.py", line 444, in _execute_task
    evaluator.rank_cwe(commit_hash, vuln_code)
  File "/users/azibaeir/Research/VulnLLMEval-SANER/models/llm_manager.py", line 1404, in rank_cwe
    self.db.execute(
  File "/users/azibaeir/Research/VulnLLMEval-SANER/utils/database.py", line 53, in execute
    result = self.cursor.execute(query, params)
sqlite3.OperationalError: database is locked

2025-10-03 11:35:45,388 - job_gemini_database_1759504776 - ERROR - Error processing commit 71b547f561247897a0a14f3082730156c0533fed for task rank_cwe: database is locked
2025-10-03 11:35:45,388 - job_gemini_database_1759504776 - ERROR - Traceback (most recent call last):
  File "/users/azibaeir/Research/VulnLLMEval-SANER/models/llm_manager.py", line 1393, in rank_cwe
    self.db.execute(
  File "/users/azibaeir/Research/VulnLLMEval-SANER/utils/database.py", line 53, in execute
    result = self.cursor.execute(query, params)
sqlite3.OperationalError: database is locked

During handling of the above exception, another exception occurred:

Traceback (most recent call last):
  File "/users/azibaeir/Research/VulnLLMEval-SANER/scheduler/job_scheduler.py", line 338, in run_job
    self._execute_task(evaluator, task, commit_hash, db_file)
  File "/users/azibaeir/Research/VulnLLMEval-SANER/scheduler/job_scheduler.py", line 444, in _execute_task
    evaluator.rank_cwe(commit_hash, vuln_code)
  File "/users/azibaeir/Research/VulnLLMEval-SANER/models/llm_manager.py", line 1404, in rank_cwe
    self.db.execute(
  File "/users/azibaeir/Research/VulnLLMEval-SANER/utils/database.py", line 53, in execute
    result = self.cursor.execute(query, params)
sqlite3.OperationalError: database is locked

2025-10-03 11:35:58,051 - job_gemini_database_1759504776 - ERROR - Error processing commit 8267fc71abb2dc47338570e56dd3473a58313fce for task rank_cwe: database is locked
2025-10-03 11:35:58,051 - job_gemini_database_1759504776 - ERROR - Traceback (most recent call last):
  File "/users/azibaeir/Research/VulnLLMEval-SANER/models/llm_manager.py", line 1393, in rank_cwe
    self.db.execute(
  File "/users/azibaeir/Research/VulnLLMEval-SANER/utils/database.py", line 53, in execute
    result = self.cursor.execute(query, params)
sqlite3.OperationalError: database is locked

During handling of the above exception, another exception occurred:

Traceback (most recent call last):
  File "/users/azibaeir/Research/VulnLLMEval-SANER/scheduler/job_scheduler.py", line 338, in run_job
    self._execute_task(evaluator, task, commit_hash, db_file)
  File "/users/azibaeir/Research/VulnLLMEval-SANER/scheduler/job_scheduler.py", line 444, in _execute_task
    evaluator.rank_cwe(commit_hash, vuln_code)
  File "/users/azibaeir/Research/VulnLLMEval-SANER/models/llm_manager.py", line 1404, in rank_cwe
    self.db.execute(
  File "/users/azibaeir/Research/VulnLLMEval-SANER/utils/database.py", line 53, in execute
    result = self.cursor.execute(query, params)
sqlite3.OperationalError: database is locked

2025-10-03 11:36:08,907 - job_gemini_database_1759504776 - ERROR - Error processing commit 10bf4e83167cc68595b85fd73bb91e8f2c086e36 for task rank_cwe: database is locked
2025-10-03 11:36:08,907 - job_gemini_database_1759504776 - ERROR - Traceback (most recent call last):
  File "/users/azibaeir/Research/VulnLLMEval-SANER/models/llm_manager.py", line 1393, in rank_cwe
    self.db.execute(
  File "/users/azibaeir/Research/VulnLLMEval-SANER/utils/database.py", line 53, in execute
    result = self.cursor.execute(query, params)
sqlite3.OperationalError: database is locked

During handling of the above exception, another exception occurred:

Traceback (most recent call last):
  File "/users/azibaeir/Research/VulnLLMEval-SANER/scheduler/job_scheduler.py", line 338, in run_job
    self._execute_task(evaluator, task, commit_hash, db_file)
  File "/users/azibaeir/Research/VulnLLMEval-SANER/scheduler/job_scheduler.py", line 444, in _execute_task
    evaluator.rank_cwe(commit_hash, vuln_code)
  File "/users/azibaeir/Research/VulnLLMEval-SANER/models/llm_manager.py", line 1404, in rank_cwe
    self.db.execute(
  File "/users/azibaeir/Research/VulnLLMEval-SANER/utils/database.py", line 53, in execute
    result = self.cursor.execute(query, params)
sqlite3.OperationalError: database is locked

2025-10-03 11:36:19,877 - job_gemini_database_1759504776 - ERROR - Error processing commit e9261476184be1abd486c9434164b2acbe0ed6c2 for task rank_cwe: database is locked
2025-10-03 11:36:19,877 - job_gemini_database_1759504776 - ERROR - Traceback (most recent call last):
  File "/users/azibaeir/Research/VulnLLMEval-SANER/models/llm_manager.py", line 1393, in rank_cwe
    self.db.execute(
  File "/users/azibaeir/Research/VulnLLMEval-SANER/utils/database.py", line 53, in execute
    result = self.cursor.execute(query, params)
sqlite3.OperationalError: database is locked

During handling of the above exception, another exception occurred:

Traceback (most recent call last):
  File "/users/azibaeir/Research/VulnLLMEval-SANER/scheduler/job_scheduler.py", line 338, in run_job
    self._execute_task(evaluator, task, commit_hash, db_file)
  File "/users/azibaeir/Research/VulnLLMEval-SANER/scheduler/job_scheduler.py", line 444, in _execute_task
    evaluator.rank_cwe(commit_hash, vuln_code)
  File "/users/azibaeir/Research/VulnLLMEval-SANER/models/llm_manager.py", line 1404, in rank_cwe
    self.db.execute(
  File "/users/azibaeir/Research/VulnLLMEval-SANER/utils/database.py", line 53, in execute
    result = self.cursor.execute(query, params)
sqlite3.OperationalError: database is locked

2025-10-03 11:36:30,809 - job_gemini_database_1759504776 - ERROR - Error processing commit 137d23cea1c044b2d4853ac71bc68126b25fdbb2 for task rank_cwe: database is locked
2025-10-03 11:36:30,810 - job_gemini_database_1759504776 - ERROR - Traceback (most recent call last):
  File "/users/azibaeir/Research/VulnLLMEval-SANER/models/llm_manager.py", line 1393, in rank_cwe
    self.db.execute(
  File "/users/azibaeir/Research/VulnLLMEval-SANER/utils/database.py", line 53, in execute
    result = self.cursor.execute(query, params)
sqlite3.OperationalError: database is locked

During handling of the above exception, another exception occurred:

Traceback (most recent call last):
  File "/users/azibaeir/Research/VulnLLMEval-SANER/scheduler/job_scheduler.py", line 338, in run_job
    self._execute_task(evaluator, task, commit_hash, db_file)
  File "/users/azibaeir/Research/VulnLLMEval-SANER/scheduler/job_scheduler.py", line 444, in _execute_task
    evaluator.rank_cwe(commit_hash, vuln_code)
  File "/users/azibaeir/Research/VulnLLMEval-SANER/models/llm_manager.py", line 1404, in rank_cwe
    self.db.execute(
  File "/users/azibaeir/Research/VulnLLMEval-SANER/utils/database.py", line 53, in execute
    result = self.cursor.execute(query, params)
sqlite3.OperationalError: database is locked

2025-10-03 11:36:41,656 - job_gemini_database_1759504776 - ERROR - Error processing commit b38e7819cae946e2edf869e604af1e65a5d241c5 for task rank_cwe: database is locked
2025-10-03 11:36:41,656 - job_gemini_database_1759504776 - ERROR - Traceback (most recent call last):
  File "/users/azibaeir/Research/VulnLLMEval-SANER/models/llm_manager.py", line 1393, in rank_cwe
    self.db.execute(
  File "/users/azibaeir/Research/VulnLLMEval-SANER/utils/database.py", line 53, in execute
    result = self.cursor.execute(query, params)
sqlite3.OperationalError: database is locked

During handling of the above exception, another exception occurred:

Traceback (most recent call last):
  File "/users/azibaeir/Research/VulnLLMEval-SANER/scheduler/job_scheduler.py", line 338, in run_job
    self._execute_task(evaluator, task, commit_hash, db_file)
  File "/users/azibaeir/Research/VulnLLMEval-SANER/scheduler/job_scheduler.py", line 444, in _execute_task
    evaluator.rank_cwe(commit_hash, vuln_code)
  File "/users/azibaeir/Research/VulnLLMEval-SANER/models/llm_manager.py", line 1404, in rank_cwe
    self.db.execute(
  File "/users/azibaeir/Research/VulnLLMEval-SANER/utils/database.py", line 53, in execute
    result = self.cursor.execute(query, params)
sqlite3.OperationalError: database is locked

2025-10-03 11:36:52,558 - job_gemini_database_1759504776 - ERROR - Error processing commit f227e3ec3b5cad859ad15666874405e8c1bbc1d4 for task rank_cwe: database is locked
2025-10-03 11:36:52,558 - job_gemini_database_1759504776 - ERROR - Traceback (most recent call last):
  File "/users/azibaeir/Research/VulnLLMEval-SANER/models/llm_manager.py", line 1393, in rank_cwe
    self.db.execute(
  File "/users/azibaeir/Research/VulnLLMEval-SANER/utils/database.py", line 53, in execute
    result = self.cursor.execute(query, params)
sqlite3.OperationalError: database is locked

During handling of the above exception, another exception occurred:

Traceback (most recent call last):
  File "/users/azibaeir/Research/VulnLLMEval-SANER/scheduler/job_scheduler.py", line 338, in run_job
    self._execute_task(evaluator, task, commit_hash, db_file)
  File "/users/azibaeir/Research/VulnLLMEval-SANER/scheduler/job_scheduler.py", line 444, in _execute_task
    evaluator.rank_cwe(commit_hash, vuln_code)
  File "/users/azibaeir/Research/VulnLLMEval-SANER/models/llm_manager.py", line 1404, in rank_cwe
    self.db.execute(
  File "/users/azibaeir/Research/VulnLLMEval-SANER/utils/database.py", line 53, in execute
    result = self.cursor.execute(query, params)
sqlite3.OperationalError: database is locked

2025-10-03 11:37:03,733 - job_gemini_database_1759504776 - ERROR - Error processing commit 55667441c84fa5e0911a0aac44fb059c15ba6da2 for task rank_cwe: database is locked
2025-10-03 11:37:03,733 - job_gemini_database_1759504776 - ERROR - Traceback (most recent call last):
  File "/users/azibaeir/Research/VulnLLMEval-SANER/models/llm_manager.py", line 1393, in rank_cwe
    self.db.execute(
  File "/users/azibaeir/Research/VulnLLMEval-SANER/utils/database.py", line 53, in execute
    result = self.cursor.execute(query, params)
sqlite3.OperationalError: database is locked

During handling of the above exception, another exception occurred:

Traceback (most recent call last):
  File "/users/azibaeir/Research/VulnLLMEval-SANER/scheduler/job_scheduler.py", line 338, in run_job
    self._execute_task(evaluator, task, commit_hash, db_file)
  File "/users/azibaeir/Research/VulnLLMEval-SANER/scheduler/job_scheduler.py", line 444, in _execute_task
    evaluator.rank_cwe(commit_hash, vuln_code)
  File "/users/azibaeir/Research/VulnLLMEval-SANER/models/llm_manager.py", line 1404, in rank_cwe
    self.db.execute(
  File "/users/azibaeir/Research/VulnLLMEval-SANER/utils/database.py", line 53, in execute
    result = self.cursor.execute(query, params)
sqlite3.OperationalError: database is locked

2025-10-03 11:37:14,734 - job_gemini_database_1759504776 - ERROR - Error processing commit 4b842e4e25b12951fa10dedb4bc16bc47e3b850c for task rank_cwe: database is locked
2025-10-03 11:37:14,734 - job_gemini_database_1759504776 - ERROR - Traceback (most recent call last):
  File "/users/azibaeir/Research/VulnLLMEval-SANER/models/llm_manager.py", line 1393, in rank_cwe
    self.db.execute(
  File "/users/azibaeir/Research/VulnLLMEval-SANER/utils/database.py", line 53, in execute
    result = self.cursor.execute(query, params)
sqlite3.OperationalError: database is locked

During handling of the above exception, another exception occurred:

Traceback (most recent call last):
  File "/users/azibaeir/Research/VulnLLMEval-SANER/scheduler/job_scheduler.py", line 338, in run_job
    self._execute_task(evaluator, task, commit_hash, db_file)
  File "/users/azibaeir/Research/VulnLLMEval-SANER/scheduler/job_scheduler.py", line 444, in _execute_task
    evaluator.rank_cwe(commit_hash, vuln_code)
  File "/users/azibaeir/Research/VulnLLMEval-SANER/models/llm_manager.py", line 1404, in rank_cwe
    self.db.execute(
  File "/users/azibaeir/Research/VulnLLMEval-SANER/utils/database.py", line 53, in execute
    result = self.cursor.execute(query, params)
sqlite3.OperationalError: database is locked

2025-10-03 11:37:25,614 - job_gemini_database_1759504776 - ERROR - Error processing commit 74e19ef0ff8061ef55957c3abd71614ef0f42f47 for task rank_cwe: database is locked
2025-10-03 11:37:25,615 - job_gemini_database_1759504776 - ERROR - Traceback (most recent call last):
  File "/users/azibaeir/Research/VulnLLMEval-SANER/models/llm_manager.py", line 1393, in rank_cwe
    self.db.execute(
  File "/users/azibaeir/Research/VulnLLMEval-SANER/utils/database.py", line 53, in execute
    result = self.cursor.execute(query, params)
sqlite3.OperationalError: database is locked

During handling of the above exception, another exception occurred:

Traceback (most recent call last):
  File "/users/azibaeir/Research/VulnLLMEval-SANER/scheduler/job_scheduler.py", line 338, in run_job
    self._execute_task(evaluator, task, commit_hash, db_file)
  File "/users/azibaeir/Research/VulnLLMEval-SANER/scheduler/job_scheduler.py", line 444, in _execute_task
    evaluator.rank_cwe(commit_hash, vuln_code)
  File "/users/azibaeir/Research/VulnLLMEval-SANER/models/llm_manager.py", line 1404, in rank_cwe
    self.db.execute(
  File "/users/azibaeir/Research/VulnLLMEval-SANER/utils/database.py", line 53, in execute
    result = self.cursor.execute(query, params)
sqlite3.OperationalError: database is locked

2025-10-03 11:37:36,434 - job_gemini_database_1759504776 - ERROR - Error processing commit 501e38a5531efbd77d5c73c0ba838a889bfc1d74 for task rank_cwe: database is locked
2025-10-03 11:37:36,435 - job_gemini_database_1759504776 - ERROR - Traceback (most recent call last):
  File "/users/azibaeir/Research/VulnLLMEval-SANER/models/llm_manager.py", line 1393, in rank_cwe
    self.db.execute(
  File "/users/azibaeir/Research/VulnLLMEval-SANER/utils/database.py", line 53, in execute
    result = self.cursor.execute(query, params)
sqlite3.OperationalError: database is locked

During handling of the above exception, another exception occurred:

Traceback (most recent call last):
  File "/users/azibaeir/Research/VulnLLMEval-SANER/scheduler/job_scheduler.py", line 338, in run_job
    self._execute_task(evaluator, task, commit_hash, db_file)
  File "/users/azibaeir/Research/VulnLLMEval-SANER/scheduler/job_scheduler.py", line 444, in _execute_task
    evaluator.rank_cwe(commit_hash, vuln_code)
  File "/users/azibaeir/Research/VulnLLMEval-SANER/models/llm_manager.py", line 1404, in rank_cwe
    self.db.execute(
  File "/users/azibaeir/Research/VulnLLMEval-SANER/utils/database.py", line 53, in execute
    result = self.cursor.execute(query, params)
sqlite3.OperationalError: database is locked

2025-10-03 11:37:47,332 - job_gemini_database_1759504776 - ERROR - Error processing commit 89f3594d0de58e8a57d92d497dea9fee3d4b9cda for task rank_cwe: database is locked
2025-10-03 11:37:47,332 - job_gemini_database_1759504776 - ERROR - Traceback (most recent call last):
  File "/users/azibaeir/Research/VulnLLMEval-SANER/models/llm_manager.py", line 1393, in rank_cwe
    self.db.execute(
  File "/users/azibaeir/Research/VulnLLMEval-SANER/utils/database.py", line 53, in execute
    result = self.cursor.execute(query, params)
sqlite3.OperationalError: database is locked

During handling of the above exception, another exception occurred:

Traceback (most recent call last):
  File "/users/azibaeir/Research/VulnLLMEval-SANER/scheduler/job_scheduler.py", line 338, in run_job
    self._execute_task(evaluator, task, commit_hash, db_file)
  File "/users/azibaeir/Research/VulnLLMEval-SANER/scheduler/job_scheduler.py", line 444, in _execute_task
    evaluator.rank_cwe(commit_hash, vuln_code)
  File "/users/azibaeir/Research/VulnLLMEval-SANER/models/llm_manager.py", line 1404, in rank_cwe
    self.db.execute(
  File "/users/azibaeir/Research/VulnLLMEval-SANER/utils/database.py", line 53, in execute
    result = self.cursor.execute(query, params)
sqlite3.OperationalError: database is locked

2025-10-03 11:37:58,456 - job_gemini_database_1759504776 - ERROR - Error processing commit 98bea253aa28ad8be2ce565a9ca21beb4a9419e5 for task rank_cwe: database is locked
2025-10-03 11:37:58,456 - job_gemini_database_1759504776 - ERROR - Traceback (most recent call last):
  File "/users/azibaeir/Research/VulnLLMEval-SANER/models/llm_manager.py", line 1393, in rank_cwe
    self.db.execute(
  File "/users/azibaeir/Research/VulnLLMEval-SANER/utils/database.py", line 53, in execute
    result = self.cursor.execute(query, params)
sqlite3.OperationalError: database is locked

During handling of the above exception, another exception occurred:

Traceback (most recent call last):
  File "/users/azibaeir/Research/VulnLLMEval-SANER/scheduler/job_scheduler.py", line 338, in run_job
    self._execute_task(evaluator, task, commit_hash, db_file)
  File "/users/azibaeir/Research/VulnLLMEval-SANER/scheduler/job_scheduler.py", line 444, in _execute_task
    evaluator.rank_cwe(commit_hash, vuln_code)
  File "/users/azibaeir/Research/VulnLLMEval-SANER/models/llm_manager.py", line 1404, in rank_cwe
    self.db.execute(
  File "/users/azibaeir/Research/VulnLLMEval-SANER/utils/database.py", line 53, in execute
    result = self.cursor.execute(query, params)
sqlite3.OperationalError: database is locked

2025-10-03 11:38:09,312 - job_gemini_database_1759504776 - ERROR - Error processing commit 16c8d2df7ec0eed31b7d3b61cb13206a7fb930cc for task rank_cwe: database is locked
2025-10-03 11:38:09,313 - job_gemini_database_1759504776 - ERROR - Traceback (most recent call last):
  File "/users/azibaeir/Research/VulnLLMEval-SANER/models/llm_manager.py", line 1393, in rank_cwe
    self.db.execute(
  File "/users/azibaeir/Research/VulnLLMEval-SANER/utils/database.py", line 53, in execute
    result = self.cursor.execute(query, params)
sqlite3.OperationalError: database is locked

During handling of the above exception, another exception occurred:

Traceback (most recent call last):
  File "/users/azibaeir/Research/VulnLLMEval-SANER/scheduler/job_scheduler.py", line 338, in run_job
    self._execute_task(evaluator, task, commit_hash, db_file)
  File "/users/azibaeir/Research/VulnLLMEval-SANER/scheduler/job_scheduler.py", line 444, in _execute_task
    evaluator.rank_cwe(commit_hash, vuln_code)
  File "/users/azibaeir/Research/VulnLLMEval-SANER/models/llm_manager.py", line 1404, in rank_cwe
    self.db.execute(
  File "/users/azibaeir/Research/VulnLLMEval-SANER/utils/database.py", line 53, in execute
    result = self.cursor.execute(query, params)
sqlite3.OperationalError: database is locked

2025-10-03 11:38:20,165 - job_gemini_database_1759504776 - ERROR - Error processing commit 28e8b7406d3a1f5329a03aa25a43aa28e087cb20 for task rank_cwe: database is locked
2025-10-03 11:38:20,165 - job_gemini_database_1759504776 - ERROR - Traceback (most recent call last):
  File "/users/azibaeir/Research/VulnLLMEval-SANER/models/llm_manager.py", line 1393, in rank_cwe
    self.db.execute(
  File "/users/azibaeir/Research/VulnLLMEval-SANER/utils/database.py", line 53, in execute
    result = self.cursor.execute(query, params)
sqlite3.OperationalError: database is locked

During handling of the above exception, another exception occurred:

Traceback (most recent call last):
  File "/users/azibaeir/Research/VulnLLMEval-SANER/scheduler/job_scheduler.py", line 338, in run_job
    self._execute_task(evaluator, task, commit_hash, db_file)
  File "/users/azibaeir/Research/VulnLLMEval-SANER/scheduler/job_scheduler.py", line 444, in _execute_task
    evaluator.rank_cwe(commit_hash, vuln_code)
  File "/users/azibaeir/Research/VulnLLMEval-SANER/models/llm_manager.py", line 1404, in rank_cwe
    self.db.execute(
  File "/users/azibaeir/Research/VulnLLMEval-SANER/utils/database.py", line 53, in execute
    result = self.cursor.execute(query, params)
sqlite3.OperationalError: database is locked

2025-10-03 11:38:31,140 - job_gemini_database_1759504776 - ERROR - Error processing commit 3a861560ccb35f2a4f0a4b8207fa7c2a35fc7f31 for task rank_cwe: database is locked
2025-10-03 11:38:31,140 - job_gemini_database_1759504776 - ERROR - Traceback (most recent call last):
  File "/users/azibaeir/Research/VulnLLMEval-SANER/models/llm_manager.py", line 1393, in rank_cwe
    self.db.execute(
  File "/users/azibaeir/Research/VulnLLMEval-SANER/utils/database.py", line 53, in execute
    result = self.cursor.execute(query, params)
sqlite3.OperationalError: database is locked

During handling of the above exception, another exception occurred:

Traceback (most recent call last):
  File "/users/azibaeir/Research/VulnLLMEval-SANER/scheduler/job_scheduler.py", line 338, in run_job
    self._execute_task(evaluator, task, commit_hash, db_file)
  File "/users/azibaeir/Research/VulnLLMEval-SANER/scheduler/job_scheduler.py", line 444, in _execute_task
    evaluator.rank_cwe(commit_hash, vuln_code)
  File "/users/azibaeir/Research/VulnLLMEval-SANER/models/llm_manager.py", line 1404, in rank_cwe
    self.db.execute(
  File "/users/azibaeir/Research/VulnLLMEval-SANER/utils/database.py", line 53, in execute
    result = self.cursor.execute(query, params)
sqlite3.OperationalError: database is locked

2025-10-03 11:38:41,948 - job_gemini_database_1759504776 - ERROR - Error processing commit 7e9f79428372c6eab92271390851be34ab26bfb4 for task rank_cwe: database is locked
2025-10-03 11:38:41,948 - job_gemini_database_1759504776 - ERROR - Traceback (most recent call last):
  File "/users/azibaeir/Research/VulnLLMEval-SANER/models/llm_manager.py", line 1393, in rank_cwe
    self.db.execute(
  File "/users/azibaeir/Research/VulnLLMEval-SANER/utils/database.py", line 53, in execute
    result = self.cursor.execute(query, params)
sqlite3.OperationalError: database is locked

During handling of the above exception, another exception occurred:

Traceback (most recent call last):
  File "/users/azibaeir/Research/VulnLLMEval-SANER/scheduler/job_scheduler.py", line 338, in run_job
    self._execute_task(evaluator, task, commit_hash, db_file)
  File "/users/azibaeir/Research/VulnLLMEval-SANER/scheduler/job_scheduler.py", line 444, in _execute_task
    evaluator.rank_cwe(commit_hash, vuln_code)
  File "/users/azibaeir/Research/VulnLLMEval-SANER/models/llm_manager.py", line 1404, in rank_cwe
    self.db.execute(
  File "/users/azibaeir/Research/VulnLLMEval-SANER/utils/database.py", line 53, in execute
    result = self.cursor.execute(query, params)
sqlite3.OperationalError: database is locked

2025-10-03 11:38:52,733 - job_gemini_database_1759504776 - ERROR - Error processing commit cfa1a2329a691ffd991fcf7248a57d752e712881 for task rank_cwe: database is locked
2025-10-03 11:38:52,734 - job_gemini_database_1759504776 - ERROR - Traceback (most recent call last):
  File "/users/azibaeir/Research/VulnLLMEval-SANER/models/llm_manager.py", line 1393, in rank_cwe
    self.db.execute(
  File "/users/azibaeir/Research/VulnLLMEval-SANER/utils/database.py", line 53, in execute
    result = self.cursor.execute(query, params)
sqlite3.OperationalError: database is locked

During handling of the above exception, another exception occurred:

Traceback (most recent call last):
  File "/users/azibaeir/Research/VulnLLMEval-SANER/scheduler/job_scheduler.py", line 338, in run_job
    self._execute_task(evaluator, task, commit_hash, db_file)
  File "/users/azibaeir/Research/VulnLLMEval-SANER/scheduler/job_scheduler.py", line 444, in _execute_task
    evaluator.rank_cwe(commit_hash, vuln_code)
  File "/users/azibaeir/Research/VulnLLMEval-SANER/models/llm_manager.py", line 1404, in rank_cwe
    self.db.execute(
  File "/users/azibaeir/Research/VulnLLMEval-SANER/utils/database.py", line 53, in execute
    result = self.cursor.execute(query, params)
sqlite3.OperationalError: database is locked

2025-10-03 11:39:03,736 - job_gemini_database_1759504776 - ERROR - Error processing commit f8bbc07ac535593139c875ffa19af924b1084540 for task rank_cwe: database is locked
2025-10-03 11:39:03,736 - job_gemini_database_1759504776 - ERROR - Traceback (most recent call last):
  File "/users/azibaeir/Research/VulnLLMEval-SANER/models/llm_manager.py", line 1393, in rank_cwe
    self.db.execute(
  File "/users/azibaeir/Research/VulnLLMEval-SANER/utils/database.py", line 53, in execute
    result = self.cursor.execute(query, params)
sqlite3.OperationalError: database is locked

During handling of the above exception, another exception occurred:

Traceback (most recent call last):
  File "/users/azibaeir/Research/VulnLLMEval-SANER/scheduler/job_scheduler.py", line 338, in run_job
    self._execute_task(evaluator, task, commit_hash, db_file)
  File "/users/azibaeir/Research/VulnLLMEval-SANER/scheduler/job_scheduler.py", line 444, in _execute_task
    evaluator.rank_cwe(commit_hash, vuln_code)
  File "/users/azibaeir/Research/VulnLLMEval-SANER/models/llm_manager.py", line 1404, in rank_cwe
    self.db.execute(
  File "/users/azibaeir/Research/VulnLLMEval-SANER/utils/database.py", line 53, in execute
    result = self.cursor.execute(query, params)
sqlite3.OperationalError: database is locked

2025-10-03 11:39:14,864 - job_gemini_database_1759504776 - ERROR - Error processing commit 2a5dc090b92cfa5270e20056074241c6db5c9cdd for task rank_cwe: database is locked
2025-10-03 11:39:14,864 - job_gemini_database_1759504776 - ERROR - Traceback (most recent call last):
  File "/users/azibaeir/Research/VulnLLMEval-SANER/models/llm_manager.py", line 1393, in rank_cwe
    self.db.execute(
  File "/users/azibaeir/Research/VulnLLMEval-SANER/utils/database.py", line 53, in execute
    result = self.cursor.execute(query, params)
sqlite3.OperationalError: database is locked

During handling of the above exception, another exception occurred:

Traceback (most recent call last):
  File "/users/azibaeir/Research/VulnLLMEval-SANER/scheduler/job_scheduler.py", line 338, in run_job
    self._execute_task(evaluator, task, commit_hash, db_file)
  File "/users/azibaeir/Research/VulnLLMEval-SANER/scheduler/job_scheduler.py", line 444, in _execute_task
    evaluator.rank_cwe(commit_hash, vuln_code)
  File "/users/azibaeir/Research/VulnLLMEval-SANER/models/llm_manager.py", line 1404, in rank_cwe
    self.db.execute(
  File "/users/azibaeir/Research/VulnLLMEval-SANER/utils/database.py", line 53, in execute
    result = self.cursor.execute(query, params)
sqlite3.OperationalError: database is locked

2025-10-03 11:39:25,623 - job_gemini_database_1759504776 - ERROR - Error processing commit 483ae90d8f976f8339cf81066312e1329f2d3706 for task rank_cwe: database is locked
2025-10-03 11:39:25,623 - job_gemini_database_1759504776 - ERROR - Traceback (most recent call last):
  File "/users/azibaeir/Research/VulnLLMEval-SANER/models/llm_manager.py", line 1393, in rank_cwe
    self.db.execute(
  File "/users/azibaeir/Research/VulnLLMEval-SANER/utils/database.py", line 53, in execute
    result = self.cursor.execute(query, params)
sqlite3.OperationalError: database is locked

During handling of the above exception, another exception occurred:

Traceback (most recent call last):
  File "/users/azibaeir/Research/VulnLLMEval-SANER/scheduler/job_scheduler.py", line 338, in run_job
    self._execute_task(evaluator, task, commit_hash, db_file)
  File "/users/azibaeir/Research/VulnLLMEval-SANER/scheduler/job_scheduler.py", line 444, in _execute_task
    evaluator.rank_cwe(commit_hash, vuln_code)
  File "/users/azibaeir/Research/VulnLLMEval-SANER/models/llm_manager.py", line 1404, in rank_cwe
    self.db.execute(
  File "/users/azibaeir/Research/VulnLLMEval-SANER/utils/database.py", line 53, in execute
    result = self.cursor.execute(query, params)
sqlite3.OperationalError: database is locked

2025-10-03 11:39:36,370 - job_gemini_database_1759504776 - ERROR - Error processing commit 61ebe5a747da649057c37be1c37eb934b4af79ca for task rank_cwe: database is locked
2025-10-03 11:39:36,370 - job_gemini_database_1759504776 - ERROR - Traceback (most recent call last):
  File "/users/azibaeir/Research/VulnLLMEval-SANER/models/llm_manager.py", line 1393, in rank_cwe
    self.db.execute(
  File "/users/azibaeir/Research/VulnLLMEval-SANER/utils/database.py", line 53, in execute
    result = self.cursor.execute(query, params)
sqlite3.OperationalError: database is locked

During handling of the above exception, another exception occurred:

Traceback (most recent call last):
  File "/users/azibaeir/Research/VulnLLMEval-SANER/scheduler/job_scheduler.py", line 338, in run_job
    self._execute_task(evaluator, task, commit_hash, db_file)
  File "/users/azibaeir/Research/VulnLLMEval-SANER/scheduler/job_scheduler.py", line 444, in _execute_task
    evaluator.rank_cwe(commit_hash, vuln_code)
  File "/users/azibaeir/Research/VulnLLMEval-SANER/models/llm_manager.py", line 1404, in rank_cwe
    self.db.execute(
  File "/users/azibaeir/Research/VulnLLMEval-SANER/utils/database.py", line 53, in execute
    result = self.cursor.execute(query, params)
sqlite3.OperationalError: database is locked

2025-10-03 11:39:47,464 - job_gemini_database_1759504776 - ERROR - Error processing commit 7db4042336580dfd75cb5faa82c12cd51098c90b for task rank_cwe: database is locked
2025-10-03 11:39:47,465 - job_gemini_database_1759504776 - ERROR - Traceback (most recent call last):
  File "/users/azibaeir/Research/VulnLLMEval-SANER/models/llm_manager.py", line 1393, in rank_cwe
    self.db.execute(
  File "/users/azibaeir/Research/VulnLLMEval-SANER/utils/database.py", line 53, in execute
    result = self.cursor.execute(query, params)
sqlite3.OperationalError: database is locked

During handling of the above exception, another exception occurred:

Traceback (most recent call last):
  File "/users/azibaeir/Research/VulnLLMEval-SANER/scheduler/job_scheduler.py", line 338, in run_job
    self._execute_task(evaluator, task, commit_hash, db_file)
  File "/users/azibaeir/Research/VulnLLMEval-SANER/scheduler/job_scheduler.py", line 444, in _execute_task
    evaluator.rank_cwe(commit_hash, vuln_code)
  File "/users/azibaeir/Research/VulnLLMEval-SANER/models/llm_manager.py", line 1404, in rank_cwe
    self.db.execute(
  File "/users/azibaeir/Research/VulnLLMEval-SANER/utils/database.py", line 53, in execute
    result = self.cursor.execute(query, params)
sqlite3.OperationalError: database is locked

2025-10-03 11:39:58,224 - job_gemini_database_1759504776 - ERROR - Error processing commit 80a1e7b83bb1834b5568a3872e64c05795d88f31 for task rank_cwe: database is locked
2025-10-03 11:39:58,224 - job_gemini_database_1759504776 - ERROR - Traceback (most recent call last):
  File "/users/azibaeir/Research/VulnLLMEval-SANER/models/llm_manager.py", line 1393, in rank_cwe
    self.db.execute(
  File "/users/azibaeir/Research/VulnLLMEval-SANER/utils/database.py", line 53, in execute
    result = self.cursor.execute(query, params)
sqlite3.OperationalError: database is locked

During handling of the above exception, another exception occurred:

Traceback (most recent call last):
  File "/users/azibaeir/Research/VulnLLMEval-SANER/scheduler/job_scheduler.py", line 338, in run_job
    self._execute_task(evaluator, task, commit_hash, db_file)
  File "/users/azibaeir/Research/VulnLLMEval-SANER/scheduler/job_scheduler.py", line 444, in _execute_task
    evaluator.rank_cwe(commit_hash, vuln_code)
  File "/users/azibaeir/Research/VulnLLMEval-SANER/models/llm_manager.py", line 1404, in rank_cwe
    self.db.execute(
  File "/users/azibaeir/Research/VulnLLMEval-SANER/utils/database.py", line 53, in execute
    result = self.cursor.execute(query, params)
sqlite3.OperationalError: database is locked

2025-10-03 11:40:09,125 - job_gemini_database_1759504776 - ERROR - Error processing commit 8aba27c4a5020abdf60149239198297f88338a8d for task rank_cwe: database is locked
2025-10-03 11:40:09,125 - job_gemini_database_1759504776 - ERROR - Traceback (most recent call last):
  File "/users/azibaeir/Research/VulnLLMEval-SANER/models/llm_manager.py", line 1393, in rank_cwe
    self.db.execute(
  File "/users/azibaeir/Research/VulnLLMEval-SANER/utils/database.py", line 53, in execute
    result = self.cursor.execute(query, params)
sqlite3.OperationalError: database is locked

During handling of the above exception, another exception occurred:

Traceback (most recent call last):
  File "/users/azibaeir/Research/VulnLLMEval-SANER/scheduler/job_scheduler.py", line 338, in run_job
    self._execute_task(evaluator, task, commit_hash, db_file)
  File "/users/azibaeir/Research/VulnLLMEval-SANER/scheduler/job_scheduler.py", line 444, in _execute_task
    evaluator.rank_cwe(commit_hash, vuln_code)
  File "/users/azibaeir/Research/VulnLLMEval-SANER/models/llm_manager.py", line 1404, in rank_cwe
    self.db.execute(
  File "/users/azibaeir/Research/VulnLLMEval-SANER/utils/database.py", line 53, in execute
    result = self.cursor.execute(query, params)
sqlite3.OperationalError: database is locked

2025-10-03 11:40:20,064 - job_gemini_database_1759504776 - ERROR - Error processing commit 4a77c3dead97339478c7422eb07bf4bf63577008 for task rank_cwe: database is locked
2025-10-03 11:40:20,065 - job_gemini_database_1759504776 - ERROR - Traceback (most recent call last):
  File "/users/azibaeir/Research/VulnLLMEval-SANER/models/llm_manager.py", line 1393, in rank_cwe
    self.db.execute(
  File "/users/azibaeir/Research/VulnLLMEval-SANER/utils/database.py", line 53, in execute
    result = self.cursor.execute(query, params)
sqlite3.OperationalError: database is locked

During handling of the above exception, another exception occurred:

Traceback (most recent call last):
  File "/users/azibaeir/Research/VulnLLMEval-SANER/scheduler/job_scheduler.py", line 338, in run_job
    self._execute_task(evaluator, task, commit_hash, db_file)
  File "/users/azibaeir/Research/VulnLLMEval-SANER/scheduler/job_scheduler.py", line 444, in _execute_task
    evaluator.rank_cwe(commit_hash, vuln_code)
  File "/users/azibaeir/Research/VulnLLMEval-SANER/models/llm_manager.py", line 1404, in rank_cwe
    self.db.execute(
  File "/users/azibaeir/Research/VulnLLMEval-SANER/utils/database.py", line 53, in execute
    result = self.cursor.execute(query, params)
sqlite3.OperationalError: database is locked

2025-10-03 11:40:30,858 - job_gemini_database_1759504776 - ERROR - Error processing commit 626dfed5fa3bfb41e0dffd796032b555b69f9cde for task rank_cwe: database is locked
2025-10-03 11:40:30,859 - job_gemini_database_1759504776 - ERROR - Traceback (most recent call last):
  File "/users/azibaeir/Research/VulnLLMEval-SANER/models/llm_manager.py", line 1393, in rank_cwe
    self.db.execute(
  File "/users/azibaeir/Research/VulnLLMEval-SANER/utils/database.py", line 53, in execute
    result = self.cursor.execute(query, params)
sqlite3.OperationalError: database is locked

During handling of the above exception, another exception occurred:

Traceback (most recent call last):
  File "/users/azibaeir/Research/VulnLLMEval-SANER/scheduler/job_scheduler.py", line 338, in run_job
    self._execute_task(evaluator, task, commit_hash, db_file)
  File "/users/azibaeir/Research/VulnLLMEval-SANER/scheduler/job_scheduler.py", line 444, in _execute_task
    evaluator.rank_cwe(commit_hash, vuln_code)
  File "/users/azibaeir/Research/VulnLLMEval-SANER/models/llm_manager.py", line 1404, in rank_cwe
    self.db.execute(
  File "/users/azibaeir/Research/VulnLLMEval-SANER/utils/database.py", line 53, in execute
    result = self.cursor.execute(query, params)
sqlite3.OperationalError: database is locked

2025-10-03 11:40:41,670 - job_gemini_database_1759504776 - ERROR - Error processing commit 907c3fe532253a6ef4eb9c4d67efb71fab58c706 for task rank_cwe: database is locked
2025-10-03 11:40:41,670 - job_gemini_database_1759504776 - ERROR - Traceback (most recent call last):
  File "/users/azibaeir/Research/VulnLLMEval-SANER/models/llm_manager.py", line 1393, in rank_cwe
    self.db.execute(
  File "/users/azibaeir/Research/VulnLLMEval-SANER/utils/database.py", line 53, in execute
    result = self.cursor.execute(query, params)
sqlite3.OperationalError: database is locked

During handling of the above exception, another exception occurred:

Traceback (most recent call last):
  File "/users/azibaeir/Research/VulnLLMEval-SANER/scheduler/job_scheduler.py", line 338, in run_job
    self._execute_task(evaluator, task, commit_hash, db_file)
  File "/users/azibaeir/Research/VulnLLMEval-SANER/scheduler/job_scheduler.py", line 444, in _execute_task
    evaluator.rank_cwe(commit_hash, vuln_code)
  File "/users/azibaeir/Research/VulnLLMEval-SANER/models/llm_manager.py", line 1404, in rank_cwe
    self.db.execute(
  File "/users/azibaeir/Research/VulnLLMEval-SANER/utils/database.py", line 53, in execute
    result = self.cursor.execute(query, params)
sqlite3.OperationalError: database is locked

2025-10-03 11:40:52,524 - job_gemini_database_1759504776 - ERROR - Error processing commit b1f532a3b1e6d2e5559c7ace49322922637a28aa for task rank_cwe: database is locked
2025-10-03 11:40:52,524 - job_gemini_database_1759504776 - ERROR - Traceback (most recent call last):
  File "/users/azibaeir/Research/VulnLLMEval-SANER/models/llm_manager.py", line 1393, in rank_cwe
    self.db.execute(
  File "/users/azibaeir/Research/VulnLLMEval-SANER/utils/database.py", line 53, in execute
    result = self.cursor.execute(query, params)
sqlite3.OperationalError: database is locked

During handling of the above exception, another exception occurred:

Traceback (most recent call last):
  File "/users/azibaeir/Research/VulnLLMEval-SANER/scheduler/job_scheduler.py", line 338, in run_job
    self._execute_task(evaluator, task, commit_hash, db_file)
  File "/users/azibaeir/Research/VulnLLMEval-SANER/scheduler/job_scheduler.py", line 444, in _execute_task
    evaluator.rank_cwe(commit_hash, vuln_code)
  File "/users/azibaeir/Research/VulnLLMEval-SANER/models/llm_manager.py", line 1404, in rank_cwe
    self.db.execute(
  File "/users/azibaeir/Research/VulnLLMEval-SANER/utils/database.py", line 53, in execute
    result = self.cursor.execute(query, params)
sqlite3.OperationalError: database is locked

2025-10-03 11:41:03,260 - job_gemini_database_1759504776 - ERROR - Error processing commit d864319871b05fadd153e0aede4811ca7008f5d6 for task rank_cwe: database is locked
2025-10-03 11:41:03,260 - job_gemini_database_1759504776 - ERROR - Traceback (most recent call last):
  File "/users/azibaeir/Research/VulnLLMEval-SANER/models/llm_manager.py", line 1393, in rank_cwe
    self.db.execute(
  File "/users/azibaeir/Research/VulnLLMEval-SANER/utils/database.py", line 53, in execute
    result = self.cursor.execute(query, params)
sqlite3.OperationalError: database is locked

During handling of the above exception, another exception occurred:

Traceback (most recent call last):
  File "/users/azibaeir/Research/VulnLLMEval-SANER/scheduler/job_scheduler.py", line 338, in run_job
    self._execute_task(evaluator, task, commit_hash, db_file)
  File "/users/azibaeir/Research/VulnLLMEval-SANER/scheduler/job_scheduler.py", line 444, in _execute_task
    evaluator.rank_cwe(commit_hash, vuln_code)
  File "/users/azibaeir/Research/VulnLLMEval-SANER/models/llm_manager.py", line 1404, in rank_cwe
    self.db.execute(
  File "/users/azibaeir/Research/VulnLLMEval-SANER/utils/database.py", line 53, in execute
    result = self.cursor.execute(query, params)
sqlite3.OperationalError: database is locked

2025-10-03 11:41:14,323 - job_gemini_database_1759504776 - ERROR - Error processing commit 646be03ec46cc736d78ca4db2e0b00fa84446d77 for task rank_cwe: database is locked
2025-10-03 11:41:14,323 - job_gemini_database_1759504776 - ERROR - Traceback (most recent call last):
  File "/users/azibaeir/Research/VulnLLMEval-SANER/models/llm_manager.py", line 1393, in rank_cwe
    self.db.execute(
  File "/users/azibaeir/Research/VulnLLMEval-SANER/utils/database.py", line 53, in execute
    result = self.cursor.execute(query, params)
sqlite3.OperationalError: database is locked

During handling of the above exception, another exception occurred:

Traceback (most recent call last):
  File "/users/azibaeir/Research/VulnLLMEval-SANER/scheduler/job_scheduler.py", line 338, in run_job
    self._execute_task(evaluator, task, commit_hash, db_file)
  File "/users/azibaeir/Research/VulnLLMEval-SANER/scheduler/job_scheduler.py", line 444, in _execute_task
    evaluator.rank_cwe(commit_hash, vuln_code)
  File "/users/azibaeir/Research/VulnLLMEval-SANER/models/llm_manager.py", line 1404, in rank_cwe
    self.db.execute(
  File "/users/azibaeir/Research/VulnLLMEval-SANER/utils/database.py", line 53, in execute
    result = self.cursor.execute(query, params)
sqlite3.OperationalError: database is locked

2025-10-03 11:41:25,221 - job_gemini_database_1759504776 - ERROR - Error processing commit 7c4a5b89a0b5a57a64b601775b296abf77a9fe97 for task rank_cwe: database is locked
2025-10-03 11:41:25,221 - job_gemini_database_1759504776 - ERROR - Traceback (most recent call last):
  File "/users/azibaeir/Research/VulnLLMEval-SANER/models/llm_manager.py", line 1393, in rank_cwe
    self.db.execute(
  File "/users/azibaeir/Research/VulnLLMEval-SANER/utils/database.py", line 53, in execute
    result = self.cursor.execute(query, params)
sqlite3.OperationalError: database is locked

During handling of the above exception, another exception occurred:

Traceback (most recent call last):
  File "/users/azibaeir/Research/VulnLLMEval-SANER/scheduler/job_scheduler.py", line 338, in run_job
    self._execute_task(evaluator, task, commit_hash, db_file)
  File "/users/azibaeir/Research/VulnLLMEval-SANER/scheduler/job_scheduler.py", line 444, in _execute_task
    evaluator.rank_cwe(commit_hash, vuln_code)
  File "/users/azibaeir/Research/VulnLLMEval-SANER/models/llm_manager.py", line 1404, in rank_cwe
    self.db.execute(
  File "/users/azibaeir/Research/VulnLLMEval-SANER/utils/database.py", line 53, in execute
    result = self.cursor.execute(query, params)
sqlite3.OperationalError: database is locked

2025-10-03 11:41:35,988 - job_gemini_database_1759504776 - ERROR - Error processing commit 84115f0e74ea73eccc44842a125f242a02097493 for task rank_cwe: database is locked
2025-10-03 11:41:35,988 - job_gemini_database_1759504776 - ERROR - Traceback (most recent call last):
  File "/users/azibaeir/Research/VulnLLMEval-SANER/models/llm_manager.py", line 1393, in rank_cwe
    self.db.execute(
  File "/users/azibaeir/Research/VulnLLMEval-SANER/utils/database.py", line 53, in execute
    result = self.cursor.execute(query, params)
sqlite3.OperationalError: database is locked

During handling of the above exception, another exception occurred:

Traceback (most recent call last):
  File "/users/azibaeir/Research/VulnLLMEval-SANER/scheduler/job_scheduler.py", line 338, in run_job
    self._execute_task(evaluator, task, commit_hash, db_file)
  File "/users/azibaeir/Research/VulnLLMEval-SANER/scheduler/job_scheduler.py", line 444, in _execute_task
    evaluator.rank_cwe(commit_hash, vuln_code)
  File "/users/azibaeir/Research/VulnLLMEval-SANER/models/llm_manager.py", line 1404, in rank_cwe
    self.db.execute(
  File "/users/azibaeir/Research/VulnLLMEval-SANER/utils/database.py", line 53, in execute
    result = self.cursor.execute(query, params)
sqlite3.OperationalError: database is locked

2025-10-03 11:41:46,940 - job_gemini_database_1759504776 - ERROR - Error processing commit a2965c7be0522eaa18808684b7b82b248515511b for task rank_cwe: database is locked
2025-10-03 11:41:46,940 - job_gemini_database_1759504776 - ERROR - Traceback (most recent call last):
  File "/users/azibaeir/Research/VulnLLMEval-SANER/models/llm_manager.py", line 1393, in rank_cwe
    self.db.execute(
  File "/users/azibaeir/Research/VulnLLMEval-SANER/utils/database.py", line 53, in execute
    result = self.cursor.execute(query, params)
sqlite3.OperationalError: database is locked

During handling of the above exception, another exception occurred:

Traceback (most recent call last):
  File "/users/azibaeir/Research/VulnLLMEval-SANER/scheduler/job_scheduler.py", line 338, in run_job
    self._execute_task(evaluator, task, commit_hash, db_file)
  File "/users/azibaeir/Research/VulnLLMEval-SANER/scheduler/job_scheduler.py", line 444, in _execute_task
    evaluator.rank_cwe(commit_hash, vuln_code)
  File "/users/azibaeir/Research/VulnLLMEval-SANER/models/llm_manager.py", line 1404, in rank_cwe
    self.db.execute(
  File "/users/azibaeir/Research/VulnLLMEval-SANER/utils/database.py", line 53, in execute
    result = self.cursor.execute(query, params)
sqlite3.OperationalError: database is locked

2025-10-03 11:41:57,911 - job_gemini_database_1759504776 - ERROR - Error processing commit a65120bae4b7 for task rank_cwe: database is locked
2025-10-03 11:41:57,911 - job_gemini_database_1759504776 - ERROR - Traceback (most recent call last):
  File "/users/azibaeir/Research/VulnLLMEval-SANER/models/llm_manager.py", line 1393, in rank_cwe
    self.db.execute(
  File "/users/azibaeir/Research/VulnLLMEval-SANER/utils/database.py", line 53, in execute
    result = self.cursor.execute(query, params)
sqlite3.OperationalError: database is locked

During handling of the above exception, another exception occurred:

Traceback (most recent call last):
  File "/users/azibaeir/Research/VulnLLMEval-SANER/scheduler/job_scheduler.py", line 338, in run_job
    self._execute_task(evaluator, task, commit_hash, db_file)
  File "/users/azibaeir/Research/VulnLLMEval-SANER/scheduler/job_scheduler.py", line 444, in _execute_task
    evaluator.rank_cwe(commit_hash, vuln_code)
  File "/users/azibaeir/Research/VulnLLMEval-SANER/models/llm_manager.py", line 1404, in rank_cwe
    self.db.execute(
  File "/users/azibaeir/Research/VulnLLMEval-SANER/utils/database.py", line 53, in execute
    result = self.cursor.execute(query, params)
sqlite3.OperationalError: database is locked

2025-10-03 11:42:08,723 - job_gemini_database_1759504776 - ERROR - Error processing commit 24f6008564183aa120d07c03d9289519c2fe02af for task rank_cwe: database is locked
2025-10-03 11:42:08,723 - job_gemini_database_1759504776 - ERROR - Traceback (most recent call last):
  File "/users/azibaeir/Research/VulnLLMEval-SANER/models/llm_manager.py", line 1393, in rank_cwe
    self.db.execute(
  File "/users/azibaeir/Research/VulnLLMEval-SANER/utils/database.py", line 53, in execute
    result = self.cursor.execute(query, params)
sqlite3.OperationalError: database is locked

During handling of the above exception, another exception occurred:

Traceback (most recent call last):
  File "/users/azibaeir/Research/VulnLLMEval-SANER/scheduler/job_scheduler.py", line 338, in run_job
    self._execute_task(evaluator, task, commit_hash, db_file)
  File "/users/azibaeir/Research/VulnLLMEval-SANER/scheduler/job_scheduler.py", line 444, in _execute_task
    evaluator.rank_cwe(commit_hash, vuln_code)
  File "/users/azibaeir/Research/VulnLLMEval-SANER/models/llm_manager.py", line 1404, in rank_cwe
    self.db.execute(
  File "/users/azibaeir/Research/VulnLLMEval-SANER/utils/database.py", line 53, in execute
    result = self.cursor.execute(query, params)
sqlite3.OperationalError: database is locked

2025-10-03 11:42:19,562 - job_gemini_database_1759504776 - ERROR - Error processing commit c80d401c52a2d1baf2a5afeb06f0ffe678e56d23 for task rank_cwe: database is locked
2025-10-03 11:42:19,562 - job_gemini_database_1759504776 - ERROR - Traceback (most recent call last):
  File "/users/azibaeir/Research/VulnLLMEval-SANER/models/llm_manager.py", line 1393, in rank_cwe
    self.db.execute(
  File "/users/azibaeir/Research/VulnLLMEval-SANER/utils/database.py", line 53, in execute
    result = self.cursor.execute(query, params)
sqlite3.OperationalError: database is locked

During handling of the above exception, another exception occurred:

Traceback (most recent call last):
  File "/users/azibaeir/Research/VulnLLMEval-SANER/scheduler/job_scheduler.py", line 338, in run_job
    self._execute_task(evaluator, task, commit_hash, db_file)
  File "/users/azibaeir/Research/VulnLLMEval-SANER/scheduler/job_scheduler.py", line 444, in _execute_task
    evaluator.rank_cwe(commit_hash, vuln_code)
  File "/users/azibaeir/Research/VulnLLMEval-SANER/models/llm_manager.py", line 1404, in rank_cwe
    self.db.execute(
  File "/users/azibaeir/Research/VulnLLMEval-SANER/utils/database.py", line 53, in execute
    result = self.cursor.execute(query, params)
sqlite3.OperationalError: database is locked

2025-10-03 11:42:30,289 - job_gemini_database_1759504776 - ERROR - Error processing commit ee1fee900537b5d9560e9f937402de5ddc8412f3 for task rank_cwe: database is locked
2025-10-03 11:42:30,289 - job_gemini_database_1759504776 - ERROR - Traceback (most recent call last):
  File "/users/azibaeir/Research/VulnLLMEval-SANER/models/llm_manager.py", line 1393, in rank_cwe
    self.db.execute(
  File "/users/azibaeir/Research/VulnLLMEval-SANER/utils/database.py", line 53, in execute
    result = self.cursor.execute(query, params)
sqlite3.OperationalError: database is locked

During handling of the above exception, another exception occurred:

Traceback (most recent call last):
  File "/users/azibaeir/Research/VulnLLMEval-SANER/scheduler/job_scheduler.py", line 338, in run_job
    self._execute_task(evaluator, task, commit_hash, db_file)
  File "/users/azibaeir/Research/VulnLLMEval-SANER/scheduler/job_scheduler.py", line 444, in _execute_task
    evaluator.rank_cwe(commit_hash, vuln_code)
  File "/users/azibaeir/Research/VulnLLMEval-SANER/models/llm_manager.py", line 1404, in rank_cwe
    self.db.execute(
  File "/users/azibaeir/Research/VulnLLMEval-SANER/utils/database.py", line 53, in execute
    result = self.cursor.execute(query, params)
sqlite3.OperationalError: database is locked

2025-10-03 11:42:41,264 - job_gemini_database_1759504776 - ERROR - Error processing commit 0f923e07124df069ba68d8bb12324398f4b6b709 for task rank_cwe: database is locked
2025-10-03 11:42:41,265 - job_gemini_database_1759504776 - ERROR - Traceback (most recent call last):
  File "/users/azibaeir/Research/VulnLLMEval-SANER/models/llm_manager.py", line 1393, in rank_cwe
    self.db.execute(
  File "/users/azibaeir/Research/VulnLLMEval-SANER/utils/database.py", line 53, in execute
    result = self.cursor.execute(query, params)
sqlite3.OperationalError: database is locked

During handling of the above exception, another exception occurred:

Traceback (most recent call last):
  File "/users/azibaeir/Research/VulnLLMEval-SANER/scheduler/job_scheduler.py", line 338, in run_job
    self._execute_task(evaluator, task, commit_hash, db_file)
  File "/users/azibaeir/Research/VulnLLMEval-SANER/scheduler/job_scheduler.py", line 444, in _execute_task
    evaluator.rank_cwe(commit_hash, vuln_code)
  File "/users/azibaeir/Research/VulnLLMEval-SANER/models/llm_manager.py", line 1404, in rank_cwe
    self.db.execute(
  File "/users/azibaeir/Research/VulnLLMEval-SANER/utils/database.py", line 53, in execute
    result = self.cursor.execute(query, params)
sqlite3.OperationalError: database is locked

2025-10-03 11:42:52,412 - job_gemini_database_1759504776 - ERROR - Error processing commit 1201d68f4781141411e734315f22457e6ea2cfcb for task rank_cwe: database is locked
2025-10-03 11:42:52,412 - job_gemini_database_1759504776 - ERROR - Traceback (most recent call last):
  File "/users/azibaeir/Research/VulnLLMEval-SANER/models/llm_manager.py", line 1393, in rank_cwe
    self.db.execute(
  File "/users/azibaeir/Research/VulnLLMEval-SANER/utils/database.py", line 53, in execute
    result = self.cursor.execute(query, params)
sqlite3.OperationalError: database is locked

During handling of the above exception, another exception occurred:

Traceback (most recent call last):
  File "/users/azibaeir/Research/VulnLLMEval-SANER/scheduler/job_scheduler.py", line 338, in run_job
    self._execute_task(evaluator, task, commit_hash, db_file)
  File "/users/azibaeir/Research/VulnLLMEval-SANER/scheduler/job_scheduler.py", line 444, in _execute_task
    evaluator.rank_cwe(commit_hash, vuln_code)
  File "/users/azibaeir/Research/VulnLLMEval-SANER/models/llm_manager.py", line 1404, in rank_cwe
    self.db.execute(
  File "/users/azibaeir/Research/VulnLLMEval-SANER/utils/database.py", line 53, in execute
    result = self.cursor.execute(query, params)
sqlite3.OperationalError: database is locked

2025-10-03 11:43:03,220 - job_gemini_database_1759504776 - ERROR - Error processing commit 20c40794eb85ea29852d7bc37c55713802a543d6 for task rank_cwe: database is locked
2025-10-03 11:43:03,220 - job_gemini_database_1759504776 - ERROR - Traceback (most recent call last):
  File "/users/azibaeir/Research/VulnLLMEval-SANER/models/llm_manager.py", line 1393, in rank_cwe
    self.db.execute(
  File "/users/azibaeir/Research/VulnLLMEval-SANER/utils/database.py", line 53, in execute
    result = self.cursor.execute(query, params)
sqlite3.OperationalError: database is locked

During handling of the above exception, another exception occurred:

Traceback (most recent call last):
  File "/users/azibaeir/Research/VulnLLMEval-SANER/scheduler/job_scheduler.py", line 338, in run_job
    self._execute_task(evaluator, task, commit_hash, db_file)
  File "/users/azibaeir/Research/VulnLLMEval-SANER/scheduler/job_scheduler.py", line 444, in _execute_task
    evaluator.rank_cwe(commit_hash, vuln_code)
  File "/users/azibaeir/Research/VulnLLMEval-SANER/models/llm_manager.py", line 1404, in rank_cwe
    self.db.execute(
  File "/users/azibaeir/Research/VulnLLMEval-SANER/utils/database.py", line 53, in execute
    result = self.cursor.execute(query, params)
sqlite3.OperationalError: database is locked

2025-10-03 11:43:14,031 - job_gemini_database_1759504776 - ERROR - Error processing commit 25c150ac103a4ebeed0319994c742a90634ddf18 for task rank_cwe: database is locked
2025-10-03 11:43:14,031 - job_gemini_database_1759504776 - ERROR - Traceback (most recent call last):
  File "/users/azibaeir/Research/VulnLLMEval-SANER/models/llm_manager.py", line 1393, in rank_cwe
    self.db.execute(
  File "/users/azibaeir/Research/VulnLLMEval-SANER/utils/database.py", line 53, in execute
    result = self.cursor.execute(query, params)
sqlite3.OperationalError: database is locked

During handling of the above exception, another exception occurred:

Traceback (most recent call last):
  File "/users/azibaeir/Research/VulnLLMEval-SANER/scheduler/job_scheduler.py", line 338, in run_job
    self._execute_task(evaluator, task, commit_hash, db_file)
  File "/users/azibaeir/Research/VulnLLMEval-SANER/scheduler/job_scheduler.py", line 444, in _execute_task
    evaluator.rank_cwe(commit_hash, vuln_code)
  File "/users/azibaeir/Research/VulnLLMEval-SANER/models/llm_manager.py", line 1404, in rank_cwe
    self.db.execute(
  File "/users/azibaeir/Research/VulnLLMEval-SANER/utils/database.py", line 53, in execute
    result = self.cursor.execute(query, params)
sqlite3.OperationalError: database is locked

2025-10-03 11:43:25,012 - job_gemini_database_1759504776 - ERROR - Error processing commit 25e97f7b1866e6b8503be349eeea44bb52d661ce for task rank_cwe: database is locked
2025-10-03 11:43:25,012 - job_gemini_database_1759504776 - ERROR - Traceback (most recent call last):
  File "/users/azibaeir/Research/VulnLLMEval-SANER/models/llm_manager.py", line 1393, in rank_cwe
    self.db.execute(
  File "/users/azibaeir/Research/VulnLLMEval-SANER/utils/database.py", line 53, in execute
    result = self.cursor.execute(query, params)
sqlite3.OperationalError: database is locked

During handling of the above exception, another exception occurred:

Traceback (most recent call last):
  File "/users/azibaeir/Research/VulnLLMEval-SANER/scheduler/job_scheduler.py", line 338, in run_job
    self._execute_task(evaluator, task, commit_hash, db_file)
  File "/users/azibaeir/Research/VulnLLMEval-SANER/scheduler/job_scheduler.py", line 444, in _execute_task
    evaluator.rank_cwe(commit_hash, vuln_code)
  File "/users/azibaeir/Research/VulnLLMEval-SANER/models/llm_manager.py", line 1404, in rank_cwe
    self.db.execute(
  File "/users/azibaeir/Research/VulnLLMEval-SANER/utils/database.py", line 53, in execute
    result = self.cursor.execute(query, params)
sqlite3.OperationalError: database is locked

2025-10-03 11:43:35,918 - job_gemini_database_1759504776 - ERROR - Error processing commit 31d49ba033095f6e8158c60f69714a500922e0c3 for task rank_cwe: database is locked
2025-10-03 11:43:35,919 - job_gemini_database_1759504776 - ERROR - Traceback (most recent call last):
  File "/users/azibaeir/Research/VulnLLMEval-SANER/models/llm_manager.py", line 1393, in rank_cwe
    self.db.execute(
  File "/users/azibaeir/Research/VulnLLMEval-SANER/utils/database.py", line 53, in execute
    result = self.cursor.execute(query, params)
sqlite3.OperationalError: database is locked

During handling of the above exception, another exception occurred:

Traceback (most recent call last):
  File "/users/azibaeir/Research/VulnLLMEval-SANER/scheduler/job_scheduler.py", line 338, in run_job
    self._execute_task(evaluator, task, commit_hash, db_file)
  File "/users/azibaeir/Research/VulnLLMEval-SANER/scheduler/job_scheduler.py", line 444, in _execute_task
    evaluator.rank_cwe(commit_hash, vuln_code)
  File "/users/azibaeir/Research/VulnLLMEval-SANER/models/llm_manager.py", line 1404, in rank_cwe
    self.db.execute(
  File "/users/azibaeir/Research/VulnLLMEval-SANER/utils/database.py", line 53, in execute
    result = self.cursor.execute(query, params)
sqlite3.OperationalError: database is locked

2025-10-03 11:43:46,688 - job_gemini_database_1759504776 - ERROR - Error processing commit 5c9241f3ceab3257abe2923a59950db0dc8bb737 for task rank_cwe: database is locked
2025-10-03 11:43:46,689 - job_gemini_database_1759504776 - ERROR - Traceback (most recent call last):
  File "/users/azibaeir/Research/VulnLLMEval-SANER/models/llm_manager.py", line 1393, in rank_cwe
    self.db.execute(
  File "/users/azibaeir/Research/VulnLLMEval-SANER/utils/database.py", line 53, in execute
    result = self.cursor.execute(query, params)
sqlite3.OperationalError: database is locked

During handling of the above exception, another exception occurred:

Traceback (most recent call last):
  File "/users/azibaeir/Research/VulnLLMEval-SANER/scheduler/job_scheduler.py", line 338, in run_job
    self._execute_task(evaluator, task, commit_hash, db_file)
  File "/users/azibaeir/Research/VulnLLMEval-SANER/scheduler/job_scheduler.py", line 444, in _execute_task
    evaluator.rank_cwe(commit_hash, vuln_code)
  File "/users/azibaeir/Research/VulnLLMEval-SANER/models/llm_manager.py", line 1404, in rank_cwe
    self.db.execute(
  File "/users/azibaeir/Research/VulnLLMEval-SANER/utils/database.py", line 53, in execute
    result = self.cursor.execute(query, params)
sqlite3.OperationalError: database is locked

2025-10-03 11:43:57,494 - job_gemini_database_1759504776 - ERROR - Error processing commit 9bc3047374d5bec163e83e743709e23753376f0c for task rank_cwe: database is locked
2025-10-03 11:43:57,494 - job_gemini_database_1759504776 - ERROR - Traceback (most recent call last):
  File "/users/azibaeir/Research/VulnLLMEval-SANER/models/llm_manager.py", line 1393, in rank_cwe
    self.db.execute(
  File "/users/azibaeir/Research/VulnLLMEval-SANER/utils/database.py", line 53, in execute
    result = self.cursor.execute(query, params)
sqlite3.OperationalError: database is locked

During handling of the above exception, another exception occurred:

Traceback (most recent call last):
  File "/users/azibaeir/Research/VulnLLMEval-SANER/scheduler/job_scheduler.py", line 338, in run_job
    self._execute_task(evaluator, task, commit_hash, db_file)
  File "/users/azibaeir/Research/VulnLLMEval-SANER/scheduler/job_scheduler.py", line 444, in _execute_task
    evaluator.rank_cwe(commit_hash, vuln_code)
  File "/users/azibaeir/Research/VulnLLMEval-SANER/models/llm_manager.py", line 1404, in rank_cwe
    self.db.execute(
  File "/users/azibaeir/Research/VulnLLMEval-SANER/utils/database.py", line 53, in execute
    result = self.cursor.execute(query, params)
sqlite3.OperationalError: database is locked

2025-10-03 11:44:08,534 - job_gemini_database_1759504776 - ERROR - Error processing commit 801c6058d14a82179a7ee17a4b532cac6fad067f for task rank_cwe: database is locked
2025-10-03 11:44:08,534 - job_gemini_database_1759504776 - ERROR - Traceback (most recent call last):
  File "/users/azibaeir/Research/VulnLLMEval-SANER/models/llm_manager.py", line 1393, in rank_cwe
    self.db.execute(
  File "/users/azibaeir/Research/VulnLLMEval-SANER/utils/database.py", line 53, in execute
    result = self.cursor.execute(query, params)
sqlite3.OperationalError: database is locked

During handling of the above exception, another exception occurred:

Traceback (most recent call last):
  File "/users/azibaeir/Research/VulnLLMEval-SANER/scheduler/job_scheduler.py", line 338, in run_job
    self._execute_task(evaluator, task, commit_hash, db_file)
  File "/users/azibaeir/Research/VulnLLMEval-SANER/scheduler/job_scheduler.py", line 444, in _execute_task
    evaluator.rank_cwe(commit_hash, vuln_code)
  File "/users/azibaeir/Research/VulnLLMEval-SANER/models/llm_manager.py", line 1404, in rank_cwe
    self.db.execute(
  File "/users/azibaeir/Research/VulnLLMEval-SANER/utils/database.py", line 53, in execute
    result = self.cursor.execute(query, params)
sqlite3.OperationalError: database is locked

2025-10-03 11:44:19,518 - job_gemini_database_1759504776 - ERROR - Error processing commit 0570730c16307a72f8241df12363f76600baf57d for task rank_cwe: database is locked
2025-10-03 11:44:19,518 - job_gemini_database_1759504776 - ERROR - Traceback (most recent call last):
  File "/users/azibaeir/Research/VulnLLMEval-SANER/models/llm_manager.py", line 1393, in rank_cwe
    self.db.execute(
  File "/users/azibaeir/Research/VulnLLMEval-SANER/utils/database.py", line 53, in execute
    result = self.cursor.execute(query, params)
sqlite3.OperationalError: database is locked

During handling of the above exception, another exception occurred:

Traceback (most recent call last):
  File "/users/azibaeir/Research/VulnLLMEval-SANER/scheduler/job_scheduler.py", line 338, in run_job
    self._execute_task(evaluator, task, commit_hash, db_file)
  File "/users/azibaeir/Research/VulnLLMEval-SANER/scheduler/job_scheduler.py", line 444, in _execute_task
    evaluator.rank_cwe(commit_hash, vuln_code)
  File "/users/azibaeir/Research/VulnLLMEval-SANER/models/llm_manager.py", line 1404, in rank_cwe
    self.db.execute(
  File "/users/azibaeir/Research/VulnLLMEval-SANER/utils/database.py", line 53, in execute
    result = self.cursor.execute(query, params)
sqlite3.OperationalError: database is locked

2025-10-03 11:44:30,275 - job_gemini_database_1759504776 - ERROR - Error processing commit 3a3be7ff9224f424e485287b54be00d2c6bd9c40 for task rank_cwe: database is locked
2025-10-03 11:44:30,276 - job_gemini_database_1759504776 - ERROR - Traceback (most recent call last):
  File "/users/azibaeir/Research/VulnLLMEval-SANER/models/llm_manager.py", line 1393, in rank_cwe
    self.db.execute(
  File "/users/azibaeir/Research/VulnLLMEval-SANER/utils/database.py", line 53, in execute
    result = self.cursor.execute(query, params)
sqlite3.OperationalError: database is locked

During handling of the above exception, another exception occurred:

Traceback (most recent call last):
  File "/users/azibaeir/Research/VulnLLMEval-SANER/scheduler/job_scheduler.py", line 338, in run_job
    self._execute_task(evaluator, task, commit_hash, db_file)
  File "/users/azibaeir/Research/VulnLLMEval-SANER/scheduler/job_scheduler.py", line 444, in _execute_task
    evaluator.rank_cwe(commit_hash, vuln_code)
  File "/users/azibaeir/Research/VulnLLMEval-SANER/models/llm_manager.py", line 1404, in rank_cwe
    self.db.execute(
  File "/users/azibaeir/Research/VulnLLMEval-SANER/utils/database.py", line 53, in execute
    result = self.cursor.execute(query, params)
sqlite3.OperationalError: database is locked

2025-10-03 11:44:41,392 - job_gemini_database_1759504776 - ERROR - Error processing commit 6d745cd0e9720282cd291d36b9db528aea18add2 for task rank_cwe: database is locked
2025-10-03 11:44:41,392 - job_gemini_database_1759504776 - ERROR - Traceback (most recent call last):
  File "/users/azibaeir/Research/VulnLLMEval-SANER/models/llm_manager.py", line 1393, in rank_cwe
    self.db.execute(
  File "/users/azibaeir/Research/VulnLLMEval-SANER/utils/database.py", line 53, in execute
    result = self.cursor.execute(query, params)
sqlite3.OperationalError: database is locked

During handling of the above exception, another exception occurred:

Traceback (most recent call last):
  File "/users/azibaeir/Research/VulnLLMEval-SANER/scheduler/job_scheduler.py", line 338, in run_job
    self._execute_task(evaluator, task, commit_hash, db_file)
  File "/users/azibaeir/Research/VulnLLMEval-SANER/scheduler/job_scheduler.py", line 444, in _execute_task
    evaluator.rank_cwe(commit_hash, vuln_code)
  File "/users/azibaeir/Research/VulnLLMEval-SANER/models/llm_manager.py", line 1404, in rank_cwe
    self.db.execute(
  File "/users/azibaeir/Research/VulnLLMEval-SANER/utils/database.py", line 53, in execute
    result = self.cursor.execute(query, params)
sqlite3.OperationalError: database is locked

2025-10-03 11:44:52,264 - job_gemini_database_1759504776 - ERROR - Error processing commit 6ea14ccb60c8ab829349979b22b58a941ec4a3ee for task rank_cwe: database is locked
2025-10-03 11:44:52,265 - job_gemini_database_1759504776 - ERROR - Traceback (most recent call last):
  File "/users/azibaeir/Research/VulnLLMEval-SANER/models/llm_manager.py", line 1393, in rank_cwe
    self.db.execute(
  File "/users/azibaeir/Research/VulnLLMEval-SANER/utils/database.py", line 53, in execute
    result = self.cursor.execute(query, params)
sqlite3.OperationalError: database is locked

During handling of the above exception, another exception occurred:

Traceback (most recent call last):
  File "/users/azibaeir/Research/VulnLLMEval-SANER/scheduler/job_scheduler.py", line 338, in run_job
    self._execute_task(evaluator, task, commit_hash, db_file)
  File "/users/azibaeir/Research/VulnLLMEval-SANER/scheduler/job_scheduler.py", line 444, in _execute_task
    evaluator.rank_cwe(commit_hash, vuln_code)
  File "/users/azibaeir/Research/VulnLLMEval-SANER/models/llm_manager.py", line 1404, in rank_cwe
    self.db.execute(
  File "/users/azibaeir/Research/VulnLLMEval-SANER/utils/database.py", line 53, in execute
    result = self.cursor.execute(query, params)
sqlite3.OperationalError: database is locked

2025-10-03 11:45:03,269 - job_gemini_database_1759504776 - ERROR - Error processing commit e4a87abf588536d1cdfb128595e6e680af5cf3ed for task rank_cwe: database is locked
2025-10-03 11:45:03,269 - job_gemini_database_1759504776 - ERROR - Traceback (most recent call last):
  File "/users/azibaeir/Research/VulnLLMEval-SANER/models/llm_manager.py", line 1393, in rank_cwe
    self.db.execute(
  File "/users/azibaeir/Research/VulnLLMEval-SANER/utils/database.py", line 53, in execute
    result = self.cursor.execute(query, params)
sqlite3.OperationalError: database is locked

During handling of the above exception, another exception occurred:

Traceback (most recent call last):
  File "/users/azibaeir/Research/VulnLLMEval-SANER/scheduler/job_scheduler.py", line 338, in run_job
    self._execute_task(evaluator, task, commit_hash, db_file)
  File "/users/azibaeir/Research/VulnLLMEval-SANER/scheduler/job_scheduler.py", line 444, in _execute_task
    evaluator.rank_cwe(commit_hash, vuln_code)
  File "/users/azibaeir/Research/VulnLLMEval-SANER/models/llm_manager.py", line 1404, in rank_cwe
    self.db.execute(
  File "/users/azibaeir/Research/VulnLLMEval-SANER/utils/database.py", line 53, in execute
    result = self.cursor.execute(query, params)
sqlite3.OperationalError: database is locked

2025-10-03 11:45:14,242 - job_gemini_database_1759504776 - ERROR - Error processing commit 06582bc86d7f48d35cd044098ca1e246e8c7c52e for task rank_cwe: database is locked
2025-10-03 11:45:14,242 - job_gemini_database_1759504776 - ERROR - Traceback (most recent call last):
  File "/users/azibaeir/Research/VulnLLMEval-SANER/models/llm_manager.py", line 1393, in rank_cwe
    self.db.execute(
  File "/users/azibaeir/Research/VulnLLMEval-SANER/utils/database.py", line 53, in execute
    result = self.cursor.execute(query, params)
sqlite3.OperationalError: database is locked

During handling of the above exception, another exception occurred:

Traceback (most recent call last):
  File "/users/azibaeir/Research/VulnLLMEval-SANER/scheduler/job_scheduler.py", line 338, in run_job
    self._execute_task(evaluator, task, commit_hash, db_file)
  File "/users/azibaeir/Research/VulnLLMEval-SANER/scheduler/job_scheduler.py", line 444, in _execute_task
    evaluator.rank_cwe(commit_hash, vuln_code)
  File "/users/azibaeir/Research/VulnLLMEval-SANER/models/llm_manager.py", line 1404, in rank_cwe
    self.db.execute(
  File "/users/azibaeir/Research/VulnLLMEval-SANER/utils/database.py", line 53, in execute
    result = self.cursor.execute(query, params)
sqlite3.OperationalError: database is locked

2025-10-03 11:45:24,991 - job_gemini_database_1759504776 - ERROR - Error processing commit 32452a3eb8b64e01e2be717f518c0be046975b9d for task rank_cwe: database is locked
2025-10-03 11:45:24,991 - job_gemini_database_1759504776 - ERROR - Traceback (most recent call last):
  File "/users/azibaeir/Research/VulnLLMEval-SANER/models/llm_manager.py", line 1393, in rank_cwe
    self.db.execute(
  File "/users/azibaeir/Research/VulnLLMEval-SANER/utils/database.py", line 53, in execute
    result = self.cursor.execute(query, params)
sqlite3.OperationalError: database is locked

During handling of the above exception, another exception occurred:

Traceback (most recent call last):
  File "/users/azibaeir/Research/VulnLLMEval-SANER/scheduler/job_scheduler.py", line 338, in run_job
    self._execute_task(evaluator, task, commit_hash, db_file)
  File "/users/azibaeir/Research/VulnLLMEval-SANER/scheduler/job_scheduler.py", line 444, in _execute_task
    evaluator.rank_cwe(commit_hash, vuln_code)
  File "/users/azibaeir/Research/VulnLLMEval-SANER/models/llm_manager.py", line 1404, in rank_cwe
    self.db.execute(
  File "/users/azibaeir/Research/VulnLLMEval-SANER/utils/database.py", line 53, in execute
    result = self.cursor.execute(query, params)
sqlite3.OperationalError: database is locked

2025-10-03 11:45:35,898 - job_gemini_database_1759504776 - ERROR - Error processing commit 4c905f6740a365464e91467aa50916555b28213d for task rank_cwe: database is locked
2025-10-03 11:45:35,899 - job_gemini_database_1759504776 - ERROR - Traceback (most recent call last):
  File "/users/azibaeir/Research/VulnLLMEval-SANER/models/llm_manager.py", line 1393, in rank_cwe
    self.db.execute(
  File "/users/azibaeir/Research/VulnLLMEval-SANER/utils/database.py", line 53, in execute
    result = self.cursor.execute(query, params)
sqlite3.OperationalError: database is locked

During handling of the above exception, another exception occurred:

Traceback (most recent call last):
  File "/users/azibaeir/Research/VulnLLMEval-SANER/scheduler/job_scheduler.py", line 338, in run_job
    self._execute_task(evaluator, task, commit_hash, db_file)
  File "/users/azibaeir/Research/VulnLLMEval-SANER/scheduler/job_scheduler.py", line 444, in _execute_task
    evaluator.rank_cwe(commit_hash, vuln_code)
  File "/users/azibaeir/Research/VulnLLMEval-SANER/models/llm_manager.py", line 1404, in rank_cwe
    self.db.execute(
  File "/users/azibaeir/Research/VulnLLMEval-SANER/utils/database.py", line 53, in execute
    result = self.cursor.execute(query, params)
sqlite3.OperationalError: database is locked

2025-10-03 11:45:46,716 - job_gemini_database_1759504776 - ERROR - Error processing commit 50535249f624d0072cd885bcdce4e4b6fb770160 for task rank_cwe: database is locked
2025-10-03 11:45:46,716 - job_gemini_database_1759504776 - ERROR - Traceback (most recent call last):
  File "/users/azibaeir/Research/VulnLLMEval-SANER/models/llm_manager.py", line 1393, in rank_cwe
    self.db.execute(
  File "/users/azibaeir/Research/VulnLLMEval-SANER/utils/database.py", line 53, in execute
    result = self.cursor.execute(query, params)
sqlite3.OperationalError: database is locked

During handling of the above exception, another exception occurred:

Traceback (most recent call last):
  File "/users/azibaeir/Research/VulnLLMEval-SANER/scheduler/job_scheduler.py", line 338, in run_job
    self._execute_task(evaluator, task, commit_hash, db_file)
  File "/users/azibaeir/Research/VulnLLMEval-SANER/scheduler/job_scheduler.py", line 444, in _execute_task
    evaluator.rank_cwe(commit_hash, vuln_code)
  File "/users/azibaeir/Research/VulnLLMEval-SANER/models/llm_manager.py", line 1404, in rank_cwe
    self.db.execute(
  File "/users/azibaeir/Research/VulnLLMEval-SANER/utils/database.py", line 53, in execute
    result = self.cursor.execute(query, params)
sqlite3.OperationalError: database is locked

2025-10-03 11:45:57,717 - job_gemini_database_1759504776 - ERROR - Error processing commit 6577b9a551aedb86bca6d4438c28386361845108 for task rank_cwe: database is locked
2025-10-03 11:45:57,718 - job_gemini_database_1759504776 - ERROR - Traceback (most recent call last):
  File "/users/azibaeir/Research/VulnLLMEval-SANER/models/llm_manager.py", line 1393, in rank_cwe
    self.db.execute(
  File "/users/azibaeir/Research/VulnLLMEval-SANER/utils/database.py", line 53, in execute
    result = self.cursor.execute(query, params)
sqlite3.OperationalError: database is locked

During handling of the above exception, another exception occurred:

Traceback (most recent call last):
  File "/users/azibaeir/Research/VulnLLMEval-SANER/scheduler/job_scheduler.py", line 338, in run_job
    self._execute_task(evaluator, task, commit_hash, db_file)
  File "/users/azibaeir/Research/VulnLLMEval-SANER/scheduler/job_scheduler.py", line 444, in _execute_task
    evaluator.rank_cwe(commit_hash, vuln_code)
  File "/users/azibaeir/Research/VulnLLMEval-SANER/models/llm_manager.py", line 1404, in rank_cwe
    self.db.execute(
  File "/users/azibaeir/Research/VulnLLMEval-SANER/utils/database.py", line 53, in execute
    result = self.cursor.execute(query, params)
sqlite3.OperationalError: database is locked

2025-10-03 11:46:08,497 - job_gemini_database_1759504776 - ERROR - Error processing commit b9258a2cece4ec1f020715fe3554bc2e360f6264 for task rank_cwe: database is locked
2025-10-03 11:46:08,498 - job_gemini_database_1759504776 - ERROR - Traceback (most recent call last):
  File "/users/azibaeir/Research/VulnLLMEval-SANER/models/llm_manager.py", line 1393, in rank_cwe
    self.db.execute(
  File "/users/azibaeir/Research/VulnLLMEval-SANER/utils/database.py", line 53, in execute
    result = self.cursor.execute(query, params)
sqlite3.OperationalError: database is locked

During handling of the above exception, another exception occurred:

Traceback (most recent call last):
  File "/users/azibaeir/Research/VulnLLMEval-SANER/scheduler/job_scheduler.py", line 338, in run_job
    self._execute_task(evaluator, task, commit_hash, db_file)
  File "/users/azibaeir/Research/VulnLLMEval-SANER/scheduler/job_scheduler.py", line 444, in _execute_task
    evaluator.rank_cwe(commit_hash, vuln_code)
  File "/users/azibaeir/Research/VulnLLMEval-SANER/models/llm_manager.py", line 1404, in rank_cwe
    self.db.execute(
  File "/users/azibaeir/Research/VulnLLMEval-SANER/utils/database.py", line 53, in execute
    result = self.cursor.execute(query, params)
sqlite3.OperationalError: database is locked

2025-10-03 11:46:19,449 - job_gemini_database_1759504776 - ERROR - Error processing commit 0e881c0a4b6146b7e856735226208f48251facd8 for task rank_cwe: database is locked
2025-10-03 11:46:19,449 - job_gemini_database_1759504776 - ERROR - Traceback (most recent call last):
  File "/users/azibaeir/Research/VulnLLMEval-SANER/models/llm_manager.py", line 1393, in rank_cwe
    self.db.execute(
  File "/users/azibaeir/Research/VulnLLMEval-SANER/utils/database.py", line 53, in execute
    result = self.cursor.execute(query, params)
sqlite3.OperationalError: database is locked

During handling of the above exception, another exception occurred:

Traceback (most recent call last):
  File "/users/azibaeir/Research/VulnLLMEval-SANER/scheduler/job_scheduler.py", line 338, in run_job
    self._execute_task(evaluator, task, commit_hash, db_file)
  File "/users/azibaeir/Research/VulnLLMEval-SANER/scheduler/job_scheduler.py", line 444, in _execute_task
    evaluator.rank_cwe(commit_hash, vuln_code)
  File "/users/azibaeir/Research/VulnLLMEval-SANER/models/llm_manager.py", line 1404, in rank_cwe
    self.db.execute(
  File "/users/azibaeir/Research/VulnLLMEval-SANER/utils/database.py", line 53, in execute
    result = self.cursor.execute(query, params)
sqlite3.OperationalError: database is locked

2025-10-03 11:46:30,280 - job_gemini_database_1759504776 - ERROR - Error processing commit 7835fcfd132eb88b87e8eb901f88436f63ab60f7 for task rank_cwe: database is locked
2025-10-03 11:46:30,281 - job_gemini_database_1759504776 - ERROR - Traceback (most recent call last):
  File "/users/azibaeir/Research/VulnLLMEval-SANER/models/llm_manager.py", line 1393, in rank_cwe
    self.db.execute(
  File "/users/azibaeir/Research/VulnLLMEval-SANER/utils/database.py", line 53, in execute
    result = self.cursor.execute(query, params)
sqlite3.OperationalError: database is locked

During handling of the above exception, another exception occurred:

Traceback (most recent call last):
  File "/users/azibaeir/Research/VulnLLMEval-SANER/scheduler/job_scheduler.py", line 338, in run_job
    self._execute_task(evaluator, task, commit_hash, db_file)
  File "/users/azibaeir/Research/VulnLLMEval-SANER/scheduler/job_scheduler.py", line 444, in _execute_task
    evaluator.rank_cwe(commit_hash, vuln_code)
  File "/users/azibaeir/Research/VulnLLMEval-SANER/models/llm_manager.py", line 1404, in rank_cwe
    self.db.execute(
  File "/users/azibaeir/Research/VulnLLMEval-SANER/utils/database.py", line 53, in execute
    result = self.cursor.execute(query, params)
sqlite3.OperationalError: database is locked

2025-10-03 11:46:41,078 - job_gemini_database_1759504776 - ERROR - Error processing commit 97f7cf1cd80eeed3b7c808b7c12463295c751001 for task rank_cwe: database is locked
2025-10-03 11:46:41,078 - job_gemini_database_1759504776 - ERROR - Traceback (most recent call last):
  File "/users/azibaeir/Research/VulnLLMEval-SANER/models/llm_manager.py", line 1393, in rank_cwe
    self.db.execute(
  File "/users/azibaeir/Research/VulnLLMEval-SANER/utils/database.py", line 53, in execute
    result = self.cursor.execute(query, params)
sqlite3.OperationalError: database is locked

During handling of the above exception, another exception occurred:

Traceback (most recent call last):
  File "/users/azibaeir/Research/VulnLLMEval-SANER/scheduler/job_scheduler.py", line 338, in run_job
    self._execute_task(evaluator, task, commit_hash, db_file)
  File "/users/azibaeir/Research/VulnLLMEval-SANER/scheduler/job_scheduler.py", line 444, in _execute_task
    evaluator.rank_cwe(commit_hash, vuln_code)
  File "/users/azibaeir/Research/VulnLLMEval-SANER/models/llm_manager.py", line 1404, in rank_cwe
    self.db.execute(
  File "/users/azibaeir/Research/VulnLLMEval-SANER/utils/database.py", line 53, in execute
    result = self.cursor.execute(query, params)
sqlite3.OperationalError: database is locked

2025-10-03 11:46:52,000 - job_gemini_database_1759504776 - ERROR - Error processing commit 4e78921ba4dd0aca1cc89168f45039add4183f8e for task rank_cwe: database is locked
2025-10-03 11:46:52,000 - job_gemini_database_1759504776 - ERROR - Traceback (most recent call last):
  File "/users/azibaeir/Research/VulnLLMEval-SANER/models/llm_manager.py", line 1393, in rank_cwe
    self.db.execute(
  File "/users/azibaeir/Research/VulnLLMEval-SANER/utils/database.py", line 53, in execute
    result = self.cursor.execute(query, params)
sqlite3.OperationalError: database is locked

During handling of the above exception, another exception occurred:

Traceback (most recent call last):
  File "/users/azibaeir/Research/VulnLLMEval-SANER/scheduler/job_scheduler.py", line 338, in run_job
    self._execute_task(evaluator, task, commit_hash, db_file)
  File "/users/azibaeir/Research/VulnLLMEval-SANER/scheduler/job_scheduler.py", line 444, in _execute_task
    evaluator.rank_cwe(commit_hash, vuln_code)
  File "/users/azibaeir/Research/VulnLLMEval-SANER/models/llm_manager.py", line 1404, in rank_cwe
    self.db.execute(
  File "/users/azibaeir/Research/VulnLLMEval-SANER/utils/database.py", line 53, in execute
    result = self.cursor.execute(query, params)
sqlite3.OperationalError: database is locked

2025-10-03 11:47:02,957 - job_gemini_database_1759504776 - ERROR - Error processing commit 58bdd544e2933a21a51eecf17c3f5f94038261b5 for task rank_cwe: database is locked
2025-10-03 11:47:02,957 - job_gemini_database_1759504776 - ERROR - Traceback (most recent call last):
  File "/users/azibaeir/Research/VulnLLMEval-SANER/models/llm_manager.py", line 1393, in rank_cwe
    self.db.execute(
  File "/users/azibaeir/Research/VulnLLMEval-SANER/utils/database.py", line 53, in execute
    result = self.cursor.execute(query, params)
sqlite3.OperationalError: database is locked

During handling of the above exception, another exception occurred:

Traceback (most recent call last):
  File "/users/azibaeir/Research/VulnLLMEval-SANER/scheduler/job_scheduler.py", line 338, in run_job
    self._execute_task(evaluator, task, commit_hash, db_file)
  File "/users/azibaeir/Research/VulnLLMEval-SANER/scheduler/job_scheduler.py", line 444, in _execute_task
    evaluator.rank_cwe(commit_hash, vuln_code)
  File "/users/azibaeir/Research/VulnLLMEval-SANER/models/llm_manager.py", line 1404, in rank_cwe
    self.db.execute(
  File "/users/azibaeir/Research/VulnLLMEval-SANER/utils/database.py", line 53, in execute
    result = self.cursor.execute(query, params)
sqlite3.OperationalError: database is locked

2025-10-03 11:47:13,838 - job_gemini_database_1759504776 - ERROR - Error processing commit 6ff7b060535e87c2ae14dd8548512abfdda528fb for task rank_cwe: database is locked
2025-10-03 11:47:13,839 - job_gemini_database_1759504776 - ERROR - Traceback (most recent call last):
  File "/users/azibaeir/Research/VulnLLMEval-SANER/models/llm_manager.py", line 1393, in rank_cwe
    self.db.execute(
  File "/users/azibaeir/Research/VulnLLMEval-SANER/utils/database.py", line 53, in execute
    result = self.cursor.execute(query, params)
sqlite3.OperationalError: database is locked

During handling of the above exception, another exception occurred:

Traceback (most recent call last):
  File "/users/azibaeir/Research/VulnLLMEval-SANER/scheduler/job_scheduler.py", line 338, in run_job
    self._execute_task(evaluator, task, commit_hash, db_file)
  File "/users/azibaeir/Research/VulnLLMEval-SANER/scheduler/job_scheduler.py", line 444, in _execute_task
    evaluator.rank_cwe(commit_hash, vuln_code)
  File "/users/azibaeir/Research/VulnLLMEval-SANER/models/llm_manager.py", line 1404, in rank_cwe
    self.db.execute(
  File "/users/azibaeir/Research/VulnLLMEval-SANER/utils/database.py", line 53, in execute
    result = self.cursor.execute(query, params)
sqlite3.OperationalError: database is locked

2025-10-03 11:47:24,598 - job_gemini_database_1759504776 - ERROR - Error processing commit 80caf43549e7e41a695c6d1e11066286538b336f for task rank_cwe: database is locked
2025-10-03 11:47:24,598 - job_gemini_database_1759504776 - ERROR - Traceback (most recent call last):
  File "/users/azibaeir/Research/VulnLLMEval-SANER/models/llm_manager.py", line 1393, in rank_cwe
    self.db.execute(
  File "/users/azibaeir/Research/VulnLLMEval-SANER/utils/database.py", line 53, in execute
    result = self.cursor.execute(query, params)
sqlite3.OperationalError: database is locked

During handling of the above exception, another exception occurred:

Traceback (most recent call last):
  File "/users/azibaeir/Research/VulnLLMEval-SANER/scheduler/job_scheduler.py", line 338, in run_job
    self._execute_task(evaluator, task, commit_hash, db_file)
  File "/users/azibaeir/Research/VulnLLMEval-SANER/scheduler/job_scheduler.py", line 444, in _execute_task
    evaluator.rank_cwe(commit_hash, vuln_code)
  File "/users/azibaeir/Research/VulnLLMEval-SANER/models/llm_manager.py", line 1404, in rank_cwe
    self.db.execute(
  File "/users/azibaeir/Research/VulnLLMEval-SANER/utils/database.py", line 53, in execute
    result = self.cursor.execute(query, params)
sqlite3.OperationalError: database is locked

2025-10-03 11:47:35,376 - job_gemini_database_1759504776 - ERROR - Error processing commit 84ecc2f6eb1cb12e6d44818f94fa49b50f06e6ac for task rank_cwe: database is locked
2025-10-03 11:47:35,376 - job_gemini_database_1759504776 - ERROR - Traceback (most recent call last):
  File "/users/azibaeir/Research/VulnLLMEval-SANER/models/llm_manager.py", line 1393, in rank_cwe
    self.db.execute(
  File "/users/azibaeir/Research/VulnLLMEval-SANER/utils/database.py", line 53, in execute
    result = self.cursor.execute(query, params)
sqlite3.OperationalError: database is locked

During handling of the above exception, another exception occurred:

Traceback (most recent call last):
  File "/users/azibaeir/Research/VulnLLMEval-SANER/scheduler/job_scheduler.py", line 338, in run_job
    self._execute_task(evaluator, task, commit_hash, db_file)
  File "/users/azibaeir/Research/VulnLLMEval-SANER/scheduler/job_scheduler.py", line 444, in _execute_task
    evaluator.rank_cwe(commit_hash, vuln_code)
  File "/users/azibaeir/Research/VulnLLMEval-SANER/models/llm_manager.py", line 1404, in rank_cwe
    self.db.execute(
  File "/users/azibaeir/Research/VulnLLMEval-SANER/utils/database.py", line 53, in execute
    result = self.cursor.execute(query, params)
sqlite3.OperationalError: database is locked

2025-10-03 11:47:46,147 - job_gemini_database_1759504776 - ERROR - Error processing commit efa9ace68e487ddd29c2b4d6dd23242158f1f607 for task rank_cwe: database is locked
2025-10-03 11:47:46,148 - job_gemini_database_1759504776 - ERROR - Traceback (most recent call last):
  File "/users/azibaeir/Research/VulnLLMEval-SANER/models/llm_manager.py", line 1393, in rank_cwe
    self.db.execute(
  File "/users/azibaeir/Research/VulnLLMEval-SANER/utils/database.py", line 53, in execute
    result = self.cursor.execute(query, params)
sqlite3.OperationalError: database is locked

During handling of the above exception, another exception occurred:

Traceback (most recent call last):
  File "/users/azibaeir/Research/VulnLLMEval-SANER/scheduler/job_scheduler.py", line 338, in run_job
    self._execute_task(evaluator, task, commit_hash, db_file)
  File "/users/azibaeir/Research/VulnLLMEval-SANER/scheduler/job_scheduler.py", line 444, in _execute_task
    evaluator.rank_cwe(commit_hash, vuln_code)
  File "/users/azibaeir/Research/VulnLLMEval-SANER/models/llm_manager.py", line 1404, in rank_cwe
    self.db.execute(
  File "/users/azibaeir/Research/VulnLLMEval-SANER/utils/database.py", line 53, in execute
    result = self.cursor.execute(query, params)
sqlite3.OperationalError: database is locked

2025-10-03 11:47:57,162 - job_gemini_database_1759504776 - ERROR - Error processing commit 6921ed9049bc7457f66c1596c5b78aec0dae4a9d for task rank_cwe: database is locked
2025-10-03 11:47:57,162 - job_gemini_database_1759504776 - ERROR - Traceback (most recent call last):
  File "/users/azibaeir/Research/VulnLLMEval-SANER/models/llm_manager.py", line 1393, in rank_cwe
    self.db.execute(
  File "/users/azibaeir/Research/VulnLLMEval-SANER/utils/database.py", line 53, in execute
    result = self.cursor.execute(query, params)
sqlite3.OperationalError: database is locked

During handling of the above exception, another exception occurred:

Traceback (most recent call last):
  File "/users/azibaeir/Research/VulnLLMEval-SANER/scheduler/job_scheduler.py", line 338, in run_job
    self._execute_task(evaluator, task, commit_hash, db_file)
  File "/users/azibaeir/Research/VulnLLMEval-SANER/scheduler/job_scheduler.py", line 444, in _execute_task
    evaluator.rank_cwe(commit_hash, vuln_code)
  File "/users/azibaeir/Research/VulnLLMEval-SANER/models/llm_manager.py", line 1404, in rank_cwe
    self.db.execute(
  File "/users/azibaeir/Research/VulnLLMEval-SANER/utils/database.py", line 53, in execute
    result = self.cursor.execute(query, params)
sqlite3.OperationalError: database is locked

2025-10-03 11:48:08,245 - job_gemini_database_1759504776 - ERROR - Error processing commit 2039f26f3aca5b0e419b98f65dd36481337b86ee for task rank_cwe: database is locked
2025-10-03 11:48:08,245 - job_gemini_database_1759504776 - ERROR - Traceback (most recent call last):
  File "/users/azibaeir/Research/VulnLLMEval-SANER/models/llm_manager.py", line 1393, in rank_cwe
    self.db.execute(
  File "/users/azibaeir/Research/VulnLLMEval-SANER/utils/database.py", line 53, in execute
    result = self.cursor.execute(query, params)
sqlite3.OperationalError: database is locked

During handling of the above exception, another exception occurred:

Traceback (most recent call last):
  File "/users/azibaeir/Research/VulnLLMEval-SANER/scheduler/job_scheduler.py", line 338, in run_job
    self._execute_task(evaluator, task, commit_hash, db_file)
  File "/users/azibaeir/Research/VulnLLMEval-SANER/scheduler/job_scheduler.py", line 444, in _execute_task
    evaluator.rank_cwe(commit_hash, vuln_code)
  File "/users/azibaeir/Research/VulnLLMEval-SANER/models/llm_manager.py", line 1404, in rank_cwe
    self.db.execute(
  File "/users/azibaeir/Research/VulnLLMEval-SANER/utils/database.py", line 53, in execute
    result = self.cursor.execute(query, params)
sqlite3.OperationalError: database is locked

2025-10-03 11:48:19,106 - job_gemini_database_1759504776 - ERROR - Error processing commit 2671fa4dc0109d3fb581bc3078fdf17b5d9080f6 for task rank_cwe: database is locked
2025-10-03 11:48:19,106 - job_gemini_database_1759504776 - ERROR - Traceback (most recent call last):
  File "/users/azibaeir/Research/VulnLLMEval-SANER/models/llm_manager.py", line 1393, in rank_cwe
    self.db.execute(
  File "/users/azibaeir/Research/VulnLLMEval-SANER/utils/database.py", line 53, in execute
    result = self.cursor.execute(query, params)
sqlite3.OperationalError: database is locked

During handling of the above exception, another exception occurred:

Traceback (most recent call last):
  File "/users/azibaeir/Research/VulnLLMEval-SANER/scheduler/job_scheduler.py", line 338, in run_job
    self._execute_task(evaluator, task, commit_hash, db_file)
  File "/users/azibaeir/Research/VulnLLMEval-SANER/scheduler/job_scheduler.py", line 444, in _execute_task
    evaluator.rank_cwe(commit_hash, vuln_code)
  File "/users/azibaeir/Research/VulnLLMEval-SANER/models/llm_manager.py", line 1404, in rank_cwe
    self.db.execute(
  File "/users/azibaeir/Research/VulnLLMEval-SANER/utils/database.py", line 53, in execute
    result = self.cursor.execute(query, params)
sqlite3.OperationalError: database is locked

2025-10-03 11:48:30,094 - job_gemini_database_1759504776 - ERROR - Error processing commit f5e81d1117501546b7be050c5fbafa6efd2c722c for task rank_cwe: database is locked
2025-10-03 11:48:30,094 - job_gemini_database_1759504776 - ERROR - Traceback (most recent call last):
  File "/users/azibaeir/Research/VulnLLMEval-SANER/models/llm_manager.py", line 1393, in rank_cwe
    self.db.execute(
  File "/users/azibaeir/Research/VulnLLMEval-SANER/utils/database.py", line 53, in execute
    result = self.cursor.execute(query, params)
sqlite3.OperationalError: database is locked

During handling of the above exception, another exception occurred:

Traceback (most recent call last):
  File "/users/azibaeir/Research/VulnLLMEval-SANER/scheduler/job_scheduler.py", line 338, in run_job
    self._execute_task(evaluator, task, commit_hash, db_file)
  File "/users/azibaeir/Research/VulnLLMEval-SANER/scheduler/job_scheduler.py", line 444, in _execute_task
    evaluator.rank_cwe(commit_hash, vuln_code)
  File "/users/azibaeir/Research/VulnLLMEval-SANER/models/llm_manager.py", line 1404, in rank_cwe
    self.db.execute(
  File "/users/azibaeir/Research/VulnLLMEval-SANER/utils/database.py", line 53, in execute
    result = self.cursor.execute(query, params)
sqlite3.OperationalError: database is locked

2025-10-03 11:48:40,836 - job_gemini_database_1759504776 - ERROR - Error processing commit 10d2bb2e6b1d8c4576c56a748f697dbeb8388899 for task rank_cwe: database is locked
2025-10-03 11:48:40,836 - job_gemini_database_1759504776 - ERROR - Traceback (most recent call last):
  File "/users/azibaeir/Research/VulnLLMEval-SANER/models/llm_manager.py", line 1393, in rank_cwe
    self.db.execute(
  File "/users/azibaeir/Research/VulnLLMEval-SANER/utils/database.py", line 53, in execute
    result = self.cursor.execute(query, params)
sqlite3.OperationalError: database is locked

During handling of the above exception, another exception occurred:

Traceback (most recent call last):
  File "/users/azibaeir/Research/VulnLLMEval-SANER/scheduler/job_scheduler.py", line 338, in run_job
    self._execute_task(evaluator, task, commit_hash, db_file)
  File "/users/azibaeir/Research/VulnLLMEval-SANER/scheduler/job_scheduler.py", line 444, in _execute_task
    evaluator.rank_cwe(commit_hash, vuln_code)
  File "/users/azibaeir/Research/VulnLLMEval-SANER/models/llm_manager.py", line 1404, in rank_cwe
    self.db.execute(
  File "/users/azibaeir/Research/VulnLLMEval-SANER/utils/database.py", line 53, in execute
    result = self.cursor.execute(query, params)
sqlite3.OperationalError: database is locked

2025-10-03 11:48:51,676 - job_gemini_database_1759504776 - ERROR - Error processing commit b1a5983f56e371046dcf164f90bfaf704d2b89f6 for task rank_cwe: database is locked
2025-10-03 11:48:51,676 - job_gemini_database_1759504776 - ERROR - Traceback (most recent call last):
  File "/users/azibaeir/Research/VulnLLMEval-SANER/models/llm_manager.py", line 1393, in rank_cwe
    self.db.execute(
  File "/users/azibaeir/Research/VulnLLMEval-SANER/utils/database.py", line 53, in execute
    result = self.cursor.execute(query, params)
sqlite3.OperationalError: database is locked

During handling of the above exception, another exception occurred:

Traceback (most recent call last):
  File "/users/azibaeir/Research/VulnLLMEval-SANER/scheduler/job_scheduler.py", line 338, in run_job
    self._execute_task(evaluator, task, commit_hash, db_file)
  File "/users/azibaeir/Research/VulnLLMEval-SANER/scheduler/job_scheduler.py", line 444, in _execute_task
    evaluator.rank_cwe(commit_hash, vuln_code)
  File "/users/azibaeir/Research/VulnLLMEval-SANER/models/llm_manager.py", line 1404, in rank_cwe
    self.db.execute(
  File "/users/azibaeir/Research/VulnLLMEval-SANER/utils/database.py", line 53, in execute
    result = self.cursor.execute(query, params)
sqlite3.OperationalError: database is locked

2025-10-03 11:49:02,569 - job_gemini_database_1759504776 - ERROR - Error processing commit 0fa3ecd87848c9c93c2c828ef4c3a8ca36ce46c7 for task rank_cwe: database is locked
2025-10-03 11:49:02,569 - job_gemini_database_1759504776 - ERROR - Traceback (most recent call last):
  File "/users/azibaeir/Research/VulnLLMEval-SANER/models/llm_manager.py", line 1393, in rank_cwe
    self.db.execute(
  File "/users/azibaeir/Research/VulnLLMEval-SANER/utils/database.py", line 53, in execute
    result = self.cursor.execute(query, params)
sqlite3.OperationalError: database is locked

During handling of the above exception, another exception occurred:

Traceback (most recent call last):
  File "/users/azibaeir/Research/VulnLLMEval-SANER/scheduler/job_scheduler.py", line 338, in run_job
    self._execute_task(evaluator, task, commit_hash, db_file)
  File "/users/azibaeir/Research/VulnLLMEval-SANER/scheduler/job_scheduler.py", line 444, in _execute_task
    evaluator.rank_cwe(commit_hash, vuln_code)
  File "/users/azibaeir/Research/VulnLLMEval-SANER/models/llm_manager.py", line 1404, in rank_cwe
    self.db.execute(
  File "/users/azibaeir/Research/VulnLLMEval-SANER/utils/database.py", line 53, in execute
    result = self.cursor.execute(query, params)
sqlite3.OperationalError: database is locked

2025-10-03 11:49:13,599 - job_gemini_database_1759504776 - ERROR - Error processing commit 1995266727fa8143897e89b55f5d3c79aa828420 for task rank_cwe: database is locked
2025-10-03 11:49:13,599 - job_gemini_database_1759504776 - ERROR - Traceback (most recent call last):
  File "/users/azibaeir/Research/VulnLLMEval-SANER/models/llm_manager.py", line 1393, in rank_cwe
    self.db.execute(
  File "/users/azibaeir/Research/VulnLLMEval-SANER/utils/database.py", line 53, in execute
    result = self.cursor.execute(query, params)
sqlite3.OperationalError: database is locked

During handling of the above exception, another exception occurred:

Traceback (most recent call last):
  File "/users/azibaeir/Research/VulnLLMEval-SANER/scheduler/job_scheduler.py", line 338, in run_job
    self._execute_task(evaluator, task, commit_hash, db_file)
  File "/users/azibaeir/Research/VulnLLMEval-SANER/scheduler/job_scheduler.py", line 444, in _execute_task
    evaluator.rank_cwe(commit_hash, vuln_code)
  File "/users/azibaeir/Research/VulnLLMEval-SANER/models/llm_manager.py", line 1404, in rank_cwe
    self.db.execute(
  File "/users/azibaeir/Research/VulnLLMEval-SANER/utils/database.py", line 53, in execute
    result = self.cursor.execute(query, params)
sqlite3.OperationalError: database is locked

2025-10-03 11:49:24,396 - job_gemini_database_1759504776 - ERROR - Error processing commit a0ec1ded22e6a6bc41981fae22406835b006a66e for task rank_cwe: database is locked
2025-10-03 11:49:24,396 - job_gemini_database_1759504776 - ERROR - Traceback (most recent call last):
  File "/users/azibaeir/Research/VulnLLMEval-SANER/models/llm_manager.py", line 1393, in rank_cwe
    self.db.execute(
  File "/users/azibaeir/Research/VulnLLMEval-SANER/utils/database.py", line 53, in execute
    result = self.cursor.execute(query, params)
sqlite3.OperationalError: database is locked

During handling of the above exception, another exception occurred:

Traceback (most recent call last):
  File "/users/azibaeir/Research/VulnLLMEval-SANER/scheduler/job_scheduler.py", line 338, in run_job
    self._execute_task(evaluator, task, commit_hash, db_file)
  File "/users/azibaeir/Research/VulnLLMEval-SANER/scheduler/job_scheduler.py", line 444, in _execute_task
    evaluator.rank_cwe(commit_hash, vuln_code)
  File "/users/azibaeir/Research/VulnLLMEval-SANER/models/llm_manager.py", line 1404, in rank_cwe
    self.db.execute(
  File "/users/azibaeir/Research/VulnLLMEval-SANER/utils/database.py", line 53, in execute
    result = self.cursor.execute(query, params)
sqlite3.OperationalError: database is locked

2025-10-03 11:49:35,309 - job_gemini_database_1759504776 - ERROR - Error processing commit e9f57ebcba563e0cd532926cab83c92bb4d79360 for task rank_cwe: database is locked
2025-10-03 11:49:35,309 - job_gemini_database_1759504776 - ERROR - Traceback (most recent call last):
  File "/users/azibaeir/Research/VulnLLMEval-SANER/models/llm_manager.py", line 1393, in rank_cwe
    self.db.execute(
  File "/users/azibaeir/Research/VulnLLMEval-SANER/utils/database.py", line 53, in execute
    result = self.cursor.execute(query, params)
sqlite3.OperationalError: database is locked

During handling of the above exception, another exception occurred:

Traceback (most recent call last):
  File "/users/azibaeir/Research/VulnLLMEval-SANER/scheduler/job_scheduler.py", line 338, in run_job
    self._execute_task(evaluator, task, commit_hash, db_file)
  File "/users/azibaeir/Research/VulnLLMEval-SANER/scheduler/job_scheduler.py", line 444, in _execute_task
    evaluator.rank_cwe(commit_hash, vuln_code)
  File "/users/azibaeir/Research/VulnLLMEval-SANER/models/llm_manager.py", line 1404, in rank_cwe
    self.db.execute(
  File "/users/azibaeir/Research/VulnLLMEval-SANER/utils/database.py", line 53, in execute
    result = self.cursor.execute(query, params)
sqlite3.OperationalError: database is locked

2025-10-03 11:49:46,190 - job_gemini_database_1759504776 - ERROR - Error processing commit 096fe9eaea40a17e125569f9e657e34cdb6d73bd for task rank_cwe: database is locked
2025-10-03 11:49:46,190 - job_gemini_database_1759504776 - ERROR - Traceback (most recent call last):
  File "/users/azibaeir/Research/VulnLLMEval-SANER/models/llm_manager.py", line 1393, in rank_cwe
    self.db.execute(
  File "/users/azibaeir/Research/VulnLLMEval-SANER/utils/database.py", line 53, in execute
    result = self.cursor.execute(query, params)
sqlite3.OperationalError: database is locked

During handling of the above exception, another exception occurred:

Traceback (most recent call last):
  File "/users/azibaeir/Research/VulnLLMEval-SANER/scheduler/job_scheduler.py", line 338, in run_job
    self._execute_task(evaluator, task, commit_hash, db_file)
  File "/users/azibaeir/Research/VulnLLMEval-SANER/scheduler/job_scheduler.py", line 444, in _execute_task
    evaluator.rank_cwe(commit_hash, vuln_code)
  File "/users/azibaeir/Research/VulnLLMEval-SANER/models/llm_manager.py", line 1404, in rank_cwe
    self.db.execute(
  File "/users/azibaeir/Research/VulnLLMEval-SANER/utils/database.py", line 53, in execute
    result = self.cursor.execute(query, params)
sqlite3.OperationalError: database is locked

2025-10-03 11:49:57,046 - job_gemini_database_1759504776 - ERROR - Error processing commit 0f2af21aae11972fa924374ddcf52e88347cf5a8 for task rank_cwe: database is locked
2025-10-03 11:49:57,046 - job_gemini_database_1759504776 - ERROR - Traceback (most recent call last):
  File "/users/azibaeir/Research/VulnLLMEval-SANER/models/llm_manager.py", line 1393, in rank_cwe
    self.db.execute(
  File "/users/azibaeir/Research/VulnLLMEval-SANER/utils/database.py", line 53, in execute
    result = self.cursor.execute(query, params)
sqlite3.OperationalError: database is locked

During handling of the above exception, another exception occurred:

Traceback (most recent call last):
  File "/users/azibaeir/Research/VulnLLMEval-SANER/scheduler/job_scheduler.py", line 338, in run_job
    self._execute_task(evaluator, task, commit_hash, db_file)
  File "/users/azibaeir/Research/VulnLLMEval-SANER/scheduler/job_scheduler.py", line 444, in _execute_task
    evaluator.rank_cwe(commit_hash, vuln_code)
  File "/users/azibaeir/Research/VulnLLMEval-SANER/models/llm_manager.py", line 1404, in rank_cwe
    self.db.execute(
  File "/users/azibaeir/Research/VulnLLMEval-SANER/utils/database.py", line 53, in execute
    result = self.cursor.execute(query, params)
sqlite3.OperationalError: database is locked

2025-10-03 11:50:07,846 - job_gemini_database_1759504776 - ERROR - Error processing commit 3f7352bf21f8fd7ba3e2fcef9488756f188e12be for task rank_cwe: database is locked
2025-10-03 11:50:07,846 - job_gemini_database_1759504776 - ERROR - Traceback (most recent call last):
  File "/users/azibaeir/Research/VulnLLMEval-SANER/models/llm_manager.py", line 1393, in rank_cwe
    self.db.execute(
  File "/users/azibaeir/Research/VulnLLMEval-SANER/utils/database.py", line 53, in execute
    result = self.cursor.execute(query, params)
sqlite3.OperationalError: database is locked

During handling of the above exception, another exception occurred:

Traceback (most recent call last):
  File "/users/azibaeir/Research/VulnLLMEval-SANER/scheduler/job_scheduler.py", line 338, in run_job
    self._execute_task(evaluator, task, commit_hash, db_file)
  File "/users/azibaeir/Research/VulnLLMEval-SANER/scheduler/job_scheduler.py", line 444, in _execute_task
    evaluator.rank_cwe(commit_hash, vuln_code)
  File "/users/azibaeir/Research/VulnLLMEval-SANER/models/llm_manager.py", line 1404, in rank_cwe
    self.db.execute(
  File "/users/azibaeir/Research/VulnLLMEval-SANER/utils/database.py", line 53, in execute
    result = self.cursor.execute(query, params)
sqlite3.OperationalError: database is locked

2025-10-03 11:50:18,755 - job_gemini_database_1759504776 - ERROR - Error processing commit 637b58c2887e5e57850865839cc75f59184b23d1 for task rank_cwe: database is locked
2025-10-03 11:50:18,756 - job_gemini_database_1759504776 - ERROR - Traceback (most recent call last):
  File "/users/azibaeir/Research/VulnLLMEval-SANER/models/llm_manager.py", line 1393, in rank_cwe
    self.db.execute(
  File "/users/azibaeir/Research/VulnLLMEval-SANER/utils/database.py", line 53, in execute
    result = self.cursor.execute(query, params)
sqlite3.OperationalError: database is locked

During handling of the above exception, another exception occurred:

Traceback (most recent call last):
  File "/users/azibaeir/Research/VulnLLMEval-SANER/scheduler/job_scheduler.py", line 338, in run_job
    self._execute_task(evaluator, task, commit_hash, db_file)
  File "/users/azibaeir/Research/VulnLLMEval-SANER/scheduler/job_scheduler.py", line 444, in _execute_task
    evaluator.rank_cwe(commit_hash, vuln_code)
  File "/users/azibaeir/Research/VulnLLMEval-SANER/models/llm_manager.py", line 1404, in rank_cwe
    self.db.execute(
  File "/users/azibaeir/Research/VulnLLMEval-SANER/utils/database.py", line 53, in execute
    result = self.cursor.execute(query, params)
sqlite3.OperationalError: database is locked

2025-10-03 11:50:29,640 - job_gemini_database_1759504776 - ERROR - Error processing commit 6fd99094de2b83d1d4c8457f2c83483b2828e75a for task rank_cwe: database is locked
2025-10-03 11:50:29,640 - job_gemini_database_1759504776 - ERROR - Traceback (most recent call last):
  File "/users/azibaeir/Research/VulnLLMEval-SANER/models/llm_manager.py", line 1393, in rank_cwe
    self.db.execute(
  File "/users/azibaeir/Research/VulnLLMEval-SANER/utils/database.py", line 53, in execute
    result = self.cursor.execute(query, params)
sqlite3.OperationalError: database is locked

During handling of the above exception, another exception occurred:

Traceback (most recent call last):
  File "/users/azibaeir/Research/VulnLLMEval-SANER/scheduler/job_scheduler.py", line 338, in run_job
    self._execute_task(evaluator, task, commit_hash, db_file)
  File "/users/azibaeir/Research/VulnLLMEval-SANER/scheduler/job_scheduler.py", line 444, in _execute_task
    evaluator.rank_cwe(commit_hash, vuln_code)
  File "/users/azibaeir/Research/VulnLLMEval-SANER/models/llm_manager.py", line 1404, in rank_cwe
    self.db.execute(
  File "/users/azibaeir/Research/VulnLLMEval-SANER/utils/database.py", line 53, in execute
    result = self.cursor.execute(query, params)
sqlite3.OperationalError: database is locked

2025-10-03 11:50:41,010 - job_gemini_database_1759504776 - ERROR - Error processing commit 979d63d50c0c0f7bc537bf821e056cc9fe5abd38 for task rank_cwe: database is locked
2025-10-03 11:50:41,010 - job_gemini_database_1759504776 - ERROR - Traceback (most recent call last):
  File "/users/azibaeir/Research/VulnLLMEval-SANER/models/llm_manager.py", line 1393, in rank_cwe
    self.db.execute(
  File "/users/azibaeir/Research/VulnLLMEval-SANER/utils/database.py", line 53, in execute
    result = self.cursor.execute(query, params)
sqlite3.OperationalError: database is locked

During handling of the above exception, another exception occurred:

Traceback (most recent call last):
  File "/users/azibaeir/Research/VulnLLMEval-SANER/scheduler/job_scheduler.py", line 338, in run_job
    self._execute_task(evaluator, task, commit_hash, db_file)
  File "/users/azibaeir/Research/VulnLLMEval-SANER/scheduler/job_scheduler.py", line 444, in _execute_task
    evaluator.rank_cwe(commit_hash, vuln_code)
  File "/users/azibaeir/Research/VulnLLMEval-SANER/models/llm_manager.py", line 1404, in rank_cwe
    self.db.execute(
  File "/users/azibaeir/Research/VulnLLMEval-SANER/utils/database.py", line 53, in execute
    result = self.cursor.execute(query, params)
sqlite3.OperationalError: database is locked

2025-10-03 11:50:51,940 - job_gemini_database_1759504776 - ERROR - Error processing commit d3bd7413e0ca40b60cf60d4003246d067cafdeda for task rank_cwe: database is locked
2025-10-03 11:50:51,940 - job_gemini_database_1759504776 - ERROR - Traceback (most recent call last):
  File "/users/azibaeir/Research/VulnLLMEval-SANER/models/llm_manager.py", line 1393, in rank_cwe
    self.db.execute(
  File "/users/azibaeir/Research/VulnLLMEval-SANER/utils/database.py", line 53, in execute
    result = self.cursor.execute(query, params)
sqlite3.OperationalError: database is locked

During handling of the above exception, another exception occurred:

Traceback (most recent call last):
  File "/users/azibaeir/Research/VulnLLMEval-SANER/scheduler/job_scheduler.py", line 338, in run_job
    self._execute_task(evaluator, task, commit_hash, db_file)
  File "/users/azibaeir/Research/VulnLLMEval-SANER/scheduler/job_scheduler.py", line 444, in _execute_task
    evaluator.rank_cwe(commit_hash, vuln_code)
  File "/users/azibaeir/Research/VulnLLMEval-SANER/models/llm_manager.py", line 1404, in rank_cwe
    self.db.execute(
  File "/users/azibaeir/Research/VulnLLMEval-SANER/utils/database.py", line 53, in execute
    result = self.cursor.execute(query, params)
sqlite3.OperationalError: database is locked

2025-10-03 11:51:02,721 - job_gemini_database_1759504776 - ERROR - Error processing commit 8b8a321ff72c785ed5e8b4cf6eda20b35d427390 for task rank_cwe: database is locked
2025-10-03 11:51:02,722 - job_gemini_database_1759504776 - ERROR - Traceback (most recent call last):
  File "/users/azibaeir/Research/VulnLLMEval-SANER/models/llm_manager.py", line 1393, in rank_cwe
    self.db.execute(
  File "/users/azibaeir/Research/VulnLLMEval-SANER/utils/database.py", line 53, in execute
    result = self.cursor.execute(query, params)
sqlite3.OperationalError: database is locked

During handling of the above exception, another exception occurred:

Traceback (most recent call last):
  File "/users/azibaeir/Research/VulnLLMEval-SANER/scheduler/job_scheduler.py", line 338, in run_job
    self._execute_task(evaluator, task, commit_hash, db_file)
  File "/users/azibaeir/Research/VulnLLMEval-SANER/scheduler/job_scheduler.py", line 444, in _execute_task
    evaluator.rank_cwe(commit_hash, vuln_code)
  File "/users/azibaeir/Research/VulnLLMEval-SANER/models/llm_manager.py", line 1404, in rank_cwe
    self.db.execute(
  File "/users/azibaeir/Research/VulnLLMEval-SANER/utils/database.py", line 53, in execute
    result = self.cursor.execute(query, params)
sqlite3.OperationalError: database is locked

2025-10-03 11:51:13,569 - job_gemini_database_1759504776 - ERROR - Error processing commit d157bd761585605b7882935ffb86286919f62ea1 for task rank_cwe: database is locked
2025-10-03 11:51:13,569 - job_gemini_database_1759504776 - ERROR - Traceback (most recent call last):
  File "/users/azibaeir/Research/VulnLLMEval-SANER/models/llm_manager.py", line 1393, in rank_cwe
    self.db.execute(
  File "/users/azibaeir/Research/VulnLLMEval-SANER/utils/database.py", line 53, in execute
    result = self.cursor.execute(query, params)
sqlite3.OperationalError: database is locked

During handling of the above exception, another exception occurred:

Traceback (most recent call last):
  File "/users/azibaeir/Research/VulnLLMEval-SANER/scheduler/job_scheduler.py", line 338, in run_job
    self._execute_task(evaluator, task, commit_hash, db_file)
  File "/users/azibaeir/Research/VulnLLMEval-SANER/scheduler/job_scheduler.py", line 444, in _execute_task
    evaluator.rank_cwe(commit_hash, vuln_code)
  File "/users/azibaeir/Research/VulnLLMEval-SANER/models/llm_manager.py", line 1404, in rank_cwe
    self.db.execute(
  File "/users/azibaeir/Research/VulnLLMEval-SANER/utils/database.py", line 53, in execute
    result = self.cursor.execute(query, params)
sqlite3.OperationalError: database is locked

2025-10-03 11:51:24,369 - job_gemini_database_1759504776 - ERROR - Error processing commit 04bf464a5dfd9ade0dda918e44366c2c61fce80b for task rank_cwe: database is locked
2025-10-03 11:51:24,370 - job_gemini_database_1759504776 - ERROR - Traceback (most recent call last):
  File "/users/azibaeir/Research/VulnLLMEval-SANER/models/llm_manager.py", line 1393, in rank_cwe
    self.db.execute(
  File "/users/azibaeir/Research/VulnLLMEval-SANER/utils/database.py", line 53, in execute
    result = self.cursor.execute(query, params)
sqlite3.OperationalError: database is locked

During handling of the above exception, another exception occurred:

Traceback (most recent call last):
  File "/users/azibaeir/Research/VulnLLMEval-SANER/scheduler/job_scheduler.py", line 338, in run_job
    self._execute_task(evaluator, task, commit_hash, db_file)
  File "/users/azibaeir/Research/VulnLLMEval-SANER/scheduler/job_scheduler.py", line 444, in _execute_task
    evaluator.rank_cwe(commit_hash, vuln_code)
  File "/users/azibaeir/Research/VulnLLMEval-SANER/models/llm_manager.py", line 1404, in rank_cwe
    self.db.execute(
  File "/users/azibaeir/Research/VulnLLMEval-SANER/utils/database.py", line 53, in execute
    result = self.cursor.execute(query, params)
sqlite3.OperationalError: database is locked

2025-10-03 11:51:35,156 - job_gemini_database_1759504776 - ERROR - Error processing commit 23b133bdc452aa441fcb9b82cbf6dd05cfd342d0 for task rank_cwe: database is locked
2025-10-03 11:51:35,157 - job_gemini_database_1759504776 - ERROR - Traceback (most recent call last):
  File "/users/azibaeir/Research/VulnLLMEval-SANER/models/llm_manager.py", line 1393, in rank_cwe
    self.db.execute(
  File "/users/azibaeir/Research/VulnLLMEval-SANER/utils/database.py", line 53, in execute
    result = self.cursor.execute(query, params)
sqlite3.OperationalError: database is locked

During handling of the above exception, another exception occurred:

Traceback (most recent call last):
  File "/users/azibaeir/Research/VulnLLMEval-SANER/scheduler/job_scheduler.py", line 338, in run_job
    self._execute_task(evaluator, task, commit_hash, db_file)
  File "/users/azibaeir/Research/VulnLLMEval-SANER/scheduler/job_scheduler.py", line 444, in _execute_task
    evaluator.rank_cwe(commit_hash, vuln_code)
  File "/users/azibaeir/Research/VulnLLMEval-SANER/models/llm_manager.py", line 1404, in rank_cwe
    self.db.execute(
  File "/users/azibaeir/Research/VulnLLMEval-SANER/utils/database.py", line 53, in execute
    result = self.cursor.execute(query, params)
sqlite3.OperationalError: database is locked

2025-10-03 11:51:46,120 - job_gemini_database_1759504776 - ERROR - Error processing commit 34b88a68f26a75e4fded796f1a49c40f82234b7d for task rank_cwe: database is locked
2025-10-03 11:51:46,121 - job_gemini_database_1759504776 - ERROR - Traceback (most recent call last):
  File "/users/azibaeir/Research/VulnLLMEval-SANER/models/llm_manager.py", line 1393, in rank_cwe
    self.db.execute(
  File "/users/azibaeir/Research/VulnLLMEval-SANER/utils/database.py", line 53, in execute
    result = self.cursor.execute(query, params)
sqlite3.OperationalError: database is locked

During handling of the above exception, another exception occurred:

Traceback (most recent call last):
  File "/users/azibaeir/Research/VulnLLMEval-SANER/scheduler/job_scheduler.py", line 338, in run_job
    self._execute_task(evaluator, task, commit_hash, db_file)
  File "/users/azibaeir/Research/VulnLLMEval-SANER/scheduler/job_scheduler.py", line 444, in _execute_task
    evaluator.rank_cwe(commit_hash, vuln_code)
  File "/users/azibaeir/Research/VulnLLMEval-SANER/models/llm_manager.py", line 1404, in rank_cwe
    self.db.execute(
  File "/users/azibaeir/Research/VulnLLMEval-SANER/utils/database.py", line 53, in execute
    result = self.cursor.execute(query, params)
sqlite3.OperationalError: database is locked

2025-10-03 11:51:56,996 - job_gemini_database_1759504776 - ERROR - Error processing commit 613317bd212c585c20796c10afe5daaa95d4b0a1 for task rank_cwe: database is locked
2025-10-03 11:51:56,996 - job_gemini_database_1759504776 - ERROR - Traceback (most recent call last):
  File "/users/azibaeir/Research/VulnLLMEval-SANER/models/llm_manager.py", line 1393, in rank_cwe
    self.db.execute(
  File "/users/azibaeir/Research/VulnLLMEval-SANER/utils/database.py", line 53, in execute
    result = self.cursor.execute(query, params)
sqlite3.OperationalError: database is locked

During handling of the above exception, another exception occurred:

Traceback (most recent call last):
  File "/users/azibaeir/Research/VulnLLMEval-SANER/scheduler/job_scheduler.py", line 338, in run_job
    self._execute_task(evaluator, task, commit_hash, db_file)
  File "/users/azibaeir/Research/VulnLLMEval-SANER/scheduler/job_scheduler.py", line 444, in _execute_task
    evaluator.rank_cwe(commit_hash, vuln_code)
  File "/users/azibaeir/Research/VulnLLMEval-SANER/models/llm_manager.py", line 1404, in rank_cwe
    self.db.execute(
  File "/users/azibaeir/Research/VulnLLMEval-SANER/utils/database.py", line 53, in execute
    result = self.cursor.execute(query, params)
sqlite3.OperationalError: database is locked

2025-10-03 11:52:08,448 - job_gemini_database_1759504776 - ERROR - Error processing commit 82939d7999dfc1f1998c4b1c12e2f19edbdff272 for task rank_cwe: database is locked
2025-10-03 11:52:08,449 - job_gemini_database_1759504776 - ERROR - Traceback (most recent call last):
  File "/users/azibaeir/Research/VulnLLMEval-SANER/models/llm_manager.py", line 1393, in rank_cwe
    self.db.execute(
  File "/users/azibaeir/Research/VulnLLMEval-SANER/utils/database.py", line 53, in execute
    result = self.cursor.execute(query, params)
sqlite3.OperationalError: database is locked

During handling of the above exception, another exception occurred:

Traceback (most recent call last):
  File "/users/azibaeir/Research/VulnLLMEval-SANER/scheduler/job_scheduler.py", line 338, in run_job
    self._execute_task(evaluator, task, commit_hash, db_file)
  File "/users/azibaeir/Research/VulnLLMEval-SANER/scheduler/job_scheduler.py", line 444, in _execute_task
    evaluator.rank_cwe(commit_hash, vuln_code)
  File "/users/azibaeir/Research/VulnLLMEval-SANER/models/llm_manager.py", line 1404, in rank_cwe
    self.db.execute(
  File "/users/azibaeir/Research/VulnLLMEval-SANER/utils/database.py", line 53, in execute
    result = self.cursor.execute(query, params)
sqlite3.OperationalError: database is locked

2025-10-03 11:52:19,278 - job_gemini_database_1759504776 - ERROR - Error processing commit a2f18db0c68fec96631c10cad9384c196e9008ac for task rank_cwe: database is locked
2025-10-03 11:52:19,278 - job_gemini_database_1759504776 - ERROR - Traceback (most recent call last):
  File "/users/azibaeir/Research/VulnLLMEval-SANER/models/llm_manager.py", line 1393, in rank_cwe
    self.db.execute(
  File "/users/azibaeir/Research/VulnLLMEval-SANER/utils/database.py", line 53, in execute
    result = self.cursor.execute(query, params)
sqlite3.OperationalError: database is locked

During handling of the above exception, another exception occurred:

Traceback (most recent call last):
  File "/users/azibaeir/Research/VulnLLMEval-SANER/scheduler/job_scheduler.py", line 338, in run_job
    self._execute_task(evaluator, task, commit_hash, db_file)
  File "/users/azibaeir/Research/VulnLLMEval-SANER/scheduler/job_scheduler.py", line 444, in _execute_task
    evaluator.rank_cwe(commit_hash, vuln_code)
  File "/users/azibaeir/Research/VulnLLMEval-SANER/models/llm_manager.py", line 1404, in rank_cwe
    self.db.execute(
  File "/users/azibaeir/Research/VulnLLMEval-SANER/utils/database.py", line 53, in execute
    result = self.cursor.execute(query, params)
sqlite3.OperationalError: database is locked

2025-10-03 11:52:30,096 - job_gemini_database_1759504776 - ERROR - Error processing commit 7835fcfd132eb88b87e8eb901f88436f63ab60f7 for task rank_cwe: database is locked
2025-10-03 11:52:30,097 - job_gemini_database_1759504776 - ERROR - Traceback (most recent call last):
  File "/users/azibaeir/Research/VulnLLMEval-SANER/models/llm_manager.py", line 1393, in rank_cwe
    self.db.execute(
  File "/users/azibaeir/Research/VulnLLMEval-SANER/utils/database.py", line 53, in execute
    result = self.cursor.execute(query, params)
sqlite3.OperationalError: database is locked

During handling of the above exception, another exception occurred:

Traceback (most recent call last):
  File "/users/azibaeir/Research/VulnLLMEval-SANER/scheduler/job_scheduler.py", line 338, in run_job
    self._execute_task(evaluator, task, commit_hash, db_file)
  File "/users/azibaeir/Research/VulnLLMEval-SANER/scheduler/job_scheduler.py", line 444, in _execute_task
    evaluator.rank_cwe(commit_hash, vuln_code)
  File "/users/azibaeir/Research/VulnLLMEval-SANER/models/llm_manager.py", line 1404, in rank_cwe
    self.db.execute(
  File "/users/azibaeir/Research/VulnLLMEval-SANER/utils/database.py", line 53, in execute
    result = self.cursor.execute(query, params)
sqlite3.OperationalError: database is locked

2025-10-03 11:52:40,937 - job_gemini_database_1759504776 - ERROR - Error processing commit 81d23d2a24012e448f651e007fac2cfd20a45ce0 for task rank_cwe: database is locked
2025-10-03 11:52:40,937 - job_gemini_database_1759504776 - ERROR - Traceback (most recent call last):
  File "/users/azibaeir/Research/VulnLLMEval-SANER/models/llm_manager.py", line 1393, in rank_cwe
    self.db.execute(
  File "/users/azibaeir/Research/VulnLLMEval-SANER/utils/database.py", line 53, in execute
    result = self.cursor.execute(query, params)
sqlite3.OperationalError: database is locked

During handling of the above exception, another exception occurred:

Traceback (most recent call last):
  File "/users/azibaeir/Research/VulnLLMEval-SANER/scheduler/job_scheduler.py", line 338, in run_job
    self._execute_task(evaluator, task, commit_hash, db_file)
  File "/users/azibaeir/Research/VulnLLMEval-SANER/scheduler/job_scheduler.py", line 444, in _execute_task
    evaluator.rank_cwe(commit_hash, vuln_code)
  File "/users/azibaeir/Research/VulnLLMEval-SANER/models/llm_manager.py", line 1404, in rank_cwe
    self.db.execute(
  File "/users/azibaeir/Research/VulnLLMEval-SANER/utils/database.py", line 53, in execute
    result = self.cursor.execute(query, params)
sqlite3.OperationalError: database is locked

2025-10-03 11:52:51,873 - job_gemini_database_1759504776 - ERROR - Error processing commit a5b862c6a221459d54e494e88965b48dcfa6cc44 for task rank_cwe: database is locked
2025-10-03 11:52:51,873 - job_gemini_database_1759504776 - ERROR - Traceback (most recent call last):
  File "/users/azibaeir/Research/VulnLLMEval-SANER/models/llm_manager.py", line 1393, in rank_cwe
    self.db.execute(
  File "/users/azibaeir/Research/VulnLLMEval-SANER/utils/database.py", line 53, in execute
    result = self.cursor.execute(query, params)
sqlite3.OperationalError: database is locked

During handling of the above exception, another exception occurred:

Traceback (most recent call last):
  File "/users/azibaeir/Research/VulnLLMEval-SANER/scheduler/job_scheduler.py", line 338, in run_job
    self._execute_task(evaluator, task, commit_hash, db_file)
  File "/users/azibaeir/Research/VulnLLMEval-SANER/scheduler/job_scheduler.py", line 444, in _execute_task
    evaluator.rank_cwe(commit_hash, vuln_code)
  File "/users/azibaeir/Research/VulnLLMEval-SANER/models/llm_manager.py", line 1404, in rank_cwe
    self.db.execute(
  File "/users/azibaeir/Research/VulnLLMEval-SANER/utils/database.py", line 53, in execute
    result = self.cursor.execute(query, params)
sqlite3.OperationalError: database is locked

2025-10-03 11:53:02,698 - job_gemini_database_1759504776 - ERROR - Error processing commit dfd2bf436709b2bccb78c2dda550dde93700efa7 for task rank_cwe: database is locked
2025-10-03 11:53:02,698 - job_gemini_database_1759504776 - ERROR - Traceback (most recent call last):
  File "/users/azibaeir/Research/VulnLLMEval-SANER/models/llm_manager.py", line 1393, in rank_cwe
    self.db.execute(
  File "/users/azibaeir/Research/VulnLLMEval-SANER/utils/database.py", line 53, in execute
    result = self.cursor.execute(query, params)
sqlite3.OperationalError: database is locked

During handling of the above exception, another exception occurred:

Traceback (most recent call last):
  File "/users/azibaeir/Research/VulnLLMEval-SANER/scheduler/job_scheduler.py", line 338, in run_job
    self._execute_task(evaluator, task, commit_hash, db_file)
  File "/users/azibaeir/Research/VulnLLMEval-SANER/scheduler/job_scheduler.py", line 444, in _execute_task
    evaluator.rank_cwe(commit_hash, vuln_code)
  File "/users/azibaeir/Research/VulnLLMEval-SANER/models/llm_manager.py", line 1404, in rank_cwe
    self.db.execute(
  File "/users/azibaeir/Research/VulnLLMEval-SANER/utils/database.py", line 53, in execute
    result = self.cursor.execute(query, params)
sqlite3.OperationalError: database is locked

2025-10-03 11:53:13,524 - job_gemini_database_1759504776 - ERROR - Error processing commit eec04ea119691e65227a97ce53c0da6b9b74b0b7 for task rank_cwe: database is locked
2025-10-03 11:53:13,525 - job_gemini_database_1759504776 - ERROR - Traceback (most recent call last):
  File "/users/azibaeir/Research/VulnLLMEval-SANER/models/llm_manager.py", line 1393, in rank_cwe
    self.db.execute(
  File "/users/azibaeir/Research/VulnLLMEval-SANER/utils/database.py", line 53, in execute
    result = self.cursor.execute(query, params)
sqlite3.OperationalError: database is locked

During handling of the above exception, another exception occurred:

Traceback (most recent call last):
  File "/users/azibaeir/Research/VulnLLMEval-SANER/scheduler/job_scheduler.py", line 338, in run_job
    self._execute_task(evaluator, task, commit_hash, db_file)
  File "/users/azibaeir/Research/VulnLLMEval-SANER/scheduler/job_scheduler.py", line 444, in _execute_task
    evaluator.rank_cwe(commit_hash, vuln_code)
  File "/users/azibaeir/Research/VulnLLMEval-SANER/models/llm_manager.py", line 1404, in rank_cwe
    self.db.execute(
  File "/users/azibaeir/Research/VulnLLMEval-SANER/utils/database.py", line 53, in execute
    result = self.cursor.execute(query, params)
sqlite3.OperationalError: database is locked

2025-10-03 11:53:35,390 - job_gemini_database_1759504776 - ERROR - Error processing commit 8828003759391029fc45c15ac346622cdae19b6d for task rank_cwe: database is locked
2025-10-03 11:53:35,391 - job_gemini_database_1759504776 - ERROR - Traceback (most recent call last):
  File "/users/azibaeir/Research/VulnLLMEval-SANER/models/llm_manager.py", line 1393, in rank_cwe
    self.db.execute(
  File "/users/azibaeir/Research/VulnLLMEval-SANER/utils/database.py", line 53, in execute
    result = self.cursor.execute(query, params)
sqlite3.OperationalError: database is locked

During handling of the above exception, another exception occurred:

Traceback (most recent call last):
  File "/users/azibaeir/Research/VulnLLMEval-SANER/scheduler/job_scheduler.py", line 338, in run_job
    self._execute_task(evaluator, task, commit_hash, db_file)
  File "/users/azibaeir/Research/VulnLLMEval-SANER/scheduler/job_scheduler.py", line 444, in _execute_task
    evaluator.rank_cwe(commit_hash, vuln_code)
  File "/users/azibaeir/Research/VulnLLMEval-SANER/models/llm_manager.py", line 1404, in rank_cwe
    self.db.execute(
  File "/users/azibaeir/Research/VulnLLMEval-SANER/utils/database.py", line 53, in execute
    result = self.cursor.execute(query, params)
sqlite3.OperationalError: database is locked

2025-10-03 11:53:46,214 - job_gemini_database_1759504776 - ERROR - Error processing commit 654b404f2a222f918af9b0cd18ad469d0c941a8e for task rank_cwe: database is locked
2025-10-03 11:53:46,214 - job_gemini_database_1759504776 - ERROR - Traceback (most recent call last):
  File "/users/azibaeir/Research/VulnLLMEval-SANER/models/llm_manager.py", line 1393, in rank_cwe
    self.db.execute(
  File "/users/azibaeir/Research/VulnLLMEval-SANER/utils/database.py", line 53, in execute
    result = self.cursor.execute(query, params)
sqlite3.OperationalError: database is locked

During handling of the above exception, another exception occurred:

Traceback (most recent call last):
  File "/users/azibaeir/Research/VulnLLMEval-SANER/scheduler/job_scheduler.py", line 338, in run_job
    self._execute_task(evaluator, task, commit_hash, db_file)
  File "/users/azibaeir/Research/VulnLLMEval-SANER/scheduler/job_scheduler.py", line 444, in _execute_task
    evaluator.rank_cwe(commit_hash, vuln_code)
  File "/users/azibaeir/Research/VulnLLMEval-SANER/models/llm_manager.py", line 1404, in rank_cwe
    self.db.execute(
  File "/users/azibaeir/Research/VulnLLMEval-SANER/utils/database.py", line 53, in execute
    result = self.cursor.execute(query, params)
sqlite3.OperationalError: database is locked

2025-10-03 11:53:57,046 - job_gemini_database_1759504776 - ERROR - Error processing commit 7ac28817536797fd40e9646452183606f9e17f71 for task rank_cwe: database is locked
2025-10-03 11:53:57,046 - job_gemini_database_1759504776 - ERROR - Traceback (most recent call last):
  File "/users/azibaeir/Research/VulnLLMEval-SANER/models/llm_manager.py", line 1393, in rank_cwe
    self.db.execute(
  File "/users/azibaeir/Research/VulnLLMEval-SANER/utils/database.py", line 53, in execute
    result = self.cursor.execute(query, params)
sqlite3.OperationalError: database is locked

During handling of the above exception, another exception occurred:

Traceback (most recent call last):
  File "/users/azibaeir/Research/VulnLLMEval-SANER/scheduler/job_scheduler.py", line 338, in run_job
    self._execute_task(evaluator, task, commit_hash, db_file)
  File "/users/azibaeir/Research/VulnLLMEval-SANER/scheduler/job_scheduler.py", line 444, in _execute_task
    evaluator.rank_cwe(commit_hash, vuln_code)
  File "/users/azibaeir/Research/VulnLLMEval-SANER/models/llm_manager.py", line 1404, in rank_cwe
    self.db.execute(
  File "/users/azibaeir/Research/VulnLLMEval-SANER/utils/database.py", line 53, in execute
    result = self.cursor.execute(query, params)
sqlite3.OperationalError: database is locked

2025-10-03 11:54:07,956 - job_gemini_database_1759504776 - ERROR - Error processing commit 87e9af6cc67d842cd92b52b81f3f14e665e7ab05 for task rank_cwe: database is locked
2025-10-03 11:54:07,956 - job_gemini_database_1759504776 - ERROR - Traceback (most recent call last):
  File "/users/azibaeir/Research/VulnLLMEval-SANER/models/llm_manager.py", line 1393, in rank_cwe
    self.db.execute(
  File "/users/azibaeir/Research/VulnLLMEval-SANER/utils/database.py", line 53, in execute
    result = self.cursor.execute(query, params)
sqlite3.OperationalError: database is locked

During handling of the above exception, another exception occurred:

Traceback (most recent call last):
  File "/users/azibaeir/Research/VulnLLMEval-SANER/scheduler/job_scheduler.py", line 338, in run_job
    self._execute_task(evaluator, task, commit_hash, db_file)
  File "/users/azibaeir/Research/VulnLLMEval-SANER/scheduler/job_scheduler.py", line 444, in _execute_task
    evaluator.rank_cwe(commit_hash, vuln_code)
  File "/users/azibaeir/Research/VulnLLMEval-SANER/models/llm_manager.py", line 1404, in rank_cwe
    self.db.execute(
  File "/users/azibaeir/Research/VulnLLMEval-SANER/utils/database.py", line 53, in execute
    result = self.cursor.execute(query, params)
sqlite3.OperationalError: database is locked

2025-10-03 11:54:18,891 - job_gemini_database_1759504776 - ERROR - Error processing commit a294865978b701e4d0d90135672749531b9a900d for task rank_cwe: database is locked
2025-10-03 11:54:18,891 - job_gemini_database_1759504776 - ERROR - Traceback (most recent call last):
  File "/users/azibaeir/Research/VulnLLMEval-SANER/models/llm_manager.py", line 1393, in rank_cwe
    self.db.execute(
  File "/users/azibaeir/Research/VulnLLMEval-SANER/utils/database.py", line 53, in execute
    result = self.cursor.execute(query, params)
sqlite3.OperationalError: database is locked

During handling of the above exception, another exception occurred:

Traceback (most recent call last):
  File "/users/azibaeir/Research/VulnLLMEval-SANER/scheduler/job_scheduler.py", line 338, in run_job
    self._execute_task(evaluator, task, commit_hash, db_file)
  File "/users/azibaeir/Research/VulnLLMEval-SANER/scheduler/job_scheduler.py", line 444, in _execute_task
    evaluator.rank_cwe(commit_hash, vuln_code)
  File "/users/azibaeir/Research/VulnLLMEval-SANER/models/llm_manager.py", line 1404, in rank_cwe
    self.db.execute(
  File "/users/azibaeir/Research/VulnLLMEval-SANER/utils/database.py", line 53, in execute
    result = self.cursor.execute(query, params)
sqlite3.OperationalError: database is locked

2025-10-03 11:54:29,753 - job_gemini_database_1759504776 - ERROR - Error processing commit 47abea041f897d64dbd5777f0cf7745148f85d75 for task rank_cwe: database is locked
2025-10-03 11:54:29,753 - job_gemini_database_1759504776 - ERROR - Traceback (most recent call last):
  File "/users/azibaeir/Research/VulnLLMEval-SANER/models/llm_manager.py", line 1393, in rank_cwe
    self.db.execute(
  File "/users/azibaeir/Research/VulnLLMEval-SANER/utils/database.py", line 53, in execute
    result = self.cursor.execute(query, params)
sqlite3.OperationalError: database is locked

During handling of the above exception, another exception occurred:

Traceback (most recent call last):
  File "/users/azibaeir/Research/VulnLLMEval-SANER/scheduler/job_scheduler.py", line 338, in run_job
    self._execute_task(evaluator, task, commit_hash, db_file)
  File "/users/azibaeir/Research/VulnLLMEval-SANER/scheduler/job_scheduler.py", line 444, in _execute_task
    evaluator.rank_cwe(commit_hash, vuln_code)
  File "/users/azibaeir/Research/VulnLLMEval-SANER/models/llm_manager.py", line 1404, in rank_cwe
    self.db.execute(
  File "/users/azibaeir/Research/VulnLLMEval-SANER/utils/database.py", line 53, in execute
    result = self.cursor.execute(query, params)
sqlite3.OperationalError: database is locked

2025-10-03 11:54:40,504 - job_gemini_database_1759504776 - ERROR - Error processing commit 10d2bb2e6b1d8c4576c56a748f697dbeb8388899 for task rank_cwe: database is locked
2025-10-03 11:54:40,505 - job_gemini_database_1759504776 - ERROR - Traceback (most recent call last):
  File "/users/azibaeir/Research/VulnLLMEval-SANER/models/llm_manager.py", line 1393, in rank_cwe
    self.db.execute(
  File "/users/azibaeir/Research/VulnLLMEval-SANER/utils/database.py", line 53, in execute
    result = self.cursor.execute(query, params)
sqlite3.OperationalError: database is locked

During handling of the above exception, another exception occurred:

Traceback (most recent call last):
  File "/users/azibaeir/Research/VulnLLMEval-SANER/scheduler/job_scheduler.py", line 338, in run_job
    self._execute_task(evaluator, task, commit_hash, db_file)
  File "/users/azibaeir/Research/VulnLLMEval-SANER/scheduler/job_scheduler.py", line 444, in _execute_task
    evaluator.rank_cwe(commit_hash, vuln_code)
  File "/users/azibaeir/Research/VulnLLMEval-SANER/models/llm_manager.py", line 1404, in rank_cwe
    self.db.execute(
  File "/users/azibaeir/Research/VulnLLMEval-SANER/utils/database.py", line 53, in execute
    result = self.cursor.execute(query, params)
sqlite3.OperationalError: database is locked

2025-10-03 11:54:51,716 - job_gemini_database_1759504776 - ERROR - Error processing commit 1b1597e64e1a610c7a96710fc4717158e98a08b3 for task rank_cwe: database is locked
2025-10-03 11:54:51,716 - job_gemini_database_1759504776 - ERROR - Traceback (most recent call last):
  File "/users/azibaeir/Research/VulnLLMEval-SANER/models/llm_manager.py", line 1393, in rank_cwe
    self.db.execute(
  File "/users/azibaeir/Research/VulnLLMEval-SANER/utils/database.py", line 53, in execute
    result = self.cursor.execute(query, params)
sqlite3.OperationalError: database is locked

During handling of the above exception, another exception occurred:

Traceback (most recent call last):
  File "/users/azibaeir/Research/VulnLLMEval-SANER/scheduler/job_scheduler.py", line 338, in run_job
    self._execute_task(evaluator, task, commit_hash, db_file)
  File "/users/azibaeir/Research/VulnLLMEval-SANER/scheduler/job_scheduler.py", line 444, in _execute_task
    evaluator.rank_cwe(commit_hash, vuln_code)
  File "/users/azibaeir/Research/VulnLLMEval-SANER/models/llm_manager.py", line 1404, in rank_cwe
    self.db.execute(
  File "/users/azibaeir/Research/VulnLLMEval-SANER/utils/database.py", line 53, in execute
    result = self.cursor.execute(query, params)
sqlite3.OperationalError: database is locked

2025-10-03 11:55:02,758 - job_gemini_database_1759504776 - ERROR - Error processing commit b5871dca250cd391885218b99cc015aca1a51aea for task rank_cwe: database is locked
2025-10-03 11:55:02,758 - job_gemini_database_1759504776 - ERROR - Traceback (most recent call last):
  File "/users/azibaeir/Research/VulnLLMEval-SANER/models/llm_manager.py", line 1393, in rank_cwe
    self.db.execute(
  File "/users/azibaeir/Research/VulnLLMEval-SANER/utils/database.py", line 53, in execute
    result = self.cursor.execute(query, params)
sqlite3.OperationalError: database is locked

During handling of the above exception, another exception occurred:

Traceback (most recent call last):
  File "/users/azibaeir/Research/VulnLLMEval-SANER/scheduler/job_scheduler.py", line 338, in run_job
    self._execute_task(evaluator, task, commit_hash, db_file)
  File "/users/azibaeir/Research/VulnLLMEval-SANER/scheduler/job_scheduler.py", line 444, in _execute_task
    evaluator.rank_cwe(commit_hash, vuln_code)
  File "/users/azibaeir/Research/VulnLLMEval-SANER/models/llm_manager.py", line 1404, in rank_cwe
    self.db.execute(
  File "/users/azibaeir/Research/VulnLLMEval-SANER/utils/database.py", line 53, in execute
    result = self.cursor.execute(query, params)
sqlite3.OperationalError: database is locked

2025-10-03 11:55:14,363 - job_gemini_database_1759504776 - ERROR - Error processing commit f9beb95e6a2669fa35e34a6ff52808b181efa20f for task rank_cwe: database is locked
2025-10-03 11:55:14,363 - job_gemini_database_1759504776 - ERROR - Traceback (most recent call last):
  File "/users/azibaeir/Research/VulnLLMEval-SANER/models/llm_manager.py", line 1393, in rank_cwe
    self.db.execute(
  File "/users/azibaeir/Research/VulnLLMEval-SANER/utils/database.py", line 53, in execute
    result = self.cursor.execute(query, params)
sqlite3.OperationalError: database is locked

During handling of the above exception, another exception occurred:

Traceback (most recent call last):
  File "/users/azibaeir/Research/VulnLLMEval-SANER/scheduler/job_scheduler.py", line 338, in run_job
    self._execute_task(evaluator, task, commit_hash, db_file)
  File "/users/azibaeir/Research/VulnLLMEval-SANER/scheduler/job_scheduler.py", line 444, in _execute_task
    evaluator.rank_cwe(commit_hash, vuln_code)
  File "/users/azibaeir/Research/VulnLLMEval-SANER/models/llm_manager.py", line 1404, in rank_cwe
    self.db.execute(
  File "/users/azibaeir/Research/VulnLLMEval-SANER/utils/database.py", line 53, in execute
    result = self.cursor.execute(query, params)
sqlite3.OperationalError: database is locked

2025-10-03 11:55:25,137 - job_gemini_database_1759504776 - ERROR - Error processing commit 66d42ed8b25b64eb63111a2b8582c5afc8bf1105 for task rank_cwe: database is locked
2025-10-03 11:55:25,137 - job_gemini_database_1759504776 - ERROR - Traceback (most recent call last):
  File "/users/azibaeir/Research/VulnLLMEval-SANER/models/llm_manager.py", line 1393, in rank_cwe
    self.db.execute(
  File "/users/azibaeir/Research/VulnLLMEval-SANER/utils/database.py", line 53, in execute
    result = self.cursor.execute(query, params)
sqlite3.OperationalError: database is locked

During handling of the above exception, another exception occurred:

Traceback (most recent call last):
  File "/users/azibaeir/Research/VulnLLMEval-SANER/scheduler/job_scheduler.py", line 338, in run_job
    self._execute_task(evaluator, task, commit_hash, db_file)
  File "/users/azibaeir/Research/VulnLLMEval-SANER/scheduler/job_scheduler.py", line 444, in _execute_task
    evaluator.rank_cwe(commit_hash, vuln_code)
  File "/users/azibaeir/Research/VulnLLMEval-SANER/models/llm_manager.py", line 1404, in rank_cwe
    self.db.execute(
  File "/users/azibaeir/Research/VulnLLMEval-SANER/utils/database.py", line 53, in execute
    result = self.cursor.execute(query, params)
sqlite3.OperationalError: database is locked

2025-10-03 11:55:35,973 - job_gemini_database_1759504776 - ERROR - Error processing commit 7d3ba9360c6dac7c077fbd6631e08f32ea2bcd53 for task rank_cwe: database is locked
2025-10-03 11:55:35,973 - job_gemini_database_1759504776 - ERROR - Traceback (most recent call last):
  File "/users/azibaeir/Research/VulnLLMEval-SANER/models/llm_manager.py", line 1393, in rank_cwe
    self.db.execute(
  File "/users/azibaeir/Research/VulnLLMEval-SANER/utils/database.py", line 53, in execute
    result = self.cursor.execute(query, params)
sqlite3.OperationalError: database is locked

During handling of the above exception, another exception occurred:

Traceback (most recent call last):
  File "/users/azibaeir/Research/VulnLLMEval-SANER/scheduler/job_scheduler.py", line 338, in run_job
    self._execute_task(evaluator, task, commit_hash, db_file)
  File "/users/azibaeir/Research/VulnLLMEval-SANER/scheduler/job_scheduler.py", line 444, in _execute_task
    evaluator.rank_cwe(commit_hash, vuln_code)
  File "/users/azibaeir/Research/VulnLLMEval-SANER/models/llm_manager.py", line 1404, in rank_cwe
    self.db.execute(
  File "/users/azibaeir/Research/VulnLLMEval-SANER/utils/database.py", line 53, in execute
    result = self.cursor.execute(query, params)
sqlite3.OperationalError: database is locked

2025-10-03 11:55:46,969 - job_gemini_database_1759504776 - ERROR - Error processing commit af3d5d1c87664a4f150fcf3534c6567cb19909b0 for task rank_cwe: database is locked
2025-10-03 11:55:46,970 - job_gemini_database_1759504776 - ERROR - Traceback (most recent call last):
  File "/users/azibaeir/Research/VulnLLMEval-SANER/models/llm_manager.py", line 1393, in rank_cwe
    self.db.execute(
  File "/users/azibaeir/Research/VulnLLMEval-SANER/utils/database.py", line 53, in execute
    result = self.cursor.execute(query, params)
sqlite3.OperationalError: database is locked

During handling of the above exception, another exception occurred:

Traceback (most recent call last):
  File "/users/azibaeir/Research/VulnLLMEval-SANER/scheduler/job_scheduler.py", line 338, in run_job
    self._execute_task(evaluator, task, commit_hash, db_file)
  File "/users/azibaeir/Research/VulnLLMEval-SANER/scheduler/job_scheduler.py", line 444, in _execute_task
    evaluator.rank_cwe(commit_hash, vuln_code)
  File "/users/azibaeir/Research/VulnLLMEval-SANER/models/llm_manager.py", line 1404, in rank_cwe
    self.db.execute(
  File "/users/azibaeir/Research/VulnLLMEval-SANER/utils/database.py", line 53, in execute
    result = self.cursor.execute(query, params)
sqlite3.OperationalError: database is locked

2025-10-03 11:55:58,022 - job_gemini_database_1759504776 - ERROR - Error processing commit 594cc251fdd0d231d342d88b2fdff4bc42fb0690 for task rank_cwe: database is locked
2025-10-03 11:55:58,023 - job_gemini_database_1759504776 - ERROR - Traceback (most recent call last):
  File "/users/azibaeir/Research/VulnLLMEval-SANER/models/llm_manager.py", line 1393, in rank_cwe
    self.db.execute(
  File "/users/azibaeir/Research/VulnLLMEval-SANER/utils/database.py", line 53, in execute
    result = self.cursor.execute(query, params)
sqlite3.OperationalError: database is locked

During handling of the above exception, another exception occurred:

Traceback (most recent call last):
  File "/users/azibaeir/Research/VulnLLMEval-SANER/scheduler/job_scheduler.py", line 338, in run_job
    self._execute_task(evaluator, task, commit_hash, db_file)
  File "/users/azibaeir/Research/VulnLLMEval-SANER/scheduler/job_scheduler.py", line 444, in _execute_task
    evaluator.rank_cwe(commit_hash, vuln_code)
  File "/users/azibaeir/Research/VulnLLMEval-SANER/models/llm_manager.py", line 1404, in rank_cwe
    self.db.execute(
  File "/users/azibaeir/Research/VulnLLMEval-SANER/utils/database.py", line 53, in execute
    result = self.cursor.execute(query, params)
sqlite3.OperationalError: database is locked

2025-10-03 11:56:08,936 - job_gemini_database_1759504776 - ERROR - Error processing commit bcd0f93353326954817a4f9fa55ec57fb38acbb0 for task rank_cwe: database is locked
2025-10-03 11:56:08,936 - job_gemini_database_1759504776 - ERROR - Traceback (most recent call last):
  File "/users/azibaeir/Research/VulnLLMEval-SANER/models/llm_manager.py", line 1393, in rank_cwe
    self.db.execute(
  File "/users/azibaeir/Research/VulnLLMEval-SANER/utils/database.py", line 53, in execute
    result = self.cursor.execute(query, params)
sqlite3.OperationalError: database is locked

During handling of the above exception, another exception occurred:

Traceback (most recent call last):
  File "/users/azibaeir/Research/VulnLLMEval-SANER/scheduler/job_scheduler.py", line 338, in run_job
    self._execute_task(evaluator, task, commit_hash, db_file)
  File "/users/azibaeir/Research/VulnLLMEval-SANER/scheduler/job_scheduler.py", line 444, in _execute_task
    evaluator.rank_cwe(commit_hash, vuln_code)
  File "/users/azibaeir/Research/VulnLLMEval-SANER/models/llm_manager.py", line 1404, in rank_cwe
    self.db.execute(
  File "/users/azibaeir/Research/VulnLLMEval-SANER/utils/database.py", line 53, in execute
    result = self.cursor.execute(query, params)
sqlite3.OperationalError: database is locked

2025-10-03 11:56:19,742 - job_gemini_database_1759504776 - ERROR - Error processing commit 43cdd1b716b26f6af16da4e145b6578f98798bf6 for task rank_cwe: database is locked
2025-10-03 11:56:19,742 - job_gemini_database_1759504776 - ERROR - Traceback (most recent call last):
  File "/users/azibaeir/Research/VulnLLMEval-SANER/models/llm_manager.py", line 1393, in rank_cwe
    self.db.execute(
  File "/users/azibaeir/Research/VulnLLMEval-SANER/utils/database.py", line 53, in execute
    result = self.cursor.execute(query, params)
sqlite3.OperationalError: database is locked

During handling of the above exception, another exception occurred:

Traceback (most recent call last):
  File "/users/azibaeir/Research/VulnLLMEval-SANER/scheduler/job_scheduler.py", line 338, in run_job
    self._execute_task(evaluator, task, commit_hash, db_file)
  File "/users/azibaeir/Research/VulnLLMEval-SANER/scheduler/job_scheduler.py", line 444, in _execute_task
    evaluator.rank_cwe(commit_hash, vuln_code)
  File "/users/azibaeir/Research/VulnLLMEval-SANER/models/llm_manager.py", line 1404, in rank_cwe
    self.db.execute(
  File "/users/azibaeir/Research/VulnLLMEval-SANER/utils/database.py", line 53, in execute
    result = self.cursor.execute(query, params)
sqlite3.OperationalError: database is locked

2025-10-03 11:56:30,510 - job_gemini_database_1759504776 - ERROR - Error processing commit 39e72bf96f5847ba87cc5bd7a3ce0fed813dc9ad for task rank_cwe: database is locked
2025-10-03 11:56:30,510 - job_gemini_database_1759504776 - ERROR - Traceback (most recent call last):
  File "/users/azibaeir/Research/VulnLLMEval-SANER/models/llm_manager.py", line 1393, in rank_cwe
    self.db.execute(
  File "/users/azibaeir/Research/VulnLLMEval-SANER/utils/database.py", line 53, in execute
    result = self.cursor.execute(query, params)
sqlite3.OperationalError: database is locked

During handling of the above exception, another exception occurred:

Traceback (most recent call last):
  File "/users/azibaeir/Research/VulnLLMEval-SANER/scheduler/job_scheduler.py", line 338, in run_job
    self._execute_task(evaluator, task, commit_hash, db_file)
  File "/users/azibaeir/Research/VulnLLMEval-SANER/scheduler/job_scheduler.py", line 444, in _execute_task
    evaluator.rank_cwe(commit_hash, vuln_code)
  File "/users/azibaeir/Research/VulnLLMEval-SANER/models/llm_manager.py", line 1404, in rank_cwe
    self.db.execute(
  File "/users/azibaeir/Research/VulnLLMEval-SANER/utils/database.py", line 53, in execute
    result = self.cursor.execute(query, params)
sqlite3.OperationalError: database is locked

2025-10-03 11:56:41,345 - job_gemini_database_1759504776 - ERROR - Error processing commit 7d63fb3af87aa67aa7d24466e792f9d7c57d8e79 for task rank_cwe: database is locked
2025-10-03 11:56:41,346 - job_gemini_database_1759504776 - ERROR - Traceback (most recent call last):
  File "/users/azibaeir/Research/VulnLLMEval-SANER/models/llm_manager.py", line 1393, in rank_cwe
    self.db.execute(
  File "/users/azibaeir/Research/VulnLLMEval-SANER/utils/database.py", line 53, in execute
    result = self.cursor.execute(query, params)
sqlite3.OperationalError: database is locked

During handling of the above exception, another exception occurred:

Traceback (most recent call last):
  File "/users/azibaeir/Research/VulnLLMEval-SANER/scheduler/job_scheduler.py", line 338, in run_job
    self._execute_task(evaluator, task, commit_hash, db_file)
  File "/users/azibaeir/Research/VulnLLMEval-SANER/scheduler/job_scheduler.py", line 444, in _execute_task
    evaluator.rank_cwe(commit_hash, vuln_code)
  File "/users/azibaeir/Research/VulnLLMEval-SANER/models/llm_manager.py", line 1404, in rank_cwe
    self.db.execute(
  File "/users/azibaeir/Research/VulnLLMEval-SANER/utils/database.py", line 53, in execute
    result = self.cursor.execute(query, params)
sqlite3.OperationalError: database is locked

2025-10-03 11:56:52,185 - job_gemini_database_1759504776 - ERROR - Error processing commit 0a0b98734479aa5b3c671d5190e86273372cab95 for task rank_cwe: database is locked
2025-10-03 11:56:52,186 - job_gemini_database_1759504776 - ERROR - Traceback (most recent call last):
  File "/users/azibaeir/Research/VulnLLMEval-SANER/models/llm_manager.py", line 1393, in rank_cwe
    self.db.execute(
  File "/users/azibaeir/Research/VulnLLMEval-SANER/utils/database.py", line 53, in execute
    result = self.cursor.execute(query, params)
sqlite3.OperationalError: database is locked

During handling of the above exception, another exception occurred:

Traceback (most recent call last):
  File "/users/azibaeir/Research/VulnLLMEval-SANER/scheduler/job_scheduler.py", line 338, in run_job
    self._execute_task(evaluator, task, commit_hash, db_file)
  File "/users/azibaeir/Research/VulnLLMEval-SANER/scheduler/job_scheduler.py", line 444, in _execute_task
    evaluator.rank_cwe(commit_hash, vuln_code)
  File "/users/azibaeir/Research/VulnLLMEval-SANER/models/llm_manager.py", line 1404, in rank_cwe
    self.db.execute(
  File "/users/azibaeir/Research/VulnLLMEval-SANER/utils/database.py", line 53, in execute
    result = self.cursor.execute(query, params)
sqlite3.OperationalError: database is locked

2025-10-03 11:57:03,041 - job_gemini_database_1759504776 - ERROR - Error processing commit 250c6c49e3b68756b14983c076183568636e2bde for task rank_cwe: database is locked
2025-10-03 11:57:03,041 - job_gemini_database_1759504776 - ERROR - Traceback (most recent call last):
  File "/users/azibaeir/Research/VulnLLMEval-SANER/models/llm_manager.py", line 1393, in rank_cwe
    self.db.execute(
  File "/users/azibaeir/Research/VulnLLMEval-SANER/utils/database.py", line 53, in execute
    result = self.cursor.execute(query, params)
sqlite3.OperationalError: database is locked

During handling of the above exception, another exception occurred:

Traceback (most recent call last):
  File "/users/azibaeir/Research/VulnLLMEval-SANER/scheduler/job_scheduler.py", line 338, in run_job
    self._execute_task(evaluator, task, commit_hash, db_file)
  File "/users/azibaeir/Research/VulnLLMEval-SANER/scheduler/job_scheduler.py", line 444, in _execute_task
    evaluator.rank_cwe(commit_hash, vuln_code)
  File "/users/azibaeir/Research/VulnLLMEval-SANER/models/llm_manager.py", line 1404, in rank_cwe
    self.db.execute(
  File "/users/azibaeir/Research/VulnLLMEval-SANER/utils/database.py", line 53, in execute
    result = self.cursor.execute(query, params)
sqlite3.OperationalError: database is locked

2025-10-03 11:57:13,846 - job_gemini_database_1759504776 - ERROR - Error processing commit 0e5d5ae837c8ce04d2ddb874ec5f920118bd9d31 for task rank_cwe: database is locked
2025-10-03 11:57:13,846 - job_gemini_database_1759504776 - ERROR - Traceback (most recent call last):
  File "/users/azibaeir/Research/VulnLLMEval-SANER/models/llm_manager.py", line 1393, in rank_cwe
    self.db.execute(
  File "/users/azibaeir/Research/VulnLLMEval-SANER/utils/database.py", line 53, in execute
    result = self.cursor.execute(query, params)
sqlite3.OperationalError: database is locked

During handling of the above exception, another exception occurred:

Traceback (most recent call last):
  File "/users/azibaeir/Research/VulnLLMEval-SANER/scheduler/job_scheduler.py", line 338, in run_job
    self._execute_task(evaluator, task, commit_hash, db_file)
  File "/users/azibaeir/Research/VulnLLMEval-SANER/scheduler/job_scheduler.py", line 444, in _execute_task
    evaluator.rank_cwe(commit_hash, vuln_code)
  File "/users/azibaeir/Research/VulnLLMEval-SANER/models/llm_manager.py", line 1404, in rank_cwe
    self.db.execute(
  File "/users/azibaeir/Research/VulnLLMEval-SANER/utils/database.py", line 53, in execute
    result = self.cursor.execute(query, params)
sqlite3.OperationalError: database is locked

2025-10-03 11:57:24,670 - job_gemini_database_1759504776 - ERROR - Error processing commit a8e5e5146ad08d794c58252bab00b261045ef16d for task rank_cwe: database is locked
2025-10-03 11:57:24,671 - job_gemini_database_1759504776 - ERROR - Traceback (most recent call last):
  File "/users/azibaeir/Research/VulnLLMEval-SANER/models/llm_manager.py", line 1393, in rank_cwe
    self.db.execute(
  File "/users/azibaeir/Research/VulnLLMEval-SANER/utils/database.py", line 53, in execute
    result = self.cursor.execute(query, params)
sqlite3.OperationalError: database is locked

During handling of the above exception, another exception occurred:

Traceback (most recent call last):
  File "/users/azibaeir/Research/VulnLLMEval-SANER/scheduler/job_scheduler.py", line 338, in run_job
    self._execute_task(evaluator, task, commit_hash, db_file)
  File "/users/azibaeir/Research/VulnLLMEval-SANER/scheduler/job_scheduler.py", line 444, in _execute_task
    evaluator.rank_cwe(commit_hash, vuln_code)
  File "/users/azibaeir/Research/VulnLLMEval-SANER/models/llm_manager.py", line 1404, in rank_cwe
    self.db.execute(
  File "/users/azibaeir/Research/VulnLLMEval-SANER/utils/database.py", line 53, in execute
    result = self.cursor.execute(query, params)
sqlite3.OperationalError: database is locked

2025-10-03 11:57:35,440 - job_gemini_database_1759504776 - ERROR - Error processing commit e2a1256b17b16f9b9adf1b6fea56819e7b68e463 for task rank_cwe: database is locked
2025-10-03 11:57:35,440 - job_gemini_database_1759504776 - ERROR - Traceback (most recent call last):
  File "/users/azibaeir/Research/VulnLLMEval-SANER/models/llm_manager.py", line 1393, in rank_cwe
    self.db.execute(
  File "/users/azibaeir/Research/VulnLLMEval-SANER/utils/database.py", line 53, in execute
    result = self.cursor.execute(query, params)
sqlite3.OperationalError: database is locked

During handling of the above exception, another exception occurred:

Traceback (most recent call last):
  File "/users/azibaeir/Research/VulnLLMEval-SANER/scheduler/job_scheduler.py", line 338, in run_job
    self._execute_task(evaluator, task, commit_hash, db_file)
  File "/users/azibaeir/Research/VulnLLMEval-SANER/scheduler/job_scheduler.py", line 444, in _execute_task
    evaluator.rank_cwe(commit_hash, vuln_code)
  File "/users/azibaeir/Research/VulnLLMEval-SANER/models/llm_manager.py", line 1404, in rank_cwe
    self.db.execute(
  File "/users/azibaeir/Research/VulnLLMEval-SANER/utils/database.py", line 53, in execute
    result = self.cursor.execute(query, params)
sqlite3.OperationalError: database is locked

2025-10-03 11:57:46,262 - job_gemini_database_1759504776 - ERROR - Error processing commit 683412ccf61294d727ead4a73d97397396e69a6b for task rank_cwe: database is locked
2025-10-03 11:57:46,262 - job_gemini_database_1759504776 - ERROR - Traceback (most recent call last):
  File "/users/azibaeir/Research/VulnLLMEval-SANER/models/llm_manager.py", line 1393, in rank_cwe
    self.db.execute(
  File "/users/azibaeir/Research/VulnLLMEval-SANER/utils/database.py", line 53, in execute
    result = self.cursor.execute(query, params)
sqlite3.OperationalError: database is locked

During handling of the above exception, another exception occurred:

Traceback (most recent call last):
  File "/users/azibaeir/Research/VulnLLMEval-SANER/scheduler/job_scheduler.py", line 338, in run_job
    self._execute_task(evaluator, task, commit_hash, db_file)
  File "/users/azibaeir/Research/VulnLLMEval-SANER/scheduler/job_scheduler.py", line 444, in _execute_task
    evaluator.rank_cwe(commit_hash, vuln_code)
  File "/users/azibaeir/Research/VulnLLMEval-SANER/models/llm_manager.py", line 1404, in rank_cwe
    self.db.execute(
  File "/users/azibaeir/Research/VulnLLMEval-SANER/utils/database.py", line 53, in execute
    result = self.cursor.execute(query, params)
sqlite3.OperationalError: database is locked

2025-10-03 11:57:57,008 - job_gemini_database_1759504776 - ERROR - Error processing commit 22f6b4d34fcf039c63a94e7670e0da24f8575a5a for task rank_cwe: database is locked
2025-10-03 11:57:57,009 - job_gemini_database_1759504776 - ERROR - Traceback (most recent call last):
  File "/users/azibaeir/Research/VulnLLMEval-SANER/models/llm_manager.py", line 1393, in rank_cwe
    self.db.execute(
  File "/users/azibaeir/Research/VulnLLMEval-SANER/utils/database.py", line 53, in execute
    result = self.cursor.execute(query, params)
sqlite3.OperationalError: database is locked

During handling of the above exception, another exception occurred:

Traceback (most recent call last):
  File "/users/azibaeir/Research/VulnLLMEval-SANER/scheduler/job_scheduler.py", line 338, in run_job
    self._execute_task(evaluator, task, commit_hash, db_file)
  File "/users/azibaeir/Research/VulnLLMEval-SANER/scheduler/job_scheduler.py", line 444, in _execute_task
    evaluator.rank_cwe(commit_hash, vuln_code)
  File "/users/azibaeir/Research/VulnLLMEval-SANER/models/llm_manager.py", line 1404, in rank_cwe
    self.db.execute(
  File "/users/azibaeir/Research/VulnLLMEval-SANER/utils/database.py", line 53, in execute
    result = self.cursor.execute(query, params)
sqlite3.OperationalError: database is locked

2025-10-03 11:58:07,822 - job_gemini_database_1759504776 - ERROR - Error processing commit 30a46a4647fd1df9cf52e43bf467f0d9265096ca for task rank_cwe: database is locked
2025-10-03 11:58:07,822 - job_gemini_database_1759504776 - ERROR - Traceback (most recent call last):
  File "/users/azibaeir/Research/VulnLLMEval-SANER/models/llm_manager.py", line 1393, in rank_cwe
    self.db.execute(
  File "/users/azibaeir/Research/VulnLLMEval-SANER/utils/database.py", line 53, in execute
    result = self.cursor.execute(query, params)
sqlite3.OperationalError: database is locked

During handling of the above exception, another exception occurred:

Traceback (most recent call last):
  File "/users/azibaeir/Research/VulnLLMEval-SANER/scheduler/job_scheduler.py", line 338, in run_job
    self._execute_task(evaluator, task, commit_hash, db_file)
  File "/users/azibaeir/Research/VulnLLMEval-SANER/scheduler/job_scheduler.py", line 444, in _execute_task
    evaluator.rank_cwe(commit_hash, vuln_code)
  File "/users/azibaeir/Research/VulnLLMEval-SANER/models/llm_manager.py", line 1404, in rank_cwe
    self.db.execute(
  File "/users/azibaeir/Research/VulnLLMEval-SANER/utils/database.py", line 53, in execute
    result = self.cursor.execute(query, params)
sqlite3.OperationalError: database is locked

2025-10-03 11:58:18,713 - job_gemini_database_1759504776 - ERROR - Error processing commit 32c231164b762dddefa13af5a0101032c70b50ef for task rank_cwe: database is locked
2025-10-03 11:58:18,713 - job_gemini_database_1759504776 - ERROR - Traceback (most recent call last):
  File "/users/azibaeir/Research/VulnLLMEval-SANER/models/llm_manager.py", line 1393, in rank_cwe
    self.db.execute(
  File "/users/azibaeir/Research/VulnLLMEval-SANER/utils/database.py", line 53, in execute
    result = self.cursor.execute(query, params)
sqlite3.OperationalError: database is locked

During handling of the above exception, another exception occurred:

Traceback (most recent call last):
  File "/users/azibaeir/Research/VulnLLMEval-SANER/scheduler/job_scheduler.py", line 338, in run_job
    self._execute_task(evaluator, task, commit_hash, db_file)
  File "/users/azibaeir/Research/VulnLLMEval-SANER/scheduler/job_scheduler.py", line 444, in _execute_task
    evaluator.rank_cwe(commit_hash, vuln_code)
  File "/users/azibaeir/Research/VulnLLMEval-SANER/models/llm_manager.py", line 1404, in rank_cwe
    self.db.execute(
  File "/users/azibaeir/Research/VulnLLMEval-SANER/utils/database.py", line 53, in execute
    result = self.cursor.execute(query, params)
sqlite3.OperationalError: database is locked

2025-10-03 11:58:29,594 - job_gemini_database_1759504776 - ERROR - Error processing commit 3ce424e45411cf5a13105e0386b6ecf6eeb4f66f for task rank_cwe: database is locked
2025-10-03 11:58:29,594 - job_gemini_database_1759504776 - ERROR - Traceback (most recent call last):
  File "/users/azibaeir/Research/VulnLLMEval-SANER/models/llm_manager.py", line 1393, in rank_cwe
    self.db.execute(
  File "/users/azibaeir/Research/VulnLLMEval-SANER/utils/database.py", line 53, in execute
    result = self.cursor.execute(query, params)
sqlite3.OperationalError: database is locked

During handling of the above exception, another exception occurred:

Traceback (most recent call last):
  File "/users/azibaeir/Research/VulnLLMEval-SANER/scheduler/job_scheduler.py", line 338, in run_job
    self._execute_task(evaluator, task, commit_hash, db_file)
  File "/users/azibaeir/Research/VulnLLMEval-SANER/scheduler/job_scheduler.py", line 444, in _execute_task
    evaluator.rank_cwe(commit_hash, vuln_code)
  File "/users/azibaeir/Research/VulnLLMEval-SANER/models/llm_manager.py", line 1404, in rank_cwe
    self.db.execute(
  File "/users/azibaeir/Research/VulnLLMEval-SANER/utils/database.py", line 53, in execute
    result = self.cursor.execute(query, params)
sqlite3.OperationalError: database is locked

2025-10-03 11:58:41,371 - job_gemini_database_1759504776 - ERROR - Error processing commit 45f6fad84cc305103b28d73482b344d7f5b76f39 for task rank_cwe: database is locked
2025-10-03 11:58:41,371 - job_gemini_database_1759504776 - ERROR - Traceback (most recent call last):
  File "/users/azibaeir/Research/VulnLLMEval-SANER/models/llm_manager.py", line 1393, in rank_cwe
    self.db.execute(
  File "/users/azibaeir/Research/VulnLLMEval-SANER/utils/database.py", line 53, in execute
    result = self.cursor.execute(query, params)
sqlite3.OperationalError: database is locked

During handling of the above exception, another exception occurred:

Traceback (most recent call last):
  File "/users/azibaeir/Research/VulnLLMEval-SANER/scheduler/job_scheduler.py", line 338, in run_job
    self._execute_task(evaluator, task, commit_hash, db_file)
  File "/users/azibaeir/Research/VulnLLMEval-SANER/scheduler/job_scheduler.py", line 444, in _execute_task
    evaluator.rank_cwe(commit_hash, vuln_code)
  File "/users/azibaeir/Research/VulnLLMEval-SANER/models/llm_manager.py", line 1404, in rank_cwe
    self.db.execute(
  File "/users/azibaeir/Research/VulnLLMEval-SANER/utils/database.py", line 53, in execute
    result = self.cursor.execute(query, params)
sqlite3.OperationalError: database is locked

2025-10-03 11:58:52,123 - job_gemini_database_1759504776 - ERROR - Error processing commit 0e8e50e20c837eeec8323bba7dcd25fe5479194c for task rank_cwe: database is locked
2025-10-03 11:58:52,123 - job_gemini_database_1759504776 - ERROR - Traceback (most recent call last):
  File "/users/azibaeir/Research/VulnLLMEval-SANER/models/llm_manager.py", line 1393, in rank_cwe
    self.db.execute(
  File "/users/azibaeir/Research/VulnLLMEval-SANER/utils/database.py", line 53, in execute
    result = self.cursor.execute(query, params)
sqlite3.OperationalError: database is locked

During handling of the above exception, another exception occurred:

Traceback (most recent call last):
  File "/users/azibaeir/Research/VulnLLMEval-SANER/scheduler/job_scheduler.py", line 338, in run_job
    self._execute_task(evaluator, task, commit_hash, db_file)
  File "/users/azibaeir/Research/VulnLLMEval-SANER/scheduler/job_scheduler.py", line 444, in _execute_task
    evaluator.rank_cwe(commit_hash, vuln_code)
  File "/users/azibaeir/Research/VulnLLMEval-SANER/models/llm_manager.py", line 1404, in rank_cwe
    self.db.execute(
  File "/users/azibaeir/Research/VulnLLMEval-SANER/utils/database.py", line 53, in execute
    result = self.cursor.execute(query, params)
sqlite3.OperationalError: database is locked

2025-10-03 11:59:03,012 - job_gemini_database_1759504776 - ERROR - Error processing commit 01ea173e103edd5ec41acec65b9261b87e123fc2 for task rank_cwe: database is locked
2025-10-03 11:59:03,013 - job_gemini_database_1759504776 - ERROR - Traceback (most recent call last):
  File "/users/azibaeir/Research/VulnLLMEval-SANER/models/llm_manager.py", line 1393, in rank_cwe
    self.db.execute(
  File "/users/azibaeir/Research/VulnLLMEval-SANER/utils/database.py", line 53, in execute
    result = self.cursor.execute(query, params)
sqlite3.OperationalError: database is locked

During handling of the above exception, another exception occurred:

Traceback (most recent call last):
  File "/users/azibaeir/Research/VulnLLMEval-SANER/scheduler/job_scheduler.py", line 338, in run_job
    self._execute_task(evaluator, task, commit_hash, db_file)
  File "/users/azibaeir/Research/VulnLLMEval-SANER/scheduler/job_scheduler.py", line 444, in _execute_task
    evaluator.rank_cwe(commit_hash, vuln_code)
  File "/users/azibaeir/Research/VulnLLMEval-SANER/models/llm_manager.py", line 1404, in rank_cwe
    self.db.execute(
  File "/users/azibaeir/Research/VulnLLMEval-SANER/utils/database.py", line 53, in execute
    result = self.cursor.execute(query, params)
sqlite3.OperationalError: database is locked

2025-10-03 11:59:13,908 - job_gemini_database_1759504776 - ERROR - Error processing commit 0eab121ef8750a5c8637d51534d5e9143fb0633f for task rank_cwe: database is locked
2025-10-03 11:59:13,908 - job_gemini_database_1759504776 - ERROR - Traceback (most recent call last):
  File "/users/azibaeir/Research/VulnLLMEval-SANER/models/llm_manager.py", line 1393, in rank_cwe
    self.db.execute(
  File "/users/azibaeir/Research/VulnLLMEval-SANER/utils/database.py", line 53, in execute
    result = self.cursor.execute(query, params)
sqlite3.OperationalError: database is locked

During handling of the above exception, another exception occurred:

Traceback (most recent call last):
  File "/users/azibaeir/Research/VulnLLMEval-SANER/scheduler/job_scheduler.py", line 338, in run_job
    self._execute_task(evaluator, task, commit_hash, db_file)
  File "/users/azibaeir/Research/VulnLLMEval-SANER/scheduler/job_scheduler.py", line 444, in _execute_task
    evaluator.rank_cwe(commit_hash, vuln_code)
  File "/users/azibaeir/Research/VulnLLMEval-SANER/models/llm_manager.py", line 1404, in rank_cwe
    self.db.execute(
  File "/users/azibaeir/Research/VulnLLMEval-SANER/utils/database.py", line 53, in execute
    result = self.cursor.execute(query, params)
sqlite3.OperationalError: database is locked

2025-10-03 11:59:24,952 - job_gemini_database_1759504776 - ERROR - Error processing commit d9092f52d7e61dd1557f2db2400ddb430e85937e for task rank_cwe: database is locked
2025-10-03 11:59:24,953 - job_gemini_database_1759504776 - ERROR - Traceback (most recent call last):
  File "/users/azibaeir/Research/VulnLLMEval-SANER/models/llm_manager.py", line 1393, in rank_cwe
    self.db.execute(
  File "/users/azibaeir/Research/VulnLLMEval-SANER/utils/database.py", line 53, in execute
    result = self.cursor.execute(query, params)
sqlite3.OperationalError: database is locked

During handling of the above exception, another exception occurred:

Traceback (most recent call last):
  File "/users/azibaeir/Research/VulnLLMEval-SANER/scheduler/job_scheduler.py", line 338, in run_job
    self._execute_task(evaluator, task, commit_hash, db_file)
  File "/users/azibaeir/Research/VulnLLMEval-SANER/scheduler/job_scheduler.py", line 444, in _execute_task
    evaluator.rank_cwe(commit_hash, vuln_code)
  File "/users/azibaeir/Research/VulnLLMEval-SANER/models/llm_manager.py", line 1404, in rank_cwe
    self.db.execute(
  File "/users/azibaeir/Research/VulnLLMEval-SANER/utils/database.py", line 53, in execute
    result = self.cursor.execute(query, params)
sqlite3.OperationalError: database is locked

2025-10-03 11:59:35,803 - job_gemini_database_1759504776 - ERROR - Error processing commit 54d5ca871e72f2bb172ec9323497f01cd5091ec7 for task rank_cwe: database is locked
2025-10-03 11:59:35,803 - job_gemini_database_1759504776 - ERROR - Traceback (most recent call last):
  File "/users/azibaeir/Research/VulnLLMEval-SANER/models/llm_manager.py", line 1393, in rank_cwe
    self.db.execute(
  File "/users/azibaeir/Research/VulnLLMEval-SANER/utils/database.py", line 53, in execute
    result = self.cursor.execute(query, params)
sqlite3.OperationalError: database is locked

During handling of the above exception, another exception occurred:

Traceback (most recent call last):
  File "/users/azibaeir/Research/VulnLLMEval-SANER/scheduler/job_scheduler.py", line 338, in run_job
    self._execute_task(evaluator, task, commit_hash, db_file)
  File "/users/azibaeir/Research/VulnLLMEval-SANER/scheduler/job_scheduler.py", line 444, in _execute_task
    evaluator.rank_cwe(commit_hash, vuln_code)
  File "/users/azibaeir/Research/VulnLLMEval-SANER/models/llm_manager.py", line 1404, in rank_cwe
    self.db.execute(
  File "/users/azibaeir/Research/VulnLLMEval-SANER/utils/database.py", line 53, in execute
    result = self.cursor.execute(query, params)
sqlite3.OperationalError: database is locked

2025-10-03 11:59:46,590 - job_gemini_database_1759504776 - ERROR - Error processing commit 667121ace9dbafb368618dbabcf07901c962ddac for task rank_cwe: database is locked
2025-10-03 11:59:46,591 - job_gemini_database_1759504776 - ERROR - Traceback (most recent call last):
  File "/users/azibaeir/Research/VulnLLMEval-SANER/models/llm_manager.py", line 1393, in rank_cwe
    self.db.execute(
  File "/users/azibaeir/Research/VulnLLMEval-SANER/utils/database.py", line 53, in execute
    result = self.cursor.execute(query, params)
sqlite3.OperationalError: database is locked

During handling of the above exception, another exception occurred:

Traceback (most recent call last):
  File "/users/azibaeir/Research/VulnLLMEval-SANER/scheduler/job_scheduler.py", line 338, in run_job
    self._execute_task(evaluator, task, commit_hash, db_file)
  File "/users/azibaeir/Research/VulnLLMEval-SANER/scheduler/job_scheduler.py", line 444, in _execute_task
    evaluator.rank_cwe(commit_hash, vuln_code)
  File "/users/azibaeir/Research/VulnLLMEval-SANER/models/llm_manager.py", line 1404, in rank_cwe
    self.db.execute(
  File "/users/azibaeir/Research/VulnLLMEval-SANER/utils/database.py", line 53, in execute
    result = self.cursor.execute(query, params)
sqlite3.OperationalError: database is locked

2025-10-03 11:59:57,489 - job_gemini_database_1759504776 - ERROR - Error processing commit 9409e22acdfc9153f88d9b1ed2bd2a5b34d2d3ca for task rank_cwe: database is locked
2025-10-03 11:59:57,489 - job_gemini_database_1759504776 - ERROR - Traceback (most recent call last):
  File "/users/azibaeir/Research/VulnLLMEval-SANER/models/llm_manager.py", line 1393, in rank_cwe
    self.db.execute(
  File "/users/azibaeir/Research/VulnLLMEval-SANER/utils/database.py", line 53, in execute
    result = self.cursor.execute(query, params)
sqlite3.OperationalError: database is locked

During handling of the above exception, another exception occurred:

Traceback (most recent call last):
  File "/users/azibaeir/Research/VulnLLMEval-SANER/scheduler/job_scheduler.py", line 338, in run_job
    self._execute_task(evaluator, task, commit_hash, db_file)
  File "/users/azibaeir/Research/VulnLLMEval-SANER/scheduler/job_scheduler.py", line 444, in _execute_task
    evaluator.rank_cwe(commit_hash, vuln_code)
  File "/users/azibaeir/Research/VulnLLMEval-SANER/models/llm_manager.py", line 1404, in rank_cwe
    self.db.execute(
  File "/users/azibaeir/Research/VulnLLMEval-SANER/utils/database.py", line 53, in execute
    result = self.cursor.execute(query, params)
sqlite3.OperationalError: database is locked

2025-10-03 12:00:08,268 - job_gemini_database_1759504776 - ERROR - Error processing commit 26896f01467a28651f7a536143fe5ac8449d4041 for task rank_cwe: database is locked
2025-10-03 12:00:08,269 - job_gemini_database_1759504776 - ERROR - Traceback (most recent call last):
  File "/users/azibaeir/Research/VulnLLMEval-SANER/models/llm_manager.py", line 1393, in rank_cwe
    self.db.execute(
  File "/users/azibaeir/Research/VulnLLMEval-SANER/utils/database.py", line 53, in execute
    result = self.cursor.execute(query, params)
sqlite3.OperationalError: database is locked

During handling of the above exception, another exception occurred:

Traceback (most recent call last):
  File "/users/azibaeir/Research/VulnLLMEval-SANER/scheduler/job_scheduler.py", line 338, in run_job
    self._execute_task(evaluator, task, commit_hash, db_file)
  File "/users/azibaeir/Research/VulnLLMEval-SANER/scheduler/job_scheduler.py", line 444, in _execute_task
    evaluator.rank_cwe(commit_hash, vuln_code)
  File "/users/azibaeir/Research/VulnLLMEval-SANER/models/llm_manager.py", line 1404, in rank_cwe
    self.db.execute(
  File "/users/azibaeir/Research/VulnLLMEval-SANER/utils/database.py", line 53, in execute
    result = self.cursor.execute(query, params)
sqlite3.OperationalError: database is locked

2025-10-03 12:00:19,105 - job_gemini_database_1759504776 - ERROR - Error processing commit cadfad870154e14f745ec845708bc17d166065f2 for task rank_cwe: database is locked
2025-10-03 12:00:19,105 - job_gemini_database_1759504776 - ERROR - Traceback (most recent call last):
  File "/users/azibaeir/Research/VulnLLMEval-SANER/models/llm_manager.py", line 1393, in rank_cwe
    self.db.execute(
  File "/users/azibaeir/Research/VulnLLMEval-SANER/utils/database.py", line 53, in execute
    result = self.cursor.execute(query, params)
sqlite3.OperationalError: database is locked

During handling of the above exception, another exception occurred:

Traceback (most recent call last):
  File "/users/azibaeir/Research/VulnLLMEval-SANER/scheduler/job_scheduler.py", line 338, in run_job
    self._execute_task(evaluator, task, commit_hash, db_file)
  File "/users/azibaeir/Research/VulnLLMEval-SANER/scheduler/job_scheduler.py", line 444, in _execute_task
    evaluator.rank_cwe(commit_hash, vuln_code)
  File "/users/azibaeir/Research/VulnLLMEval-SANER/models/llm_manager.py", line 1404, in rank_cwe
    self.db.execute(
  File "/users/azibaeir/Research/VulnLLMEval-SANER/utils/database.py", line 53, in execute
    result = self.cursor.execute(query, params)
sqlite3.OperationalError: database is locked

2025-10-03 12:00:29,846 - job_gemini_database_1759504776 - ERROR - Error processing commit 0614e2b73768b502fc32a75349823356d98aae2c for task rank_cwe: database is locked
2025-10-03 12:00:29,846 - job_gemini_database_1759504776 - ERROR - Traceback (most recent call last):
  File "/users/azibaeir/Research/VulnLLMEval-SANER/models/llm_manager.py", line 1393, in rank_cwe
    self.db.execute(
  File "/users/azibaeir/Research/VulnLLMEval-SANER/utils/database.py", line 53, in execute
    result = self.cursor.execute(query, params)
sqlite3.OperationalError: database is locked

During handling of the above exception, another exception occurred:

Traceback (most recent call last):
  File "/users/azibaeir/Research/VulnLLMEval-SANER/scheduler/job_scheduler.py", line 338, in run_job
    self._execute_task(evaluator, task, commit_hash, db_file)
  File "/users/azibaeir/Research/VulnLLMEval-SANER/scheduler/job_scheduler.py", line 444, in _execute_task
    evaluator.rank_cwe(commit_hash, vuln_code)
  File "/users/azibaeir/Research/VulnLLMEval-SANER/models/llm_manager.py", line 1404, in rank_cwe
    self.db.execute(
  File "/users/azibaeir/Research/VulnLLMEval-SANER/utils/database.py", line 53, in execute
    result = self.cursor.execute(query, params)
sqlite3.OperationalError: database is locked

2025-10-03 12:00:40,544 - job_gemini_database_1759504776 - ERROR - Error processing commit 0edc3f703f7bcaf550774b5d43ab727bcd0fe06b for task rank_cwe: database is locked
2025-10-03 12:00:40,544 - job_gemini_database_1759504776 - ERROR - Traceback (most recent call last):
  File "/users/azibaeir/Research/VulnLLMEval-SANER/models/llm_manager.py", line 1393, in rank_cwe
    self.db.execute(
  File "/users/azibaeir/Research/VulnLLMEval-SANER/utils/database.py", line 53, in execute
    result = self.cursor.execute(query, params)
sqlite3.OperationalError: database is locked

During handling of the above exception, another exception occurred:

Traceback (most recent call last):
  File "/users/azibaeir/Research/VulnLLMEval-SANER/scheduler/job_scheduler.py", line 338, in run_job
    self._execute_task(evaluator, task, commit_hash, db_file)
  File "/users/azibaeir/Research/VulnLLMEval-SANER/scheduler/job_scheduler.py", line 444, in _execute_task
    evaluator.rank_cwe(commit_hash, vuln_code)
  File "/users/azibaeir/Research/VulnLLMEval-SANER/models/llm_manager.py", line 1404, in rank_cwe
    self.db.execute(
  File "/users/azibaeir/Research/VulnLLMEval-SANER/utils/database.py", line 53, in execute
    result = self.cursor.execute(query, params)
sqlite3.OperationalError: database is locked

2025-10-03 12:00:51,590 - job_gemini_database_1759504776 - ERROR - Error processing commit 3a359798b176183ef09efb7a3dc59abad1cc7104 for task rank_cwe: database is locked
2025-10-03 12:00:51,590 - job_gemini_database_1759504776 - ERROR - Traceback (most recent call last):
  File "/users/azibaeir/Research/VulnLLMEval-SANER/models/llm_manager.py", line 1393, in rank_cwe
    self.db.execute(
  File "/users/azibaeir/Research/VulnLLMEval-SANER/utils/database.py", line 53, in execute
    result = self.cursor.execute(query, params)
sqlite3.OperationalError: database is locked

During handling of the above exception, another exception occurred:

Traceback (most recent call last):
  File "/users/azibaeir/Research/VulnLLMEval-SANER/scheduler/job_scheduler.py", line 338, in run_job
    self._execute_task(evaluator, task, commit_hash, db_file)
  File "/users/azibaeir/Research/VulnLLMEval-SANER/scheduler/job_scheduler.py", line 444, in _execute_task
    evaluator.rank_cwe(commit_hash, vuln_code)
  File "/users/azibaeir/Research/VulnLLMEval-SANER/models/llm_manager.py", line 1404, in rank_cwe
    self.db.execute(
  File "/users/azibaeir/Research/VulnLLMEval-SANER/utils/database.py", line 53, in execute
    result = self.cursor.execute(query, params)
sqlite3.OperationalError: database is locked

2025-10-03 12:01:02,391 - job_gemini_database_1759504776 - ERROR - Error processing commit 6cc03e8aa36c51f3b26a0d21a3c4ce2809c842ac for task rank_cwe: database is locked
2025-10-03 12:01:02,391 - job_gemini_database_1759504776 - ERROR - Traceback (most recent call last):
  File "/users/azibaeir/Research/VulnLLMEval-SANER/models/llm_manager.py", line 1393, in rank_cwe
    self.db.execute(
  File "/users/azibaeir/Research/VulnLLMEval-SANER/utils/database.py", line 53, in execute
    result = self.cursor.execute(query, params)
sqlite3.OperationalError: database is locked

During handling of the above exception, another exception occurred:

Traceback (most recent call last):
  File "/users/azibaeir/Research/VulnLLMEval-SANER/scheduler/job_scheduler.py", line 338, in run_job
    self._execute_task(evaluator, task, commit_hash, db_file)
  File "/users/azibaeir/Research/VulnLLMEval-SANER/scheduler/job_scheduler.py", line 444, in _execute_task
    evaluator.rank_cwe(commit_hash, vuln_code)
  File "/users/azibaeir/Research/VulnLLMEval-SANER/models/llm_manager.py", line 1404, in rank_cwe
    self.db.execute(
  File "/users/azibaeir/Research/VulnLLMEval-SANER/utils/database.py", line 53, in execute
    result = self.cursor.execute(query, params)
sqlite3.OperationalError: database is locked

2025-10-03 12:01:13,428 - job_gemini_database_1759504776 - ERROR - Error processing commit 2568a7e0832ee30b0a351016d03062ab4e0e0a3f for task rank_cwe: database is locked
2025-10-03 12:01:13,429 - job_gemini_database_1759504776 - ERROR - Traceback (most recent call last):
  File "/users/azibaeir/Research/VulnLLMEval-SANER/models/llm_manager.py", line 1393, in rank_cwe
    self.db.execute(
  File "/users/azibaeir/Research/VulnLLMEval-SANER/utils/database.py", line 53, in execute
    result = self.cursor.execute(query, params)
sqlite3.OperationalError: database is locked

During handling of the above exception, another exception occurred:

Traceback (most recent call last):
  File "/users/azibaeir/Research/VulnLLMEval-SANER/scheduler/job_scheduler.py", line 338, in run_job
    self._execute_task(evaluator, task, commit_hash, db_file)
  File "/users/azibaeir/Research/VulnLLMEval-SANER/scheduler/job_scheduler.py", line 444, in _execute_task
    evaluator.rank_cwe(commit_hash, vuln_code)
  File "/users/azibaeir/Research/VulnLLMEval-SANER/models/llm_manager.py", line 1404, in rank_cwe
    self.db.execute(
  File "/users/azibaeir/Research/VulnLLMEval-SANER/utils/database.py", line 53, in execute
    result = self.cursor.execute(query, params)
sqlite3.OperationalError: database is locked

2025-10-03 12:01:24,252 - job_gemini_database_1759504776 - ERROR - Error processing commit 19b61392c5a852b4e8a0bf35aecb969983c5932d for task rank_cwe: database is locked
2025-10-03 12:01:24,253 - job_gemini_database_1759504776 - ERROR - Traceback (most recent call last):
  File "/users/azibaeir/Research/VulnLLMEval-SANER/models/llm_manager.py", line 1393, in rank_cwe
    self.db.execute(
  File "/users/azibaeir/Research/VulnLLMEval-SANER/utils/database.py", line 53, in execute
    result = self.cursor.execute(query, params)
sqlite3.OperationalError: database is locked

During handling of the above exception, another exception occurred:

Traceback (most recent call last):
  File "/users/azibaeir/Research/VulnLLMEval-SANER/scheduler/job_scheduler.py", line 338, in run_job
    self._execute_task(evaluator, task, commit_hash, db_file)
  File "/users/azibaeir/Research/VulnLLMEval-SANER/scheduler/job_scheduler.py", line 444, in _execute_task
    evaluator.rank_cwe(commit_hash, vuln_code)
  File "/users/azibaeir/Research/VulnLLMEval-SANER/models/llm_manager.py", line 1404, in rank_cwe
    self.db.execute(
  File "/users/azibaeir/Research/VulnLLMEval-SANER/utils/database.py", line 53, in execute
    result = self.cursor.execute(query, params)
sqlite3.OperationalError: database is locked

2025-10-03 12:01:35,170 - job_gemini_database_1759504776 - ERROR - Error processing commit 90bfdeef83f1d6c696039b6a917190dcbbad3220 for task rank_cwe: database is locked
2025-10-03 12:01:35,170 - job_gemini_database_1759504776 - ERROR - Traceback (most recent call last):
  File "/users/azibaeir/Research/VulnLLMEval-SANER/models/llm_manager.py", line 1393, in rank_cwe
    self.db.execute(
  File "/users/azibaeir/Research/VulnLLMEval-SANER/utils/database.py", line 53, in execute
    result = self.cursor.execute(query, params)
sqlite3.OperationalError: database is locked

During handling of the above exception, another exception occurred:

Traceback (most recent call last):
  File "/users/azibaeir/Research/VulnLLMEval-SANER/scheduler/job_scheduler.py", line 338, in run_job
    self._execute_task(evaluator, task, commit_hash, db_file)
  File "/users/azibaeir/Research/VulnLLMEval-SANER/scheduler/job_scheduler.py", line 444, in _execute_task
    evaluator.rank_cwe(commit_hash, vuln_code)
  File "/users/azibaeir/Research/VulnLLMEval-SANER/models/llm_manager.py", line 1404, in rank_cwe
    self.db.execute(
  File "/users/azibaeir/Research/VulnLLMEval-SANER/utils/database.py", line 53, in execute
    result = self.cursor.execute(query, params)
sqlite3.OperationalError: database is locked

2025-10-03 12:01:45,925 - job_gemini_database_1759504776 - ERROR - Error processing commit b7cbaf59f62f8ab8f157698f9e31642bff525bd0 for task rank_cwe: database is locked
2025-10-03 12:01:45,925 - job_gemini_database_1759504776 - ERROR - Traceback (most recent call last):
  File "/users/azibaeir/Research/VulnLLMEval-SANER/models/llm_manager.py", line 1393, in rank_cwe
    self.db.execute(
  File "/users/azibaeir/Research/VulnLLMEval-SANER/utils/database.py", line 53, in execute
    result = self.cursor.execute(query, params)
sqlite3.OperationalError: database is locked

During handling of the above exception, another exception occurred:

Traceback (most recent call last):
  File "/users/azibaeir/Research/VulnLLMEval-SANER/scheduler/job_scheduler.py", line 338, in run_job
    self._execute_task(evaluator, task, commit_hash, db_file)
  File "/users/azibaeir/Research/VulnLLMEval-SANER/scheduler/job_scheduler.py", line 444, in _execute_task
    evaluator.rank_cwe(commit_hash, vuln_code)
  File "/users/azibaeir/Research/VulnLLMEval-SANER/models/llm_manager.py", line 1404, in rank_cwe
    self.db.execute(
  File "/users/azibaeir/Research/VulnLLMEval-SANER/utils/database.py", line 53, in execute
    result = self.cursor.execute(query, params)
sqlite3.OperationalError: database is locked

2025-10-03 12:01:56,917 - job_gemini_database_1759504776 - ERROR - Error processing commit ca59d5a51690d5b9340343dc36792a252e9414ae for task rank_cwe: database is locked
2025-10-03 12:01:56,917 - job_gemini_database_1759504776 - ERROR - Traceback (most recent call last):
  File "/users/azibaeir/Research/VulnLLMEval-SANER/models/llm_manager.py", line 1393, in rank_cwe
    self.db.execute(
  File "/users/azibaeir/Research/VulnLLMEval-SANER/utils/database.py", line 53, in execute
    result = self.cursor.execute(query, params)
sqlite3.OperationalError: database is locked

During handling of the above exception, another exception occurred:

Traceback (most recent call last):
  File "/users/azibaeir/Research/VulnLLMEval-SANER/scheduler/job_scheduler.py", line 338, in run_job
    self._execute_task(evaluator, task, commit_hash, db_file)
  File "/users/azibaeir/Research/VulnLLMEval-SANER/scheduler/job_scheduler.py", line 444, in _execute_task
    evaluator.rank_cwe(commit_hash, vuln_code)
  File "/users/azibaeir/Research/VulnLLMEval-SANER/models/llm_manager.py", line 1404, in rank_cwe
    self.db.execute(
  File "/users/azibaeir/Research/VulnLLMEval-SANER/utils/database.py", line 53, in execute
    result = self.cursor.execute(query, params)
sqlite3.OperationalError: database is locked

2025-10-03 12:02:07,745 - job_gemini_database_1759504776 - ERROR - Error processing commit 1c41041124bd14dd6610da256a3da4e5b74ce6b1 for task rank_cwe: database is locked
2025-10-03 12:02:07,745 - job_gemini_database_1759504776 - ERROR - Traceback (most recent call last):
  File "/users/azibaeir/Research/VulnLLMEval-SANER/models/llm_manager.py", line 1393, in rank_cwe
    self.db.execute(
  File "/users/azibaeir/Research/VulnLLMEval-SANER/utils/database.py", line 53, in execute
    result = self.cursor.execute(query, params)
sqlite3.OperationalError: database is locked

During handling of the above exception, another exception occurred:

Traceback (most recent call last):
  File "/users/azibaeir/Research/VulnLLMEval-SANER/scheduler/job_scheduler.py", line 338, in run_job
    self._execute_task(evaluator, task, commit_hash, db_file)
  File "/users/azibaeir/Research/VulnLLMEval-SANER/scheduler/job_scheduler.py", line 444, in _execute_task
    evaluator.rank_cwe(commit_hash, vuln_code)
  File "/users/azibaeir/Research/VulnLLMEval-SANER/models/llm_manager.py", line 1404, in rank_cwe
    self.db.execute(
  File "/users/azibaeir/Research/VulnLLMEval-SANER/utils/database.py", line 53, in execute
    result = self.cursor.execute(query, params)
sqlite3.OperationalError: database is locked

2025-10-03 12:02:18,514 - job_gemini_database_1759504776 - ERROR - Error processing commit fecf31ee395b0295f2d7260aa29946b7605f7c85 for task rank_cwe: database is locked
2025-10-03 12:02:18,514 - job_gemini_database_1759504776 - ERROR - Traceback (most recent call last):
  File "/users/azibaeir/Research/VulnLLMEval-SANER/models/llm_manager.py", line 1393, in rank_cwe
    self.db.execute(
  File "/users/azibaeir/Research/VulnLLMEval-SANER/utils/database.py", line 53, in execute
    result = self.cursor.execute(query, params)
sqlite3.OperationalError: database is locked

During handling of the above exception, another exception occurred:

Traceback (most recent call last):
  File "/users/azibaeir/Research/VulnLLMEval-SANER/scheduler/job_scheduler.py", line 338, in run_job
    self._execute_task(evaluator, task, commit_hash, db_file)
  File "/users/azibaeir/Research/VulnLLMEval-SANER/scheduler/job_scheduler.py", line 444, in _execute_task
    evaluator.rank_cwe(commit_hash, vuln_code)
  File "/users/azibaeir/Research/VulnLLMEval-SANER/models/llm_manager.py", line 1404, in rank_cwe
    self.db.execute(
  File "/users/azibaeir/Research/VulnLLMEval-SANER/utils/database.py", line 53, in execute
    result = self.cursor.execute(query, params)
sqlite3.OperationalError: database is locked

2025-10-03 12:02:29,436 - job_gemini_database_1759504776 - ERROR - Error processing commit 1816494330a83f2a064499d8ed2797045641f92c for task rank_cwe: database is locked
2025-10-03 12:02:29,436 - job_gemini_database_1759504776 - ERROR - Traceback (most recent call last):
  File "/users/azibaeir/Research/VulnLLMEval-SANER/models/llm_manager.py", line 1393, in rank_cwe
    self.db.execute(
  File "/users/azibaeir/Research/VulnLLMEval-SANER/utils/database.py", line 53, in execute
    result = self.cursor.execute(query, params)
sqlite3.OperationalError: database is locked

During handling of the above exception, another exception occurred:

Traceback (most recent call last):
  File "/users/azibaeir/Research/VulnLLMEval-SANER/scheduler/job_scheduler.py", line 338, in run_job
    self._execute_task(evaluator, task, commit_hash, db_file)
  File "/users/azibaeir/Research/VulnLLMEval-SANER/scheduler/job_scheduler.py", line 444, in _execute_task
    evaluator.rank_cwe(commit_hash, vuln_code)
  File "/users/azibaeir/Research/VulnLLMEval-SANER/models/llm_manager.py", line 1404, in rank_cwe
    self.db.execute(
  File "/users/azibaeir/Research/VulnLLMEval-SANER/utils/database.py", line 53, in execute
    result = self.cursor.execute(query, params)
sqlite3.OperationalError: database is locked

2025-10-03 12:02:40,140 - job_gemini_database_1759504776 - ERROR - Error processing commit 58bdd544e2933a21a51eecf17c3f5f94038261b5 for task rank_cwe: database is locked
2025-10-03 12:02:40,140 - job_gemini_database_1759504776 - ERROR - Traceback (most recent call last):
  File "/users/azibaeir/Research/VulnLLMEval-SANER/models/llm_manager.py", line 1393, in rank_cwe
    self.db.execute(
  File "/users/azibaeir/Research/VulnLLMEval-SANER/utils/database.py", line 53, in execute
    result = self.cursor.execute(query, params)
sqlite3.OperationalError: database is locked

During handling of the above exception, another exception occurred:

Traceback (most recent call last):
  File "/users/azibaeir/Research/VulnLLMEval-SANER/scheduler/job_scheduler.py", line 338, in run_job
    self._execute_task(evaluator, task, commit_hash, db_file)
  File "/users/azibaeir/Research/VulnLLMEval-SANER/scheduler/job_scheduler.py", line 444, in _execute_task
    evaluator.rank_cwe(commit_hash, vuln_code)
  File "/users/azibaeir/Research/VulnLLMEval-SANER/models/llm_manager.py", line 1404, in rank_cwe
    self.db.execute(
  File "/users/azibaeir/Research/VulnLLMEval-SANER/utils/database.py", line 53, in execute
    result = self.cursor.execute(query, params)
sqlite3.OperationalError: database is locked

2025-10-03 12:02:51,042 - job_gemini_database_1759504776 - ERROR - Error processing commit 7caac62ed598a196d6ddf8d9c121e12e082cac3 for task rank_cwe: database is locked
2025-10-03 12:02:51,042 - job_gemini_database_1759504776 - ERROR - Traceback (most recent call last):
  File "/users/azibaeir/Research/VulnLLMEval-SANER/models/llm_manager.py", line 1393, in rank_cwe
    self.db.execute(
  File "/users/azibaeir/Research/VulnLLMEval-SANER/utils/database.py", line 53, in execute
    result = self.cursor.execute(query, params)
sqlite3.OperationalError: database is locked

During handling of the above exception, another exception occurred:

Traceback (most recent call last):
  File "/users/azibaeir/Research/VulnLLMEval-SANER/scheduler/job_scheduler.py", line 338, in run_job
    self._execute_task(evaluator, task, commit_hash, db_file)
  File "/users/azibaeir/Research/VulnLLMEval-SANER/scheduler/job_scheduler.py", line 444, in _execute_task
    evaluator.rank_cwe(commit_hash, vuln_code)
  File "/users/azibaeir/Research/VulnLLMEval-SANER/models/llm_manager.py", line 1404, in rank_cwe
    self.db.execute(
  File "/users/azibaeir/Research/VulnLLMEval-SANER/utils/database.py", line 53, in execute
    result = self.cursor.execute(query, params)
sqlite3.OperationalError: database is locked

2025-10-03 12:03:01,942 - job_gemini_database_1759504776 - ERROR - Error processing commit 7caac62ed598a196d6ddf8d9c121e12e082cac3a for task rank_cwe: database is locked
2025-10-03 12:03:01,942 - job_gemini_database_1759504776 - ERROR - Traceback (most recent call last):
  File "/users/azibaeir/Research/VulnLLMEval-SANER/models/llm_manager.py", line 1393, in rank_cwe
    self.db.execute(
  File "/users/azibaeir/Research/VulnLLMEval-SANER/utils/database.py", line 53, in execute
    result = self.cursor.execute(query, params)
sqlite3.OperationalError: database is locked

During handling of the above exception, another exception occurred:

Traceback (most recent call last):
  File "/users/azibaeir/Research/VulnLLMEval-SANER/scheduler/job_scheduler.py", line 338, in run_job
    self._execute_task(evaluator, task, commit_hash, db_file)
  File "/users/azibaeir/Research/VulnLLMEval-SANER/scheduler/job_scheduler.py", line 444, in _execute_task
    evaluator.rank_cwe(commit_hash, vuln_code)
  File "/users/azibaeir/Research/VulnLLMEval-SANER/models/llm_manager.py", line 1404, in rank_cwe
    self.db.execute(
  File "/users/azibaeir/Research/VulnLLMEval-SANER/utils/database.py", line 53, in execute
    result = self.cursor.execute(query, params)
sqlite3.OperationalError: database is locked

2025-10-03 12:03:12,787 - job_gemini_database_1759504776 - ERROR - Error processing commit 80caf43549e7e41a695c6d1e11066286538b336f for task rank_cwe: database is locked
2025-10-03 12:03:12,787 - job_gemini_database_1759504776 - ERROR - Traceback (most recent call last):
  File "/users/azibaeir/Research/VulnLLMEval-SANER/models/llm_manager.py", line 1393, in rank_cwe
    self.db.execute(
  File "/users/azibaeir/Research/VulnLLMEval-SANER/utils/database.py", line 53, in execute
    result = self.cursor.execute(query, params)
sqlite3.OperationalError: database is locked

During handling of the above exception, another exception occurred:

Traceback (most recent call last):
  File "/users/azibaeir/Research/VulnLLMEval-SANER/scheduler/job_scheduler.py", line 338, in run_job
    self._execute_task(evaluator, task, commit_hash, db_file)
  File "/users/azibaeir/Research/VulnLLMEval-SANER/scheduler/job_scheduler.py", line 444, in _execute_task
    evaluator.rank_cwe(commit_hash, vuln_code)
  File "/users/azibaeir/Research/VulnLLMEval-SANER/models/llm_manager.py", line 1404, in rank_cwe
    self.db.execute(
  File "/users/azibaeir/Research/VulnLLMEval-SANER/utils/database.py", line 53, in execute
    result = self.cursor.execute(query, params)
sqlite3.OperationalError: database is locked

2025-10-03 12:03:23,694 - job_gemini_database_1759504776 - ERROR - Error processing commit 8a2b307c21d4b290e3cbe33f768f194286d07c23 for task rank_cwe: database is locked
2025-10-03 12:03:23,695 - job_gemini_database_1759504776 - ERROR - Traceback (most recent call last):
  File "/users/azibaeir/Research/VulnLLMEval-SANER/models/llm_manager.py", line 1393, in rank_cwe
    self.db.execute(
  File "/users/azibaeir/Research/VulnLLMEval-SANER/utils/database.py", line 53, in execute
    result = self.cursor.execute(query, params)
sqlite3.OperationalError: database is locked

During handling of the above exception, another exception occurred:

Traceback (most recent call last):
  File "/users/azibaeir/Research/VulnLLMEval-SANER/scheduler/job_scheduler.py", line 338, in run_job
    self._execute_task(evaluator, task, commit_hash, db_file)
  File "/users/azibaeir/Research/VulnLLMEval-SANER/scheduler/job_scheduler.py", line 444, in _execute_task
    evaluator.rank_cwe(commit_hash, vuln_code)
  File "/users/azibaeir/Research/VulnLLMEval-SANER/models/llm_manager.py", line 1404, in rank_cwe
    self.db.execute(
  File "/users/azibaeir/Research/VulnLLMEval-SANER/utils/database.py", line 53, in execute
    result = self.cursor.execute(query, params)
sqlite3.OperationalError: database is locked

2025-10-03 12:03:34,560 - job_gemini_database_1759504776 - ERROR - Error processing commit 4b41a9d0fe3db5f91078a380f62f0572c3ecf2dd for task rank_cwe: database is locked
2025-10-03 12:03:34,560 - job_gemini_database_1759504776 - ERROR - Traceback (most recent call last):
  File "/users/azibaeir/Research/VulnLLMEval-SANER/models/llm_manager.py", line 1393, in rank_cwe
    self.db.execute(
  File "/users/azibaeir/Research/VulnLLMEval-SANER/utils/database.py", line 53, in execute
    result = self.cursor.execute(query, params)
sqlite3.OperationalError: database is locked

During handling of the above exception, another exception occurred:

Traceback (most recent call last):
  File "/users/azibaeir/Research/VulnLLMEval-SANER/scheduler/job_scheduler.py", line 338, in run_job
    self._execute_task(evaluator, task, commit_hash, db_file)
  File "/users/azibaeir/Research/VulnLLMEval-SANER/scheduler/job_scheduler.py", line 444, in _execute_task
    evaluator.rank_cwe(commit_hash, vuln_code)
  File "/users/azibaeir/Research/VulnLLMEval-SANER/models/llm_manager.py", line 1404, in rank_cwe
    self.db.execute(
  File "/users/azibaeir/Research/VulnLLMEval-SANER/utils/database.py", line 53, in execute
    result = self.cursor.execute(query, params)
sqlite3.OperationalError: database is locked

2025-10-03 12:03:45,529 - job_gemini_database_1759504776 - ERROR - Error processing commit ca7a03c4175366a92cee0ccc4fec0038c3266e26 for task rank_cwe: database is locked
2025-10-03 12:03:45,529 - job_gemini_database_1759504776 - ERROR - Traceback (most recent call last):
  File "/users/azibaeir/Research/VulnLLMEval-SANER/models/llm_manager.py", line 1393, in rank_cwe
    self.db.execute(
  File "/users/azibaeir/Research/VulnLLMEval-SANER/utils/database.py", line 53, in execute
    result = self.cursor.execute(query, params)
sqlite3.OperationalError: database is locked

During handling of the above exception, another exception occurred:

Traceback (most recent call last):
  File "/users/azibaeir/Research/VulnLLMEval-SANER/scheduler/job_scheduler.py", line 338, in run_job
    self._execute_task(evaluator, task, commit_hash, db_file)
  File "/users/azibaeir/Research/VulnLLMEval-SANER/scheduler/job_scheduler.py", line 444, in _execute_task
    evaluator.rank_cwe(commit_hash, vuln_code)
  File "/users/azibaeir/Research/VulnLLMEval-SANER/models/llm_manager.py", line 1404, in rank_cwe
    self.db.execute(
  File "/users/azibaeir/Research/VulnLLMEval-SANER/utils/database.py", line 53, in execute
    result = self.cursor.execute(query, params)
sqlite3.OperationalError: database is locked

2025-10-03 12:03:56,532 - job_gemini_database_1759504776 - ERROR - Error processing commit 0ddcff49b672239dda94d70d0fcf50317a9f4b51 for task rank_cwe: database is locked
2025-10-03 12:03:56,532 - job_gemini_database_1759504776 - ERROR - Traceback (most recent call last):
  File "/users/azibaeir/Research/VulnLLMEval-SANER/models/llm_manager.py", line 1393, in rank_cwe
    self.db.execute(
  File "/users/azibaeir/Research/VulnLLMEval-SANER/utils/database.py", line 53, in execute
    result = self.cursor.execute(query, params)
sqlite3.OperationalError: database is locked

During handling of the above exception, another exception occurred:

Traceback (most recent call last):
  File "/users/azibaeir/Research/VulnLLMEval-SANER/scheduler/job_scheduler.py", line 338, in run_job
    self._execute_task(evaluator, task, commit_hash, db_file)
  File "/users/azibaeir/Research/VulnLLMEval-SANER/scheduler/job_scheduler.py", line 444, in _execute_task
    evaluator.rank_cwe(commit_hash, vuln_code)
  File "/users/azibaeir/Research/VulnLLMEval-SANER/models/llm_manager.py", line 1404, in rank_cwe
    self.db.execute(
  File "/users/azibaeir/Research/VulnLLMEval-SANER/utils/database.py", line 53, in execute
    result = self.cursor.execute(query, params)
sqlite3.OperationalError: database is locked

2025-10-03 12:04:07,325 - job_gemini_database_1759504776 - ERROR - Error processing commit 4a491b1ab11ca0556d2fda1ff1301e862a2d44c4 for task rank_cwe: database is locked
2025-10-03 12:04:07,325 - job_gemini_database_1759504776 - ERROR - Traceback (most recent call last):
  File "/users/azibaeir/Research/VulnLLMEval-SANER/models/llm_manager.py", line 1393, in rank_cwe
    self.db.execute(
  File "/users/azibaeir/Research/VulnLLMEval-SANER/utils/database.py", line 53, in execute
    result = self.cursor.execute(query, params)
sqlite3.OperationalError: database is locked

During handling of the above exception, another exception occurred:

Traceback (most recent call last):
  File "/users/azibaeir/Research/VulnLLMEval-SANER/scheduler/job_scheduler.py", line 338, in run_job
    self._execute_task(evaluator, task, commit_hash, db_file)
  File "/users/azibaeir/Research/VulnLLMEval-SANER/scheduler/job_scheduler.py", line 444, in _execute_task
    evaluator.rank_cwe(commit_hash, vuln_code)
  File "/users/azibaeir/Research/VulnLLMEval-SANER/models/llm_manager.py", line 1404, in rank_cwe
    self.db.execute(
  File "/users/azibaeir/Research/VulnLLMEval-SANER/utils/database.py", line 53, in execute
    result = self.cursor.execute(query, params)
sqlite3.OperationalError: database is locked

2025-10-03 12:04:18,145 - job_gemini_database_1759504776 - ERROR - Error processing commit 385aee965b4e4c36551c362a334378d2985b722a for task rank_cwe: database is locked
2025-10-03 12:04:18,145 - job_gemini_database_1759504776 - ERROR - Traceback (most recent call last):
  File "/users/azibaeir/Research/VulnLLMEval-SANER/models/llm_manager.py", line 1393, in rank_cwe
    self.db.execute(
  File "/users/azibaeir/Research/VulnLLMEval-SANER/utils/database.py", line 53, in execute
    result = self.cursor.execute(query, params)
sqlite3.OperationalError: database is locked

During handling of the above exception, another exception occurred:

Traceback (most recent call last):
  File "/users/azibaeir/Research/VulnLLMEval-SANER/scheduler/job_scheduler.py", line 338, in run_job
    self._execute_task(evaluator, task, commit_hash, db_file)
  File "/users/azibaeir/Research/VulnLLMEval-SANER/scheduler/job_scheduler.py", line 444, in _execute_task
    evaluator.rank_cwe(commit_hash, vuln_code)
  File "/users/azibaeir/Research/VulnLLMEval-SANER/models/llm_manager.py", line 1404, in rank_cwe
    self.db.execute(
  File "/users/azibaeir/Research/VulnLLMEval-SANER/utils/database.py", line 53, in execute
    result = self.cursor.execute(query, params)
sqlite3.OperationalError: database is locked

2025-10-03 12:04:28,948 - job_gemini_database_1759504776 - ERROR - Error processing commit 8ba69ba6a324b13e1190fc31e41954d190fd4f1d for task rank_cwe: database is locked
2025-10-03 12:04:28,949 - job_gemini_database_1759504776 - ERROR - Traceback (most recent call last):
  File "/users/azibaeir/Research/VulnLLMEval-SANER/models/llm_manager.py", line 1393, in rank_cwe
    self.db.execute(
  File "/users/azibaeir/Research/VulnLLMEval-SANER/utils/database.py", line 53, in execute
    result = self.cursor.execute(query, params)
sqlite3.OperationalError: database is locked

During handling of the above exception, another exception occurred:

Traceback (most recent call last):
  File "/users/azibaeir/Research/VulnLLMEval-SANER/scheduler/job_scheduler.py", line 338, in run_job
    self._execute_task(evaluator, task, commit_hash, db_file)
  File "/users/azibaeir/Research/VulnLLMEval-SANER/scheduler/job_scheduler.py", line 444, in _execute_task
    evaluator.rank_cwe(commit_hash, vuln_code)
  File "/users/azibaeir/Research/VulnLLMEval-SANER/models/llm_manager.py", line 1404, in rank_cwe
    self.db.execute(
  File "/users/azibaeir/Research/VulnLLMEval-SANER/utils/database.py", line 53, in execute
    result = self.cursor.execute(query, params)
sqlite3.OperationalError: database is locked

2025-10-03 12:04:39,708 - job_gemini_database_1759504776 - ERROR - Error processing commit cefa91b2332d7009bc0be5d951d6cbbf349f90f8 for task rank_cwe: database is locked
2025-10-03 12:04:39,708 - job_gemini_database_1759504776 - ERROR - Traceback (most recent call last):
  File "/users/azibaeir/Research/VulnLLMEval-SANER/models/llm_manager.py", line 1393, in rank_cwe
    self.db.execute(
  File "/users/azibaeir/Research/VulnLLMEval-SANER/utils/database.py", line 53, in execute
    result = self.cursor.execute(query, params)
sqlite3.OperationalError: database is locked

During handling of the above exception, another exception occurred:

Traceback (most recent call last):
  File "/users/azibaeir/Research/VulnLLMEval-SANER/scheduler/job_scheduler.py", line 338, in run_job
    self._execute_task(evaluator, task, commit_hash, db_file)
  File "/users/azibaeir/Research/VulnLLMEval-SANER/scheduler/job_scheduler.py", line 444, in _execute_task
    evaluator.rank_cwe(commit_hash, vuln_code)
  File "/users/azibaeir/Research/VulnLLMEval-SANER/models/llm_manager.py", line 1404, in rank_cwe
    self.db.execute(
  File "/users/azibaeir/Research/VulnLLMEval-SANER/utils/database.py", line 53, in execute
    result = self.cursor.execute(query, params)
sqlite3.OperationalError: database is locked

2025-10-03 12:04:50,791 - job_gemini_database_1759504776 - ERROR - Error processing commit 9b00f1b78809309163dda2d044d9e94a3c0248a3 for task rank_cwe: database is locked
2025-10-03 12:04:50,791 - job_gemini_database_1759504776 - ERROR - Traceback (most recent call last):
  File "/users/azibaeir/Research/VulnLLMEval-SANER/models/llm_manager.py", line 1393, in rank_cwe
    self.db.execute(
  File "/users/azibaeir/Research/VulnLLMEval-SANER/utils/database.py", line 53, in execute
    result = self.cursor.execute(query, params)
sqlite3.OperationalError: database is locked

During handling of the above exception, another exception occurred:

Traceback (most recent call last):
  File "/users/azibaeir/Research/VulnLLMEval-SANER/scheduler/job_scheduler.py", line 338, in run_job
    self._execute_task(evaluator, task, commit_hash, db_file)
  File "/users/azibaeir/Research/VulnLLMEval-SANER/scheduler/job_scheduler.py", line 444, in _execute_task
    evaluator.rank_cwe(commit_hash, vuln_code)
  File "/users/azibaeir/Research/VulnLLMEval-SANER/models/llm_manager.py", line 1404, in rank_cwe
    self.db.execute(
  File "/users/azibaeir/Research/VulnLLMEval-SANER/utils/database.py", line 53, in execute
    result = self.cursor.execute(query, params)
sqlite3.OperationalError: database is locked

2025-10-03 12:05:02,070 - job_gemini_database_1759504776 - ERROR - Error processing commit 34816d20f173a90389c8a7e641166d8ea9dce70a for task rank_cwe: database is locked
2025-10-03 12:05:02,071 - job_gemini_database_1759504776 - ERROR - Traceback (most recent call last):
  File "/users/azibaeir/Research/VulnLLMEval-SANER/models/llm_manager.py", line 1393, in rank_cwe
    self.db.execute(
  File "/users/azibaeir/Research/VulnLLMEval-SANER/utils/database.py", line 53, in execute
    result = self.cursor.execute(query, params)
sqlite3.OperationalError: database is locked

During handling of the above exception, another exception occurred:

Traceback (most recent call last):
  File "/users/azibaeir/Research/VulnLLMEval-SANER/scheduler/job_scheduler.py", line 338, in run_job
    self._execute_task(evaluator, task, commit_hash, db_file)
  File "/users/azibaeir/Research/VulnLLMEval-SANER/scheduler/job_scheduler.py", line 444, in _execute_task
    evaluator.rank_cwe(commit_hash, vuln_code)
  File "/users/azibaeir/Research/VulnLLMEval-SANER/models/llm_manager.py", line 1404, in rank_cwe
    self.db.execute(
  File "/users/azibaeir/Research/VulnLLMEval-SANER/utils/database.py", line 53, in execute
    result = self.cursor.execute(query, params)
sqlite3.OperationalError: database is locked

2025-10-03 12:05:12,898 - job_gemini_database_1759504776 - ERROR - Error processing commit 4f134b89a24b965991e7c345b9a4591821f7c2a6 for task rank_cwe: database is locked
2025-10-03 12:05:12,898 - job_gemini_database_1759504776 - ERROR - Traceback (most recent call last):
  File "/users/azibaeir/Research/VulnLLMEval-SANER/models/llm_manager.py", line 1393, in rank_cwe
    self.db.execute(
  File "/users/azibaeir/Research/VulnLLMEval-SANER/utils/database.py", line 53, in execute
    result = self.cursor.execute(query, params)
sqlite3.OperationalError: database is locked

During handling of the above exception, another exception occurred:

Traceback (most recent call last):
  File "/users/azibaeir/Research/VulnLLMEval-SANER/scheduler/job_scheduler.py", line 338, in run_job
    self._execute_task(evaluator, task, commit_hash, db_file)
  File "/users/azibaeir/Research/VulnLLMEval-SANER/scheduler/job_scheduler.py", line 444, in _execute_task
    evaluator.rank_cwe(commit_hash, vuln_code)
  File "/users/azibaeir/Research/VulnLLMEval-SANER/models/llm_manager.py", line 1404, in rank_cwe
    self.db.execute(
  File "/users/azibaeir/Research/VulnLLMEval-SANER/utils/database.py", line 53, in execute
    result = self.cursor.execute(query, params)
sqlite3.OperationalError: database is locked

2025-10-03 12:05:23,743 - job_gemini_database_1759504776 - ERROR - Error processing commit 5b9fbeb75b6a98955f628e205ac26689bcb1383e for task rank_cwe: database is locked
2025-10-03 12:05:23,743 - job_gemini_database_1759504776 - ERROR - Traceback (most recent call last):
  File "/users/azibaeir/Research/VulnLLMEval-SANER/models/llm_manager.py", line 1393, in rank_cwe
    self.db.execute(
  File "/users/azibaeir/Research/VulnLLMEval-SANER/utils/database.py", line 53, in execute
    result = self.cursor.execute(query, params)
sqlite3.OperationalError: database is locked

During handling of the above exception, another exception occurred:

Traceback (most recent call last):
  File "/users/azibaeir/Research/VulnLLMEval-SANER/scheduler/job_scheduler.py", line 338, in run_job
    self._execute_task(evaluator, task, commit_hash, db_file)
  File "/users/azibaeir/Research/VulnLLMEval-SANER/scheduler/job_scheduler.py", line 444, in _execute_task
    evaluator.rank_cwe(commit_hash, vuln_code)
  File "/users/azibaeir/Research/VulnLLMEval-SANER/models/llm_manager.py", line 1404, in rank_cwe
    self.db.execute(
  File "/users/azibaeir/Research/VulnLLMEval-SANER/utils/database.py", line 53, in execute
    result = self.cursor.execute(query, params)
sqlite3.OperationalError: database is locked

2025-10-03 12:05:34,544 - job_gemini_database_1759504776 - ERROR - Error processing commit f50733b45d865f91db90919f8311e2127ce5a0cb for task rank_cwe: database is locked
2025-10-03 12:05:34,545 - job_gemini_database_1759504776 - ERROR - Traceback (most recent call last):
  File "/users/azibaeir/Research/VulnLLMEval-SANER/models/llm_manager.py", line 1393, in rank_cwe
    self.db.execute(
  File "/users/azibaeir/Research/VulnLLMEval-SANER/utils/database.py", line 53, in execute
    result = self.cursor.execute(query, params)
sqlite3.OperationalError: database is locked

During handling of the above exception, another exception occurred:

Traceback (most recent call last):
  File "/users/azibaeir/Research/VulnLLMEval-SANER/scheduler/job_scheduler.py", line 338, in run_job
    self._execute_task(evaluator, task, commit_hash, db_file)
  File "/users/azibaeir/Research/VulnLLMEval-SANER/scheduler/job_scheduler.py", line 444, in _execute_task
    evaluator.rank_cwe(commit_hash, vuln_code)
  File "/users/azibaeir/Research/VulnLLMEval-SANER/models/llm_manager.py", line 1404, in rank_cwe
    self.db.execute(
  File "/users/azibaeir/Research/VulnLLMEval-SANER/utils/database.py", line 53, in execute
    result = self.cursor.execute(query, params)
sqlite3.OperationalError: database is locked

2025-10-03 12:05:45,390 - job_gemini_database_1759504776 - ERROR - Error processing commit da5c0f119203ad9728920456a0f52a6d850c01cd for task rank_cwe: database is locked
2025-10-03 12:05:45,390 - job_gemini_database_1759504776 - ERROR - Traceback (most recent call last):
  File "/users/azibaeir/Research/VulnLLMEval-SANER/models/llm_manager.py", line 1393, in rank_cwe
    self.db.execute(
  File "/users/azibaeir/Research/VulnLLMEval-SANER/utils/database.py", line 53, in execute
    result = self.cursor.execute(query, params)
sqlite3.OperationalError: database is locked

During handling of the above exception, another exception occurred:

Traceback (most recent call last):
  File "/users/azibaeir/Research/VulnLLMEval-SANER/scheduler/job_scheduler.py", line 338, in run_job
    self._execute_task(evaluator, task, commit_hash, db_file)
  File "/users/azibaeir/Research/VulnLLMEval-SANER/scheduler/job_scheduler.py", line 444, in _execute_task
    evaluator.rank_cwe(commit_hash, vuln_code)
  File "/users/azibaeir/Research/VulnLLMEval-SANER/models/llm_manager.py", line 1404, in rank_cwe
    self.db.execute(
  File "/users/azibaeir/Research/VulnLLMEval-SANER/utils/database.py", line 53, in execute
    result = self.cursor.execute(query, params)
sqlite3.OperationalError: database is locked

2025-10-03 12:05:56,327 - job_gemini_database_1759504776 - ERROR - Error processing commit 353050be4c19e102178ccc05988101887c25ae53 for task rank_cwe: database is locked
2025-10-03 12:05:56,327 - job_gemini_database_1759504776 - ERROR - Traceback (most recent call last):
  File "/users/azibaeir/Research/VulnLLMEval-SANER/models/llm_manager.py", line 1393, in rank_cwe
    self.db.execute(
  File "/users/azibaeir/Research/VulnLLMEval-SANER/utils/database.py", line 53, in execute
    result = self.cursor.execute(query, params)
sqlite3.OperationalError: database is locked

During handling of the above exception, another exception occurred:

Traceback (most recent call last):
  File "/users/azibaeir/Research/VulnLLMEval-SANER/scheduler/job_scheduler.py", line 338, in run_job
    self._execute_task(evaluator, task, commit_hash, db_file)
  File "/users/azibaeir/Research/VulnLLMEval-SANER/scheduler/job_scheduler.py", line 444, in _execute_task
    evaluator.rank_cwe(commit_hash, vuln_code)
  File "/users/azibaeir/Research/VulnLLMEval-SANER/models/llm_manager.py", line 1404, in rank_cwe
    self.db.execute(
  File "/users/azibaeir/Research/VulnLLMEval-SANER/utils/database.py", line 53, in execute
    result = self.cursor.execute(query, params)
sqlite3.OperationalError: database is locked

2025-10-03 12:06:07,285 - job_gemini_database_1759504776 - ERROR - Error processing commit a58d9166a756a0f4a6618e4f593232593d6df134 for task rank_cwe: database is locked
2025-10-03 12:06:07,285 - job_gemini_database_1759504776 - ERROR - Traceback (most recent call last):
  File "/users/azibaeir/Research/VulnLLMEval-SANER/models/llm_manager.py", line 1393, in rank_cwe
    self.db.execute(
  File "/users/azibaeir/Research/VulnLLMEval-SANER/utils/database.py", line 53, in execute
    result = self.cursor.execute(query, params)
sqlite3.OperationalError: database is locked

During handling of the above exception, another exception occurred:

Traceback (most recent call last):
  File "/users/azibaeir/Research/VulnLLMEval-SANER/scheduler/job_scheduler.py", line 338, in run_job
    self._execute_task(evaluator, task, commit_hash, db_file)
  File "/users/azibaeir/Research/VulnLLMEval-SANER/scheduler/job_scheduler.py", line 444, in _execute_task
    evaluator.rank_cwe(commit_hash, vuln_code)
  File "/users/azibaeir/Research/VulnLLMEval-SANER/models/llm_manager.py", line 1404, in rank_cwe
    self.db.execute(
  File "/users/azibaeir/Research/VulnLLMEval-SANER/utils/database.py", line 53, in execute
    result = self.cursor.execute(query, params)
sqlite3.OperationalError: database is locked

2025-10-03 12:06:18,110 - job_gemini_database_1759504776 - ERROR - Error processing commit d474f96104bd4377573526ebae2ee212205a6839 for task rank_cwe: database is locked
2025-10-03 12:06:18,110 - job_gemini_database_1759504776 - ERROR - Traceback (most recent call last):
  File "/users/azibaeir/Research/VulnLLMEval-SANER/models/llm_manager.py", line 1393, in rank_cwe
    self.db.execute(
  File "/users/azibaeir/Research/VulnLLMEval-SANER/utils/database.py", line 53, in execute
    result = self.cursor.execute(query, params)
sqlite3.OperationalError: database is locked

During handling of the above exception, another exception occurred:

Traceback (most recent call last):
  File "/users/azibaeir/Research/VulnLLMEval-SANER/scheduler/job_scheduler.py", line 338, in run_job
    self._execute_task(evaluator, task, commit_hash, db_file)
  File "/users/azibaeir/Research/VulnLLMEval-SANER/scheduler/job_scheduler.py", line 444, in _execute_task
    evaluator.rank_cwe(commit_hash, vuln_code)
  File "/users/azibaeir/Research/VulnLLMEval-SANER/models/llm_manager.py", line 1404, in rank_cwe
    self.db.execute(
  File "/users/azibaeir/Research/VulnLLMEval-SANER/utils/database.py", line 53, in execute
    result = self.cursor.execute(query, params)
sqlite3.OperationalError: database is locked

2025-10-03 12:06:28,851 - job_gemini_database_1759504776 - ERROR - Error processing commit e572ff80f05c33cd0cb4860f864f5c9c044280b6 for task rank_cwe: database is locked
2025-10-03 12:06:28,851 - job_gemini_database_1759504776 - ERROR - Traceback (most recent call last):
  File "/users/azibaeir/Research/VulnLLMEval-SANER/models/llm_manager.py", line 1393, in rank_cwe
    self.db.execute(
  File "/users/azibaeir/Research/VulnLLMEval-SANER/utils/database.py", line 53, in execute
    result = self.cursor.execute(query, params)
sqlite3.OperationalError: database is locked

During handling of the above exception, another exception occurred:

Traceback (most recent call last):
  File "/users/azibaeir/Research/VulnLLMEval-SANER/scheduler/job_scheduler.py", line 338, in run_job
    self._execute_task(evaluator, task, commit_hash, db_file)
  File "/users/azibaeir/Research/VulnLLMEval-SANER/scheduler/job_scheduler.py", line 444, in _execute_task
    evaluator.rank_cwe(commit_hash, vuln_code)
  File "/users/azibaeir/Research/VulnLLMEval-SANER/models/llm_manager.py", line 1404, in rank_cwe
    self.db.execute(
  File "/users/azibaeir/Research/VulnLLMEval-SANER/utils/database.py", line 53, in execute
    result = self.cursor.execute(query, params)
sqlite3.OperationalError: database is locked

2025-10-03 12:06:39,604 - job_gemini_database_1759504776 - ERROR - Error processing commit ebb3f994dd92f8fb4d70c7541091216c1e10cb71 for task rank_cwe: database is locked
2025-10-03 12:06:39,605 - job_gemini_database_1759504776 - ERROR - Traceback (most recent call last):
  File "/users/azibaeir/Research/VulnLLMEval-SANER/models/llm_manager.py", line 1393, in rank_cwe
    self.db.execute(
  File "/users/azibaeir/Research/VulnLLMEval-SANER/utils/database.py", line 53, in execute
    result = self.cursor.execute(query, params)
sqlite3.OperationalError: database is locked

During handling of the above exception, another exception occurred:

Traceback (most recent call last):
  File "/users/azibaeir/Research/VulnLLMEval-SANER/scheduler/job_scheduler.py", line 338, in run_job
    self._execute_task(evaluator, task, commit_hash, db_file)
  File "/users/azibaeir/Research/VulnLLMEval-SANER/scheduler/job_scheduler.py", line 444, in _execute_task
    evaluator.rank_cwe(commit_hash, vuln_code)
  File "/users/azibaeir/Research/VulnLLMEval-SANER/models/llm_manager.py", line 1404, in rank_cwe
    self.db.execute(
  File "/users/azibaeir/Research/VulnLLMEval-SANER/utils/database.py", line 53, in execute
    result = self.cursor.execute(query, params)
sqlite3.OperationalError: database is locked

2025-10-03 12:06:50,593 - job_gemini_database_1759504776 - ERROR - Error processing commit 0d62e9dd6da45bbf0f33a8617afc5fe774c8f45f for task rank_cwe: database is locked
2025-10-03 12:06:50,593 - job_gemini_database_1759504776 - ERROR - Traceback (most recent call last):
  File "/users/azibaeir/Research/VulnLLMEval-SANER/models/llm_manager.py", line 1393, in rank_cwe
    self.db.execute(
  File "/users/azibaeir/Research/VulnLLMEval-SANER/utils/database.py", line 53, in execute
    result = self.cursor.execute(query, params)
sqlite3.OperationalError: database is locked

During handling of the above exception, another exception occurred:

Traceback (most recent call last):
  File "/users/azibaeir/Research/VulnLLMEval-SANER/scheduler/job_scheduler.py", line 338, in run_job
    self._execute_task(evaluator, task, commit_hash, db_file)
  File "/users/azibaeir/Research/VulnLLMEval-SANER/scheduler/job_scheduler.py", line 444, in _execute_task
    evaluator.rank_cwe(commit_hash, vuln_code)
  File "/users/azibaeir/Research/VulnLLMEval-SANER/models/llm_manager.py", line 1404, in rank_cwe
    self.db.execute(
  File "/users/azibaeir/Research/VulnLLMEval-SANER/utils/database.py", line 53, in execute
    result = self.cursor.execute(query, params)
sqlite3.OperationalError: database is locked

2025-10-03 12:07:01,445 - job_gemini_database_1759504776 - ERROR - Error processing commit 95ee62083cb6453e056562d91f597552021e6ae7 for task rank_cwe: database is locked
2025-10-03 12:07:01,445 - job_gemini_database_1759504776 - ERROR - Traceback (most recent call last):
  File "/users/azibaeir/Research/VulnLLMEval-SANER/models/llm_manager.py", line 1393, in rank_cwe
    self.db.execute(
  File "/users/azibaeir/Research/VulnLLMEval-SANER/utils/database.py", line 53, in execute
    result = self.cursor.execute(query, params)
sqlite3.OperationalError: database is locked

During handling of the above exception, another exception occurred:

Traceback (most recent call last):
  File "/users/azibaeir/Research/VulnLLMEval-SANER/scheduler/job_scheduler.py", line 338, in run_job
    self._execute_task(evaluator, task, commit_hash, db_file)
  File "/users/azibaeir/Research/VulnLLMEval-SANER/scheduler/job_scheduler.py", line 444, in _execute_task
    evaluator.rank_cwe(commit_hash, vuln_code)
  File "/users/azibaeir/Research/VulnLLMEval-SANER/models/llm_manager.py", line 1404, in rank_cwe
    self.db.execute(
  File "/users/azibaeir/Research/VulnLLMEval-SANER/utils/database.py", line 53, in execute
    result = self.cursor.execute(query, params)
sqlite3.OperationalError: database is locked

2025-10-03 12:07:12,375 - job_gemini_database_1759504776 - ERROR - Error processing commit 9a5467bf7b6e9e02ec9c3da4e23747c05faeaac6 for task rank_cwe: database is locked
2025-10-03 12:07:12,375 - job_gemini_database_1759504776 - ERROR - Traceback (most recent call last):
  File "/users/azibaeir/Research/VulnLLMEval-SANER/models/llm_manager.py", line 1393, in rank_cwe
    self.db.execute(
  File "/users/azibaeir/Research/VulnLLMEval-SANER/utils/database.py", line 53, in execute
    result = self.cursor.execute(query, params)
sqlite3.OperationalError: database is locked

During handling of the above exception, another exception occurred:

Traceback (most recent call last):
  File "/users/azibaeir/Research/VulnLLMEval-SANER/scheduler/job_scheduler.py", line 338, in run_job
    self._execute_task(evaluator, task, commit_hash, db_file)
  File "/users/azibaeir/Research/VulnLLMEval-SANER/scheduler/job_scheduler.py", line 444, in _execute_task
    evaluator.rank_cwe(commit_hash, vuln_code)
  File "/users/azibaeir/Research/VulnLLMEval-SANER/models/llm_manager.py", line 1404, in rank_cwe
    self.db.execute(
  File "/users/azibaeir/Research/VulnLLMEval-SANER/utils/database.py", line 53, in execute
    result = self.cursor.execute(query, params)
sqlite3.OperationalError: database is locked

2025-10-03 12:07:23,250 - job_gemini_database_1759504776 - ERROR - Error processing commit 9c52057c698fb96f8f07e7a4bcf4801a092bda89 for task rank_cwe: database is locked
2025-10-03 12:07:23,250 - job_gemini_database_1759504776 - ERROR - Traceback (most recent call last):
  File "/users/azibaeir/Research/VulnLLMEval-SANER/models/llm_manager.py", line 1393, in rank_cwe
    self.db.execute(
  File "/users/azibaeir/Research/VulnLLMEval-SANER/utils/database.py", line 53, in execute
    result = self.cursor.execute(query, params)
sqlite3.OperationalError: database is locked

During handling of the above exception, another exception occurred:

Traceback (most recent call last):
  File "/users/azibaeir/Research/VulnLLMEval-SANER/scheduler/job_scheduler.py", line 338, in run_job
    self._execute_task(evaluator, task, commit_hash, db_file)
  File "/users/azibaeir/Research/VulnLLMEval-SANER/scheduler/job_scheduler.py", line 444, in _execute_task
    evaluator.rank_cwe(commit_hash, vuln_code)
  File "/users/azibaeir/Research/VulnLLMEval-SANER/models/llm_manager.py", line 1404, in rank_cwe
    self.db.execute(
  File "/users/azibaeir/Research/VulnLLMEval-SANER/utils/database.py", line 53, in execute
    result = self.cursor.execute(query, params)
sqlite3.OperationalError: database is locked

2025-10-03 12:07:34,017 - job_gemini_database_1759504776 - ERROR - Error processing commit 21279cfa107af07ef985539ac0de2152b9cba5f5 for task rank_cwe: database is locked
2025-10-03 12:07:34,017 - job_gemini_database_1759504776 - ERROR - Traceback (most recent call last):
  File "/users/azibaeir/Research/VulnLLMEval-SANER/models/llm_manager.py", line 1393, in rank_cwe
    self.db.execute(
  File "/users/azibaeir/Research/VulnLLMEval-SANER/utils/database.py", line 53, in execute
    result = self.cursor.execute(query, params)
sqlite3.OperationalError: database is locked

During handling of the above exception, another exception occurred:

Traceback (most recent call last):
  File "/users/azibaeir/Research/VulnLLMEval-SANER/scheduler/job_scheduler.py", line 338, in run_job
    self._execute_task(evaluator, task, commit_hash, db_file)
  File "/users/azibaeir/Research/VulnLLMEval-SANER/scheduler/job_scheduler.py", line 444, in _execute_task
    evaluator.rank_cwe(commit_hash, vuln_code)
  File "/users/azibaeir/Research/VulnLLMEval-SANER/models/llm_manager.py", line 1404, in rank_cwe
    self.db.execute(
  File "/users/azibaeir/Research/VulnLLMEval-SANER/utils/database.py", line 53, in execute
    result = self.cursor.execute(query, params)
sqlite3.OperationalError: database is locked

2025-10-03 12:07:44,883 - job_gemini_database_1759504776 - ERROR - Error processing commit e569eb34970281438e2b48a3ef11c87459fcfbcb for task rank_cwe: database is locked
2025-10-03 12:07:44,884 - job_gemini_database_1759504776 - ERROR - Traceback (most recent call last):
  File "/users/azibaeir/Research/VulnLLMEval-SANER/models/llm_manager.py", line 1393, in rank_cwe
    self.db.execute(
  File "/users/azibaeir/Research/VulnLLMEval-SANER/utils/database.py", line 53, in execute
    result = self.cursor.execute(query, params)
sqlite3.OperationalError: database is locked

During handling of the above exception, another exception occurred:

Traceback (most recent call last):
  File "/users/azibaeir/Research/VulnLLMEval-SANER/scheduler/job_scheduler.py", line 338, in run_job
    self._execute_task(evaluator, task, commit_hash, db_file)
  File "/users/azibaeir/Research/VulnLLMEval-SANER/scheduler/job_scheduler.py", line 444, in _execute_task
    evaluator.rank_cwe(commit_hash, vuln_code)
  File "/users/azibaeir/Research/VulnLLMEval-SANER/models/llm_manager.py", line 1404, in rank_cwe
    self.db.execute(
  File "/users/azibaeir/Research/VulnLLMEval-SANER/utils/database.py", line 53, in execute
    result = self.cursor.execute(query, params)
sqlite3.OperationalError: database is locked

2025-10-03 12:07:55,656 - job_gemini_database_1759504776 - ERROR - Error processing commit fa96c6baef1b5385e2f0c0677b32b3839e716076 for task rank_cwe: database is locked
2025-10-03 12:07:55,656 - job_gemini_database_1759504776 - ERROR - Traceback (most recent call last):
  File "/users/azibaeir/Research/VulnLLMEval-SANER/models/llm_manager.py", line 1393, in rank_cwe
    self.db.execute(
  File "/users/azibaeir/Research/VulnLLMEval-SANER/utils/database.py", line 53, in execute
    result = self.cursor.execute(query, params)
sqlite3.OperationalError: database is locked

During handling of the above exception, another exception occurred:

Traceback (most recent call last):
  File "/users/azibaeir/Research/VulnLLMEval-SANER/scheduler/job_scheduler.py", line 338, in run_job
    self._execute_task(evaluator, task, commit_hash, db_file)
  File "/users/azibaeir/Research/VulnLLMEval-SANER/scheduler/job_scheduler.py", line 444, in _execute_task
    evaluator.rank_cwe(commit_hash, vuln_code)
  File "/users/azibaeir/Research/VulnLLMEval-SANER/models/llm_manager.py", line 1404, in rank_cwe
    self.db.execute(
  File "/users/azibaeir/Research/VulnLLMEval-SANER/utils/database.py", line 53, in execute
    result = self.cursor.execute(query, params)
sqlite3.OperationalError: database is locked

2025-10-03 12:08:06,594 - job_gemini_database_1759504776 - ERROR - Error processing commit ef87dbe7614341c2e7bfe8d32fcb7028cc97442c for task rank_cwe: database is locked
2025-10-03 12:08:06,595 - job_gemini_database_1759504776 - ERROR - Traceback (most recent call last):
  File "/users/azibaeir/Research/VulnLLMEval-SANER/models/llm_manager.py", line 1393, in rank_cwe
    self.db.execute(
  File "/users/azibaeir/Research/VulnLLMEval-SANER/utils/database.py", line 53, in execute
    result = self.cursor.execute(query, params)
sqlite3.OperationalError: database is locked

During handling of the above exception, another exception occurred:

Traceback (most recent call last):
  File "/users/azibaeir/Research/VulnLLMEval-SANER/scheduler/job_scheduler.py", line 338, in run_job
    self._execute_task(evaluator, task, commit_hash, db_file)
  File "/users/azibaeir/Research/VulnLLMEval-SANER/scheduler/job_scheduler.py", line 444, in _execute_task
    evaluator.rank_cwe(commit_hash, vuln_code)
  File "/users/azibaeir/Research/VulnLLMEval-SANER/models/llm_manager.py", line 1404, in rank_cwe
    self.db.execute(
  File "/users/azibaeir/Research/VulnLLMEval-SANER/utils/database.py", line 53, in execute
    result = self.cursor.execute(query, params)
sqlite3.OperationalError: database is locked

2025-10-03 12:08:17,418 - job_gemini_database_1759504776 - ERROR - Error processing commit 9571f829f30a89b888ec4c3a72f5a04573f0e058 for task rank_cwe: database is locked
2025-10-03 12:08:17,418 - job_gemini_database_1759504776 - ERROR - Traceback (most recent call last):
  File "/users/azibaeir/Research/VulnLLMEval-SANER/models/llm_manager.py", line 1393, in rank_cwe
    self.db.execute(
  File "/users/azibaeir/Research/VulnLLMEval-SANER/utils/database.py", line 53, in execute
    result = self.cursor.execute(query, params)
sqlite3.OperationalError: database is locked

During handling of the above exception, another exception occurred:

Traceback (most recent call last):
  File "/users/azibaeir/Research/VulnLLMEval-SANER/scheduler/job_scheduler.py", line 338, in run_job
    self._execute_task(evaluator, task, commit_hash, db_file)
  File "/users/azibaeir/Research/VulnLLMEval-SANER/scheduler/job_scheduler.py", line 444, in _execute_task
    evaluator.rank_cwe(commit_hash, vuln_code)
  File "/users/azibaeir/Research/VulnLLMEval-SANER/models/llm_manager.py", line 1404, in rank_cwe
    self.db.execute(
  File "/users/azibaeir/Research/VulnLLMEval-SANER/utils/database.py", line 53, in execute
    result = self.cursor.execute(query, params)
sqlite3.OperationalError: database is locked

2025-10-03 12:08:28,219 - job_gemini_database_1759504776 - ERROR - Error processing commit 3e493173b7841259a08c5c8e5cbe90adb349da7e for task rank_cwe: database is locked
2025-10-03 12:08:28,219 - job_gemini_database_1759504776 - ERROR - Traceback (most recent call last):
  File "/users/azibaeir/Research/VulnLLMEval-SANER/models/llm_manager.py", line 1393, in rank_cwe
    self.db.execute(
  File "/users/azibaeir/Research/VulnLLMEval-SANER/utils/database.py", line 53, in execute
    result = self.cursor.execute(query, params)
sqlite3.OperationalError: database is locked

During handling of the above exception, another exception occurred:

Traceback (most recent call last):
  File "/users/azibaeir/Research/VulnLLMEval-SANER/scheduler/job_scheduler.py", line 338, in run_job
    self._execute_task(evaluator, task, commit_hash, db_file)
  File "/users/azibaeir/Research/VulnLLMEval-SANER/scheduler/job_scheduler.py", line 444, in _execute_task
    evaluator.rank_cwe(commit_hash, vuln_code)
  File "/users/azibaeir/Research/VulnLLMEval-SANER/models/llm_manager.py", line 1404, in rank_cwe
    self.db.execute(
  File "/users/azibaeir/Research/VulnLLMEval-SANER/utils/database.py", line 53, in execute
    result = self.cursor.execute(query, params)
sqlite3.OperationalError: database is locked

2025-10-03 12:08:38,979 - job_gemini_database_1759504776 - ERROR - Error processing commit e0e3cea46d31d23dc40df0a49a7a2c04fe8edfea for task rank_cwe: database is locked
2025-10-03 12:08:38,979 - job_gemini_database_1759504776 - ERROR - Traceback (most recent call last):
  File "/users/azibaeir/Research/VulnLLMEval-SANER/models/llm_manager.py", line 1393, in rank_cwe
    self.db.execute(
  File "/users/azibaeir/Research/VulnLLMEval-SANER/utils/database.py", line 53, in execute
    result = self.cursor.execute(query, params)
sqlite3.OperationalError: database is locked

During handling of the above exception, another exception occurred:

Traceback (most recent call last):
  File "/users/azibaeir/Research/VulnLLMEval-SANER/scheduler/job_scheduler.py", line 338, in run_job
    self._execute_task(evaluator, task, commit_hash, db_file)
  File "/users/azibaeir/Research/VulnLLMEval-SANER/scheduler/job_scheduler.py", line 444, in _execute_task
    evaluator.rank_cwe(commit_hash, vuln_code)
  File "/users/azibaeir/Research/VulnLLMEval-SANER/models/llm_manager.py", line 1404, in rank_cwe
    self.db.execute(
  File "/users/azibaeir/Research/VulnLLMEval-SANER/utils/database.py", line 53, in execute
    result = self.cursor.execute(query, params)
sqlite3.OperationalError: database is locked

2025-10-03 12:08:49,955 - job_gemini_database_1759504776 - ERROR - Error processing commit add52379dde2e5300e2d574b172e62c6cf43b3d3 for task rank_cwe: database is locked
2025-10-03 12:08:49,955 - job_gemini_database_1759504776 - ERROR - Traceback (most recent call last):
  File "/users/azibaeir/Research/VulnLLMEval-SANER/models/llm_manager.py", line 1393, in rank_cwe
    self.db.execute(
  File "/users/azibaeir/Research/VulnLLMEval-SANER/utils/database.py", line 53, in execute
    result = self.cursor.execute(query, params)
sqlite3.OperationalError: database is locked

During handling of the above exception, another exception occurred:

Traceback (most recent call last):
  File "/users/azibaeir/Research/VulnLLMEval-SANER/scheduler/job_scheduler.py", line 338, in run_job
    self._execute_task(evaluator, task, commit_hash, db_file)
  File "/users/azibaeir/Research/VulnLLMEval-SANER/scheduler/job_scheduler.py", line 444, in _execute_task
    evaluator.rank_cwe(commit_hash, vuln_code)
  File "/users/azibaeir/Research/VulnLLMEval-SANER/models/llm_manager.py", line 1404, in rank_cwe
    self.db.execute(
  File "/users/azibaeir/Research/VulnLLMEval-SANER/utils/database.py", line 53, in execute
    result = self.cursor.execute(query, params)
sqlite3.OperationalError: database is locked

2025-10-03 12:09:00,964 - job_gemini_database_1759504776 - ERROR - Error processing commit 34beb21594519ce64a55a498c2fe7d567bc1ca20 for task rank_cwe: database is locked
2025-10-03 12:09:00,965 - job_gemini_database_1759504776 - ERROR - Traceback (most recent call last):
  File "/users/azibaeir/Research/VulnLLMEval-SANER/models/llm_manager.py", line 1393, in rank_cwe
    self.db.execute(
  File "/users/azibaeir/Research/VulnLLMEval-SANER/utils/database.py", line 53, in execute
    result = self.cursor.execute(query, params)
sqlite3.OperationalError: database is locked

During handling of the above exception, another exception occurred:

Traceback (most recent call last):
  File "/users/azibaeir/Research/VulnLLMEval-SANER/scheduler/job_scheduler.py", line 338, in run_job
    self._execute_task(evaluator, task, commit_hash, db_file)
  File "/users/azibaeir/Research/VulnLLMEval-SANER/scheduler/job_scheduler.py", line 444, in _execute_task
    evaluator.rank_cwe(commit_hash, vuln_code)
  File "/users/azibaeir/Research/VulnLLMEval-SANER/models/llm_manager.py", line 1404, in rank_cwe
    self.db.execute(
  File "/users/azibaeir/Research/VulnLLMEval-SANER/utils/database.py", line 53, in execute
    result = self.cursor.execute(query, params)
sqlite3.OperationalError: database is locked

2025-10-03 12:09:11,797 - job_gemini_database_1759504776 - ERROR - Error processing commit 6c8991f41546c3c472503dff1ea9daaddf9331c2 for task rank_cwe: database is locked
2025-10-03 12:09:11,797 - job_gemini_database_1759504776 - ERROR - Traceback (most recent call last):
  File "/users/azibaeir/Research/VulnLLMEval-SANER/models/llm_manager.py", line 1393, in rank_cwe
    self.db.execute(
  File "/users/azibaeir/Research/VulnLLMEval-SANER/utils/database.py", line 53, in execute
    result = self.cursor.execute(query, params)
sqlite3.OperationalError: database is locked

During handling of the above exception, another exception occurred:

Traceback (most recent call last):
  File "/users/azibaeir/Research/VulnLLMEval-SANER/scheduler/job_scheduler.py", line 338, in run_job
    self._execute_task(evaluator, task, commit_hash, db_file)
  File "/users/azibaeir/Research/VulnLLMEval-SANER/scheduler/job_scheduler.py", line 444, in _execute_task
    evaluator.rank_cwe(commit_hash, vuln_code)
  File "/users/azibaeir/Research/VulnLLMEval-SANER/models/llm_manager.py", line 1404, in rank_cwe
    self.db.execute(
  File "/users/azibaeir/Research/VulnLLMEval-SANER/utils/database.py", line 53, in execute
    result = self.cursor.execute(query, params)
sqlite3.OperationalError: database is locked

2025-10-03 12:09:22,712 - job_gemini_database_1759504776 - ERROR - Error processing commit 574823bfab82d9d8fa47f422778043fbb4b4f50e for task rank_cwe: database is locked
2025-10-03 12:09:22,712 - job_gemini_database_1759504776 - ERROR - Traceback (most recent call last):
  File "/users/azibaeir/Research/VulnLLMEval-SANER/models/llm_manager.py", line 1393, in rank_cwe
    self.db.execute(
  File "/users/azibaeir/Research/VulnLLMEval-SANER/utils/database.py", line 53, in execute
    result = self.cursor.execute(query, params)
sqlite3.OperationalError: database is locked

During handling of the above exception, another exception occurred:

Traceback (most recent call last):
  File "/users/azibaeir/Research/VulnLLMEval-SANER/scheduler/job_scheduler.py", line 338, in run_job
    self._execute_task(evaluator, task, commit_hash, db_file)
  File "/users/azibaeir/Research/VulnLLMEval-SANER/scheduler/job_scheduler.py", line 444, in _execute_task
    evaluator.rank_cwe(commit_hash, vuln_code)
  File "/users/azibaeir/Research/VulnLLMEval-SANER/models/llm_manager.py", line 1404, in rank_cwe
    self.db.execute(
  File "/users/azibaeir/Research/VulnLLMEval-SANER/utils/database.py", line 53, in execute
    result = self.cursor.execute(query, params)
sqlite3.OperationalError: database is locked

2025-10-03 12:09:33,568 - job_gemini_database_1759504776 - ERROR - Error processing commit aa6dd211e4b1dde9d5dc25d699d35f789ae7eeba for task rank_cwe: database is locked
2025-10-03 12:09:33,568 - job_gemini_database_1759504776 - ERROR - Traceback (most recent call last):
  File "/users/azibaeir/Research/VulnLLMEval-SANER/models/llm_manager.py", line 1393, in rank_cwe
    self.db.execute(
  File "/users/azibaeir/Research/VulnLLMEval-SANER/utils/database.py", line 53, in execute
    result = self.cursor.execute(query, params)
sqlite3.OperationalError: database is locked

During handling of the above exception, another exception occurred:

Traceback (most recent call last):
  File "/users/azibaeir/Research/VulnLLMEval-SANER/scheduler/job_scheduler.py", line 338, in run_job
    self._execute_task(evaluator, task, commit_hash, db_file)
  File "/users/azibaeir/Research/VulnLLMEval-SANER/scheduler/job_scheduler.py", line 444, in _execute_task
    evaluator.rank_cwe(commit_hash, vuln_code)
  File "/users/azibaeir/Research/VulnLLMEval-SANER/models/llm_manager.py", line 1404, in rank_cwe
    self.db.execute(
  File "/users/azibaeir/Research/VulnLLMEval-SANER/utils/database.py", line 53, in execute
    result = self.cursor.execute(query, params)
sqlite3.OperationalError: database is locked

2025-10-03 12:09:44,443 - job_gemini_database_1759504776 - ERROR - Error processing commit ad993a95c508417acdeb15244109e009e50d8758 for task rank_cwe: database is locked
2025-10-03 12:09:44,443 - job_gemini_database_1759504776 - ERROR - Traceback (most recent call last):
  File "/users/azibaeir/Research/VulnLLMEval-SANER/models/llm_manager.py", line 1393, in rank_cwe
    self.db.execute(
  File "/users/azibaeir/Research/VulnLLMEval-SANER/utils/database.py", line 53, in execute
    result = self.cursor.execute(query, params)
sqlite3.OperationalError: database is locked

During handling of the above exception, another exception occurred:

Traceback (most recent call last):
  File "/users/azibaeir/Research/VulnLLMEval-SANER/scheduler/job_scheduler.py", line 338, in run_job
    self._execute_task(evaluator, task, commit_hash, db_file)
  File "/users/azibaeir/Research/VulnLLMEval-SANER/scheduler/job_scheduler.py", line 444, in _execute_task
    evaluator.rank_cwe(commit_hash, vuln_code)
  File "/users/azibaeir/Research/VulnLLMEval-SANER/models/llm_manager.py", line 1404, in rank_cwe
    self.db.execute(
  File "/users/azibaeir/Research/VulnLLMEval-SANER/utils/database.py", line 53, in execute
    result = self.cursor.execute(query, params)
sqlite3.OperationalError: database is locked

2025-10-03 12:09:55,254 - job_gemini_database_1759504776 - ERROR - Error processing commit 23f57406b82de51809d5812afd96f210f8b627f3 for task rank_cwe: database is locked
2025-10-03 12:09:55,255 - job_gemini_database_1759504776 - ERROR - Traceback (most recent call last):
  File "/users/azibaeir/Research/VulnLLMEval-SANER/models/llm_manager.py", line 1393, in rank_cwe
    self.db.execute(
  File "/users/azibaeir/Research/VulnLLMEval-SANER/utils/database.py", line 53, in execute
    result = self.cursor.execute(query, params)
sqlite3.OperationalError: database is locked

During handling of the above exception, another exception occurred:

Traceback (most recent call last):
  File "/users/azibaeir/Research/VulnLLMEval-SANER/scheduler/job_scheduler.py", line 338, in run_job
    self._execute_task(evaluator, task, commit_hash, db_file)
  File "/users/azibaeir/Research/VulnLLMEval-SANER/scheduler/job_scheduler.py", line 444, in _execute_task
    evaluator.rank_cwe(commit_hash, vuln_code)
  File "/users/azibaeir/Research/VulnLLMEval-SANER/models/llm_manager.py", line 1404, in rank_cwe
    self.db.execute(
  File "/users/azibaeir/Research/VulnLLMEval-SANER/utils/database.py", line 53, in execute
    result = self.cursor.execute(query, params)
sqlite3.OperationalError: database is locked

2025-10-03 12:10:06,152 - job_gemini_database_1759504776 - ERROR - Error processing commit 2702b1526c7278c4d65d78de209a465d4de2885e for task rank_cwe: database is locked
2025-10-03 12:10:06,152 - job_gemini_database_1759504776 - ERROR - Traceback (most recent call last):
  File "/users/azibaeir/Research/VulnLLMEval-SANER/models/llm_manager.py", line 1393, in rank_cwe
    self.db.execute(
  File "/users/azibaeir/Research/VulnLLMEval-SANER/utils/database.py", line 53, in execute
    result = self.cursor.execute(query, params)
sqlite3.OperationalError: database is locked

During handling of the above exception, another exception occurred:

Traceback (most recent call last):
  File "/users/azibaeir/Research/VulnLLMEval-SANER/scheduler/job_scheduler.py", line 338, in run_job
    self._execute_task(evaluator, task, commit_hash, db_file)
  File "/users/azibaeir/Research/VulnLLMEval-SANER/scheduler/job_scheduler.py", line 444, in _execute_task
    evaluator.rank_cwe(commit_hash, vuln_code)
  File "/users/azibaeir/Research/VulnLLMEval-SANER/models/llm_manager.py", line 1404, in rank_cwe
    self.db.execute(
  File "/users/azibaeir/Research/VulnLLMEval-SANER/utils/database.py", line 53, in execute
    result = self.cursor.execute(query, params)
sqlite3.OperationalError: database is locked

2025-10-03 12:10:16,893 - job_gemini_database_1759504776 - ERROR - Error processing commit 76a67ec6fb79ff3570dcb5342142c16098299911 for task rank_cwe: database is locked
2025-10-03 12:10:16,893 - job_gemini_database_1759504776 - ERROR - Traceback (most recent call last):
  File "/users/azibaeir/Research/VulnLLMEval-SANER/models/llm_manager.py", line 1393, in rank_cwe
    self.db.execute(
  File "/users/azibaeir/Research/VulnLLMEval-SANER/utils/database.py", line 53, in execute
    result = self.cursor.execute(query, params)
sqlite3.OperationalError: database is locked

During handling of the above exception, another exception occurred:

Traceback (most recent call last):
  File "/users/azibaeir/Research/VulnLLMEval-SANER/scheduler/job_scheduler.py", line 338, in run_job
    self._execute_task(evaluator, task, commit_hash, db_file)
  File "/users/azibaeir/Research/VulnLLMEval-SANER/scheduler/job_scheduler.py", line 444, in _execute_task
    evaluator.rank_cwe(commit_hash, vuln_code)
  File "/users/azibaeir/Research/VulnLLMEval-SANER/models/llm_manager.py", line 1404, in rank_cwe
    self.db.execute(
  File "/users/azibaeir/Research/VulnLLMEval-SANER/utils/database.py", line 53, in execute
    result = self.cursor.execute(query, params)
sqlite3.OperationalError: database is locked

2025-10-03 12:10:27,663 - job_gemini_database_1759504776 - ERROR - Error processing commit f9fabcb58a6d26d6efde842d1703ac7cfa9427b6 for task rank_cwe: database is locked
2025-10-03 12:10:27,663 - job_gemini_database_1759504776 - ERROR - Traceback (most recent call last):
  File "/users/azibaeir/Research/VulnLLMEval-SANER/models/llm_manager.py", line 1393, in rank_cwe
    self.db.execute(
  File "/users/azibaeir/Research/VulnLLMEval-SANER/utils/database.py", line 53, in execute
    result = self.cursor.execute(query, params)
sqlite3.OperationalError: database is locked

During handling of the above exception, another exception occurred:

Traceback (most recent call last):
  File "/users/azibaeir/Research/VulnLLMEval-SANER/scheduler/job_scheduler.py", line 338, in run_job
    self._execute_task(evaluator, task, commit_hash, db_file)
  File "/users/azibaeir/Research/VulnLLMEval-SANER/scheduler/job_scheduler.py", line 444, in _execute_task
    evaluator.rank_cwe(commit_hash, vuln_code)
  File "/users/azibaeir/Research/VulnLLMEval-SANER/models/llm_manager.py", line 1404, in rank_cwe
    self.db.execute(
  File "/users/azibaeir/Research/VulnLLMEval-SANER/utils/database.py", line 53, in execute
    result = self.cursor.execute(query, params)
sqlite3.OperationalError: database is locked

2025-10-03 12:10:38,462 - job_gemini_database_1759504776 - ERROR - Error processing commit 22cf8419f1319ff87ec759d0ebdff4cbafaee832 for task rank_cwe: database is locked
2025-10-03 12:10:38,462 - job_gemini_database_1759504776 - ERROR - Traceback (most recent call last):
  File "/users/azibaeir/Research/VulnLLMEval-SANER/models/llm_manager.py", line 1393, in rank_cwe
    self.db.execute(
  File "/users/azibaeir/Research/VulnLLMEval-SANER/utils/database.py", line 53, in execute
    result = self.cursor.execute(query, params)
sqlite3.OperationalError: database is locked

During handling of the above exception, another exception occurred:

Traceback (most recent call last):
  File "/users/azibaeir/Research/VulnLLMEval-SANER/scheduler/job_scheduler.py", line 338, in run_job
    self._execute_task(evaluator, task, commit_hash, db_file)
  File "/users/azibaeir/Research/VulnLLMEval-SANER/scheduler/job_scheduler.py", line 444, in _execute_task
    evaluator.rank_cwe(commit_hash, vuln_code)
  File "/users/azibaeir/Research/VulnLLMEval-SANER/models/llm_manager.py", line 1404, in rank_cwe
    self.db.execute(
  File "/users/azibaeir/Research/VulnLLMEval-SANER/utils/database.py", line 53, in execute
    result = self.cursor.execute(query, params)
sqlite3.OperationalError: database is locked

2025-10-03 12:10:49,237 - job_gemini_database_1759504776 - ERROR - Error processing commit 853eab68afc80f59f36bbdeb715e5c88c501e680 for task rank_cwe: database is locked
2025-10-03 12:10:49,237 - job_gemini_database_1759504776 - ERROR - Traceback (most recent call last):
  File "/users/azibaeir/Research/VulnLLMEval-SANER/models/llm_manager.py", line 1393, in rank_cwe
    self.db.execute(
  File "/users/azibaeir/Research/VulnLLMEval-SANER/utils/database.py", line 53, in execute
    result = self.cursor.execute(query, params)
sqlite3.OperationalError: database is locked

During handling of the above exception, another exception occurred:

Traceback (most recent call last):
  File "/users/azibaeir/Research/VulnLLMEval-SANER/scheduler/job_scheduler.py", line 338, in run_job
    self._execute_task(evaluator, task, commit_hash, db_file)
  File "/users/azibaeir/Research/VulnLLMEval-SANER/scheduler/job_scheduler.py", line 444, in _execute_task
    evaluator.rank_cwe(commit_hash, vuln_code)
  File "/users/azibaeir/Research/VulnLLMEval-SANER/models/llm_manager.py", line 1404, in rank_cwe
    self.db.execute(
  File "/users/azibaeir/Research/VulnLLMEval-SANER/utils/database.py", line 53, in execute
    result = self.cursor.execute(query, params)
sqlite3.OperationalError: database is locked

2025-10-03 12:11:00,053 - job_gemini_database_1759504776 - ERROR - Error processing commit a4866aa812518ed1a37d8ea0c881dc946409de94 for task rank_cwe: database is locked
2025-10-03 12:11:00,054 - job_gemini_database_1759504776 - ERROR - Traceback (most recent call last):
  File "/users/azibaeir/Research/VulnLLMEval-SANER/models/llm_manager.py", line 1393, in rank_cwe
    self.db.execute(
  File "/users/azibaeir/Research/VulnLLMEval-SANER/utils/database.py", line 53, in execute
    result = self.cursor.execute(query, params)
sqlite3.OperationalError: database is locked

During handling of the above exception, another exception occurred:

Traceback (most recent call last):
  File "/users/azibaeir/Research/VulnLLMEval-SANER/scheduler/job_scheduler.py", line 338, in run_job
    self._execute_task(evaluator, task, commit_hash, db_file)
  File "/users/azibaeir/Research/VulnLLMEval-SANER/scheduler/job_scheduler.py", line 444, in _execute_task
    evaluator.rank_cwe(commit_hash, vuln_code)
  File "/users/azibaeir/Research/VulnLLMEval-SANER/models/llm_manager.py", line 1404, in rank_cwe
    self.db.execute(
  File "/users/azibaeir/Research/VulnLLMEval-SANER/utils/database.py", line 53, in execute
    result = self.cursor.execute(query, params)
sqlite3.OperationalError: database is locked

2025-10-03 12:11:10,890 - job_gemini_database_1759504776 - ERROR - Error processing commit 9fa2dd946743ae6f30dc4830da19147bf100a7f2 for task rank_cwe: database is locked
2025-10-03 12:11:10,890 - job_gemini_database_1759504776 - ERROR - Traceback (most recent call last):
  File "/users/azibaeir/Research/VulnLLMEval-SANER/models/llm_manager.py", line 1393, in rank_cwe
    self.db.execute(
  File "/users/azibaeir/Research/VulnLLMEval-SANER/utils/database.py", line 53, in execute
    result = self.cursor.execute(query, params)
sqlite3.OperationalError: database is locked

During handling of the above exception, another exception occurred:

Traceback (most recent call last):
  File "/users/azibaeir/Research/VulnLLMEval-SANER/scheduler/job_scheduler.py", line 338, in run_job
    self._execute_task(evaluator, task, commit_hash, db_file)
  File "/users/azibaeir/Research/VulnLLMEval-SANER/scheduler/job_scheduler.py", line 444, in _execute_task
    evaluator.rank_cwe(commit_hash, vuln_code)
  File "/users/azibaeir/Research/VulnLLMEval-SANER/models/llm_manager.py", line 1404, in rank_cwe
    self.db.execute(
  File "/users/azibaeir/Research/VulnLLMEval-SANER/utils/database.py", line 53, in execute
    result = self.cursor.execute(query, params)
sqlite3.OperationalError: database is locked

2025-10-03 12:11:21,830 - job_gemini_database_1759504776 - ERROR - Error processing commit 2fdc246aaf9a7fa088451ad2a72e9119b5f7f029 for task rank_cwe: database is locked
2025-10-03 12:11:21,830 - job_gemini_database_1759504776 - ERROR - Traceback (most recent call last):
  File "/users/azibaeir/Research/VulnLLMEval-SANER/models/llm_manager.py", line 1393, in rank_cwe
    self.db.execute(
  File "/users/azibaeir/Research/VulnLLMEval-SANER/utils/database.py", line 53, in execute
    result = self.cursor.execute(query, params)
sqlite3.OperationalError: database is locked

During handling of the above exception, another exception occurred:

Traceback (most recent call last):
  File "/users/azibaeir/Research/VulnLLMEval-SANER/scheduler/job_scheduler.py", line 338, in run_job
    self._execute_task(evaluator, task, commit_hash, db_file)
  File "/users/azibaeir/Research/VulnLLMEval-SANER/scheduler/job_scheduler.py", line 444, in _execute_task
    evaluator.rank_cwe(commit_hash, vuln_code)
  File "/users/azibaeir/Research/VulnLLMEval-SANER/models/llm_manager.py", line 1404, in rank_cwe
    self.db.execute(
  File "/users/azibaeir/Research/VulnLLMEval-SANER/utils/database.py", line 53, in execute
    result = self.cursor.execute(query, params)
sqlite3.OperationalError: database is locked

2025-10-03 12:11:32,648 - job_gemini_database_1759504776 - ERROR - Error processing commit 51b2ee7d006a736a9126e8111d1f24e4fd0afaa6 for task rank_cwe: database is locked
2025-10-03 12:11:32,648 - job_gemini_database_1759504776 - ERROR - Traceback (most recent call last):
  File "/users/azibaeir/Research/VulnLLMEval-SANER/models/llm_manager.py", line 1393, in rank_cwe
    self.db.execute(
  File "/users/azibaeir/Research/VulnLLMEval-SANER/utils/database.py", line 53, in execute
    result = self.cursor.execute(query, params)
sqlite3.OperationalError: database is locked

During handling of the above exception, another exception occurred:

Traceback (most recent call last):
  File "/users/azibaeir/Research/VulnLLMEval-SANER/scheduler/job_scheduler.py", line 338, in run_job
    self._execute_task(evaluator, task, commit_hash, db_file)
  File "/users/azibaeir/Research/VulnLLMEval-SANER/scheduler/job_scheduler.py", line 444, in _execute_task
    evaluator.rank_cwe(commit_hash, vuln_code)
  File "/users/azibaeir/Research/VulnLLMEval-SANER/models/llm_manager.py", line 1404, in rank_cwe
    self.db.execute(
  File "/users/azibaeir/Research/VulnLLMEval-SANER/utils/database.py", line 53, in execute
    result = self.cursor.execute(query, params)
sqlite3.OperationalError: database is locked

2025-10-03 12:11:43,350 - job_gemini_database_1759504776 - ERROR - Error processing commit 2896c93811e39d63a4d9b63ccf12a8fbc226e5e4 for task rank_cwe: database is locked
2025-10-03 12:11:43,350 - job_gemini_database_1759504776 - ERROR - Traceback (most recent call last):
  File "/users/azibaeir/Research/VulnLLMEval-SANER/models/llm_manager.py", line 1393, in rank_cwe
    self.db.execute(
  File "/users/azibaeir/Research/VulnLLMEval-SANER/utils/database.py", line 53, in execute
    result = self.cursor.execute(query, params)
sqlite3.OperationalError: database is locked

During handling of the above exception, another exception occurred:

Traceback (most recent call last):
  File "/users/azibaeir/Research/VulnLLMEval-SANER/scheduler/job_scheduler.py", line 338, in run_job
    self._execute_task(evaluator, task, commit_hash, db_file)
  File "/users/azibaeir/Research/VulnLLMEval-SANER/scheduler/job_scheduler.py", line 444, in _execute_task
    evaluator.rank_cwe(commit_hash, vuln_code)
  File "/users/azibaeir/Research/VulnLLMEval-SANER/models/llm_manager.py", line 1404, in rank_cwe
    self.db.execute(
  File "/users/azibaeir/Research/VulnLLMEval-SANER/utils/database.py", line 53, in execute
    result = self.cursor.execute(query, params)
sqlite3.OperationalError: database is locked

2025-10-03 12:11:54,142 - job_gemini_database_1759504776 - ERROR - Error processing commit 9392a27d88b9707145d713654eb26f0c29789e50 for task rank_cwe: database is locked
2025-10-03 12:11:54,143 - job_gemini_database_1759504776 - ERROR - Traceback (most recent call last):
  File "/users/azibaeir/Research/VulnLLMEval-SANER/models/llm_manager.py", line 1393, in rank_cwe
    self.db.execute(
  File "/users/azibaeir/Research/VulnLLMEval-SANER/utils/database.py", line 53, in execute
    result = self.cursor.execute(query, params)
sqlite3.OperationalError: database is locked

During handling of the above exception, another exception occurred:

Traceback (most recent call last):
  File "/users/azibaeir/Research/VulnLLMEval-SANER/scheduler/job_scheduler.py", line 338, in run_job
    self._execute_task(evaluator, task, commit_hash, db_file)
  File "/users/azibaeir/Research/VulnLLMEval-SANER/scheduler/job_scheduler.py", line 444, in _execute_task
    evaluator.rank_cwe(commit_hash, vuln_code)
  File "/users/azibaeir/Research/VulnLLMEval-SANER/models/llm_manager.py", line 1404, in rank_cwe
    self.db.execute(
  File "/users/azibaeir/Research/VulnLLMEval-SANER/utils/database.py", line 53, in execute
    result = self.cursor.execute(query, params)
sqlite3.OperationalError: database is locked

2025-10-03 12:12:05,028 - job_gemini_database_1759504776 - ERROR - Error processing commit 4f11918ab93bc113ec0831ed2ab7b88847d44dd7 for task rank_cwe: database is locked
2025-10-03 12:12:05,028 - job_gemini_database_1759504776 - ERROR - Traceback (most recent call last):
  File "/users/azibaeir/Research/VulnLLMEval-SANER/models/llm_manager.py", line 1393, in rank_cwe
    self.db.execute(
  File "/users/azibaeir/Research/VulnLLMEval-SANER/utils/database.py", line 53, in execute
    result = self.cursor.execute(query, params)
sqlite3.OperationalError: database is locked

During handling of the above exception, another exception occurred:

Traceback (most recent call last):
  File "/users/azibaeir/Research/VulnLLMEval-SANER/scheduler/job_scheduler.py", line 338, in run_job
    self._execute_task(evaluator, task, commit_hash, db_file)
  File "/users/azibaeir/Research/VulnLLMEval-SANER/scheduler/job_scheduler.py", line 444, in _execute_task
    evaluator.rank_cwe(commit_hash, vuln_code)
  File "/users/azibaeir/Research/VulnLLMEval-SANER/models/llm_manager.py", line 1404, in rank_cwe
    self.db.execute(
  File "/users/azibaeir/Research/VulnLLMEval-SANER/utils/database.py", line 53, in execute
    result = self.cursor.execute(query, params)
sqlite3.OperationalError: database is locked

2025-10-03 12:12:16,018 - job_gemini_database_1759504776 - ERROR - Error processing commit 5d069dbe8aaf2a197142558b6fb2978189ba3454 for task rank_cwe: database is locked
2025-10-03 12:12:16,018 - job_gemini_database_1759504776 - ERROR - Traceback (most recent call last):
  File "/users/azibaeir/Research/VulnLLMEval-SANER/models/llm_manager.py", line 1393, in rank_cwe
    self.db.execute(
  File "/users/azibaeir/Research/VulnLLMEval-SANER/utils/database.py", line 53, in execute
    result = self.cursor.execute(query, params)
sqlite3.OperationalError: database is locked

During handling of the above exception, another exception occurred:

Traceback (most recent call last):
  File "/users/azibaeir/Research/VulnLLMEval-SANER/scheduler/job_scheduler.py", line 338, in run_job
    self._execute_task(evaluator, task, commit_hash, db_file)
  File "/users/azibaeir/Research/VulnLLMEval-SANER/scheduler/job_scheduler.py", line 444, in _execute_task
    evaluator.rank_cwe(commit_hash, vuln_code)
  File "/users/azibaeir/Research/VulnLLMEval-SANER/models/llm_manager.py", line 1404, in rank_cwe
    self.db.execute(
  File "/users/azibaeir/Research/VulnLLMEval-SANER/utils/database.py", line 53, in execute
    result = self.cursor.execute(query, params)
sqlite3.OperationalError: database is locked

2025-10-03 12:12:26,820 - job_gemini_database_1759504776 - ERROR - Error processing commit eb66ae030829605d61fbef1909ce310e29f78821 for task rank_cwe: database is locked
2025-10-03 12:12:26,820 - job_gemini_database_1759504776 - ERROR - Traceback (most recent call last):
  File "/users/azibaeir/Research/VulnLLMEval-SANER/models/llm_manager.py", line 1393, in rank_cwe
    self.db.execute(
  File "/users/azibaeir/Research/VulnLLMEval-SANER/utils/database.py", line 53, in execute
    result = self.cursor.execute(query, params)
sqlite3.OperationalError: database is locked

During handling of the above exception, another exception occurred:

Traceback (most recent call last):
  File "/users/azibaeir/Research/VulnLLMEval-SANER/scheduler/job_scheduler.py", line 338, in run_job
    self._execute_task(evaluator, task, commit_hash, db_file)
  File "/users/azibaeir/Research/VulnLLMEval-SANER/scheduler/job_scheduler.py", line 444, in _execute_task
    evaluator.rank_cwe(commit_hash, vuln_code)
  File "/users/azibaeir/Research/VulnLLMEval-SANER/models/llm_manager.py", line 1404, in rank_cwe
    self.db.execute(
  File "/users/azibaeir/Research/VulnLLMEval-SANER/utils/database.py", line 53, in execute
    result = self.cursor.execute(query, params)
sqlite3.OperationalError: database is locked

2025-10-03 12:12:37,555 - job_gemini_database_1759504776 - ERROR - Error processing commit 38ea1eac7d88072bbffb630e2b3db83ca649b826 for task rank_cwe: database is locked
2025-10-03 12:12:37,556 - job_gemini_database_1759504776 - ERROR - Traceback (most recent call last):
  File "/users/azibaeir/Research/VulnLLMEval-SANER/models/llm_manager.py", line 1393, in rank_cwe
    self.db.execute(
  File "/users/azibaeir/Research/VulnLLMEval-SANER/utils/database.py", line 53, in execute
    result = self.cursor.execute(query, params)
sqlite3.OperationalError: database is locked

During handling of the above exception, another exception occurred:

Traceback (most recent call last):
  File "/users/azibaeir/Research/VulnLLMEval-SANER/scheduler/job_scheduler.py", line 338, in run_job
    self._execute_task(evaluator, task, commit_hash, db_file)
  File "/users/azibaeir/Research/VulnLLMEval-SANER/scheduler/job_scheduler.py", line 444, in _execute_task
    evaluator.rank_cwe(commit_hash, vuln_code)
  File "/users/azibaeir/Research/VulnLLMEval-SANER/models/llm_manager.py", line 1404, in rank_cwe
    self.db.execute(
  File "/users/azibaeir/Research/VulnLLMEval-SANER/utils/database.py", line 53, in execute
    result = self.cursor.execute(query, params)
sqlite3.OperationalError: database is locked

2025-10-03 12:12:48,337 - job_gemini_database_1759504776 - ERROR - Error processing commit fa40d9734a57bcbfa79a280189799f76c88f7bb0 for task rank_cwe: database is locked
2025-10-03 12:12:48,337 - job_gemini_database_1759504776 - ERROR - Traceback (most recent call last):
  File "/users/azibaeir/Research/VulnLLMEval-SANER/models/llm_manager.py", line 1393, in rank_cwe
    self.db.execute(
  File "/users/azibaeir/Research/VulnLLMEval-SANER/utils/database.py", line 53, in execute
    result = self.cursor.execute(query, params)
sqlite3.OperationalError: database is locked

During handling of the above exception, another exception occurred:

Traceback (most recent call last):
  File "/users/azibaeir/Research/VulnLLMEval-SANER/scheduler/job_scheduler.py", line 338, in run_job
    self._execute_task(evaluator, task, commit_hash, db_file)
  File "/users/azibaeir/Research/VulnLLMEval-SANER/scheduler/job_scheduler.py", line 444, in _execute_task
    evaluator.rank_cwe(commit_hash, vuln_code)
  File "/users/azibaeir/Research/VulnLLMEval-SANER/models/llm_manager.py", line 1404, in rank_cwe
    self.db.execute(
  File "/users/azibaeir/Research/VulnLLMEval-SANER/utils/database.py", line 53, in execute
    result = self.cursor.execute(query, params)
sqlite3.OperationalError: database is locked

2025-10-03 12:12:59,235 - job_gemini_database_1759504776 - ERROR - Error processing commit 799c10559d60f159ab2232203f222f18fa3c4a5f for task rank_cwe: database is locked
2025-10-03 12:12:59,235 - job_gemini_database_1759504776 - ERROR - Traceback (most recent call last):
  File "/users/azibaeir/Research/VulnLLMEval-SANER/models/llm_manager.py", line 1393, in rank_cwe
    self.db.execute(
  File "/users/azibaeir/Research/VulnLLMEval-SANER/utils/database.py", line 53, in execute
    result = self.cursor.execute(query, params)
sqlite3.OperationalError: database is locked

During handling of the above exception, another exception occurred:

Traceback (most recent call last):
  File "/users/azibaeir/Research/VulnLLMEval-SANER/scheduler/job_scheduler.py", line 338, in run_job
    self._execute_task(evaluator, task, commit_hash, db_file)
  File "/users/azibaeir/Research/VulnLLMEval-SANER/scheduler/job_scheduler.py", line 444, in _execute_task
    evaluator.rank_cwe(commit_hash, vuln_code)
  File "/users/azibaeir/Research/VulnLLMEval-SANER/models/llm_manager.py", line 1404, in rank_cwe
    self.db.execute(
  File "/users/azibaeir/Research/VulnLLMEval-SANER/utils/database.py", line 53, in execute
    result = self.cursor.execute(query, params)
sqlite3.OperationalError: database is locked

2025-10-03 12:13:10,180 - job_gemini_database_1759504776 - ERROR - Error processing commit a2d859e3fc97e79d907761550dbc03ff1b36479c for task rank_cwe: database is locked
2025-10-03 12:13:10,181 - job_gemini_database_1759504776 - ERROR - Traceback (most recent call last):
  File "/users/azibaeir/Research/VulnLLMEval-SANER/models/llm_manager.py", line 1393, in rank_cwe
    self.db.execute(
  File "/users/azibaeir/Research/VulnLLMEval-SANER/utils/database.py", line 53, in execute
    result = self.cursor.execute(query, params)
sqlite3.OperationalError: database is locked

During handling of the above exception, another exception occurred:

Traceback (most recent call last):
  File "/users/azibaeir/Research/VulnLLMEval-SANER/scheduler/job_scheduler.py", line 338, in run_job
    self._execute_task(evaluator, task, commit_hash, db_file)
  File "/users/azibaeir/Research/VulnLLMEval-SANER/scheduler/job_scheduler.py", line 444, in _execute_task
    evaluator.rank_cwe(commit_hash, vuln_code)
  File "/users/azibaeir/Research/VulnLLMEval-SANER/models/llm_manager.py", line 1404, in rank_cwe
    self.db.execute(
  File "/users/azibaeir/Research/VulnLLMEval-SANER/utils/database.py", line 53, in execute
    result = self.cursor.execute(query, params)
sqlite3.OperationalError: database is locked

2025-10-03 12:13:21,128 - job_gemini_database_1759504776 - ERROR - Error processing commit 966031f340185eddd05affcf72b740549f056348 for task rank_cwe: database is locked
2025-10-03 12:13:21,128 - job_gemini_database_1759504776 - ERROR - Traceback (most recent call last):
  File "/users/azibaeir/Research/VulnLLMEval-SANER/models/llm_manager.py", line 1393, in rank_cwe
    self.db.execute(
  File "/users/azibaeir/Research/VulnLLMEval-SANER/utils/database.py", line 53, in execute
    result = self.cursor.execute(query, params)
sqlite3.OperationalError: database is locked

During handling of the above exception, another exception occurred:

Traceback (most recent call last):
  File "/users/azibaeir/Research/VulnLLMEval-SANER/scheduler/job_scheduler.py", line 338, in run_job
    self._execute_task(evaluator, task, commit_hash, db_file)
  File "/users/azibaeir/Research/VulnLLMEval-SANER/scheduler/job_scheduler.py", line 444, in _execute_task
    evaluator.rank_cwe(commit_hash, vuln_code)
  File "/users/azibaeir/Research/VulnLLMEval-SANER/models/llm_manager.py", line 1404, in rank_cwe
    self.db.execute(
  File "/users/azibaeir/Research/VulnLLMEval-SANER/utils/database.py", line 53, in execute
    result = self.cursor.execute(query, params)
sqlite3.OperationalError: database is locked

2025-10-03 12:13:31,897 - job_gemini_database_1759504776 - ERROR - Error processing commit 7690aa1cdf7c4565ad6b013b324c28b685505e24 for task rank_cwe: database is locked
2025-10-03 12:13:31,897 - job_gemini_database_1759504776 - ERROR - Traceback (most recent call last):
  File "/users/azibaeir/Research/VulnLLMEval-SANER/models/llm_manager.py", line 1393, in rank_cwe
    self.db.execute(
  File "/users/azibaeir/Research/VulnLLMEval-SANER/utils/database.py", line 53, in execute
    result = self.cursor.execute(query, params)
sqlite3.OperationalError: database is locked

During handling of the above exception, another exception occurred:

Traceback (most recent call last):
  File "/users/azibaeir/Research/VulnLLMEval-SANER/scheduler/job_scheduler.py", line 338, in run_job
    self._execute_task(evaluator, task, commit_hash, db_file)
  File "/users/azibaeir/Research/VulnLLMEval-SANER/scheduler/job_scheduler.py", line 444, in _execute_task
    evaluator.rank_cwe(commit_hash, vuln_code)
  File "/users/azibaeir/Research/VulnLLMEval-SANER/models/llm_manager.py", line 1404, in rank_cwe
    self.db.execute(
  File "/users/azibaeir/Research/VulnLLMEval-SANER/utils/database.py", line 53, in execute
    result = self.cursor.execute(query, params)
sqlite3.OperationalError: database is locked

2025-10-03 12:13:42,895 - job_gemini_database_1759504776 - ERROR - Error processing commit 19bce474c45be69a284ecee660aa12d8f1e88f18 for task rank_cwe: database is locked
2025-10-03 12:13:42,895 - job_gemini_database_1759504776 - ERROR - Traceback (most recent call last):
  File "/users/azibaeir/Research/VulnLLMEval-SANER/models/llm_manager.py", line 1393, in rank_cwe
    self.db.execute(
  File "/users/azibaeir/Research/VulnLLMEval-SANER/utils/database.py", line 53, in execute
    result = self.cursor.execute(query, params)
sqlite3.OperationalError: database is locked

During handling of the above exception, another exception occurred:

Traceback (most recent call last):
  File "/users/azibaeir/Research/VulnLLMEval-SANER/scheduler/job_scheduler.py", line 338, in run_job
    self._execute_task(evaluator, task, commit_hash, db_file)
  File "/users/azibaeir/Research/VulnLLMEval-SANER/scheduler/job_scheduler.py", line 444, in _execute_task
    evaluator.rank_cwe(commit_hash, vuln_code)
  File "/users/azibaeir/Research/VulnLLMEval-SANER/models/llm_manager.py", line 1404, in rank_cwe
    self.db.execute(
  File "/users/azibaeir/Research/VulnLLMEval-SANER/utils/database.py", line 53, in execute
    result = self.cursor.execute(query, params)
sqlite3.OperationalError: database is locked

2025-10-03 12:13:53,700 - job_gemini_database_1759504776 - ERROR - Error processing commit 355b98553789b646ed97ad801a619ff898471b92 for task rank_cwe: database is locked
2025-10-03 12:13:53,700 - job_gemini_database_1759504776 - ERROR - Traceback (most recent call last):
  File "/users/azibaeir/Research/VulnLLMEval-SANER/models/llm_manager.py", line 1393, in rank_cwe
    self.db.execute(
  File "/users/azibaeir/Research/VulnLLMEval-SANER/utils/database.py", line 53, in execute
    result = self.cursor.execute(query, params)
sqlite3.OperationalError: database is locked

During handling of the above exception, another exception occurred:

Traceback (most recent call last):
  File "/users/azibaeir/Research/VulnLLMEval-SANER/scheduler/job_scheduler.py", line 338, in run_job
    self._execute_task(evaluator, task, commit_hash, db_file)
  File "/users/azibaeir/Research/VulnLLMEval-SANER/scheduler/job_scheduler.py", line 444, in _execute_task
    evaluator.rank_cwe(commit_hash, vuln_code)
  File "/users/azibaeir/Research/VulnLLMEval-SANER/models/llm_manager.py", line 1404, in rank_cwe
    self.db.execute(
  File "/users/azibaeir/Research/VulnLLMEval-SANER/utils/database.py", line 53, in execute
    result = self.cursor.execute(query, params)
sqlite3.OperationalError: database is locked

2025-10-03 12:14:04,474 - job_gemini_database_1759504776 - ERROR - Error processing commit 55f0fc7a02de8f12757f4937143d8d5091b2e40b for task rank_cwe: database is locked
2025-10-03 12:14:04,474 - job_gemini_database_1759504776 - ERROR - Traceback (most recent call last):
  File "/users/azibaeir/Research/VulnLLMEval-SANER/models/llm_manager.py", line 1393, in rank_cwe
    self.db.execute(
  File "/users/azibaeir/Research/VulnLLMEval-SANER/utils/database.py", line 53, in execute
    result = self.cursor.execute(query, params)
sqlite3.OperationalError: database is locked

During handling of the above exception, another exception occurred:

Traceback (most recent call last):
  File "/users/azibaeir/Research/VulnLLMEval-SANER/scheduler/job_scheduler.py", line 338, in run_job
    self._execute_task(evaluator, task, commit_hash, db_file)
  File "/users/azibaeir/Research/VulnLLMEval-SANER/scheduler/job_scheduler.py", line 444, in _execute_task
    evaluator.rank_cwe(commit_hash, vuln_code)
  File "/users/azibaeir/Research/VulnLLMEval-SANER/models/llm_manager.py", line 1404, in rank_cwe
    self.db.execute(
  File "/users/azibaeir/Research/VulnLLMEval-SANER/utils/database.py", line 53, in execute
    result = self.cursor.execute(query, params)
sqlite3.OperationalError: database is locked

2025-10-03 12:14:15,258 - job_gemini_database_1759504776 - ERROR - Error processing commit df453700e8d81b1bdafdf684365ee2b9431fb702 for task rank_cwe: database is locked
2025-10-03 12:14:15,258 - job_gemini_database_1759504776 - ERROR - Traceback (most recent call last):
  File "/users/azibaeir/Research/VulnLLMEval-SANER/models/llm_manager.py", line 1393, in rank_cwe
    self.db.execute(
  File "/users/azibaeir/Research/VulnLLMEval-SANER/utils/database.py", line 53, in execute
    result = self.cursor.execute(query, params)
sqlite3.OperationalError: database is locked

During handling of the above exception, another exception occurred:

Traceback (most recent call last):
  File "/users/azibaeir/Research/VulnLLMEval-SANER/scheduler/job_scheduler.py", line 338, in run_job
    self._execute_task(evaluator, task, commit_hash, db_file)
  File "/users/azibaeir/Research/VulnLLMEval-SANER/scheduler/job_scheduler.py", line 444, in _execute_task
    evaluator.rank_cwe(commit_hash, vuln_code)
  File "/users/azibaeir/Research/VulnLLMEval-SANER/models/llm_manager.py", line 1404, in rank_cwe
    self.db.execute(
  File "/users/azibaeir/Research/VulnLLMEval-SANER/utils/database.py", line 53, in execute
    result = self.cursor.execute(query, params)
sqlite3.OperationalError: database is locked

2025-10-03 12:14:26,014 - job_gemini_database_1759504776 - ERROR - Error processing commit ad67b74d2469d9b82aaa572d76474c95bc484d57 for task rank_cwe: database is locked
2025-10-03 12:14:26,014 - job_gemini_database_1759504776 - ERROR - Traceback (most recent call last):
  File "/users/azibaeir/Research/VulnLLMEval-SANER/models/llm_manager.py", line 1393, in rank_cwe
    self.db.execute(
  File "/users/azibaeir/Research/VulnLLMEval-SANER/utils/database.py", line 53, in execute
    result = self.cursor.execute(query, params)
sqlite3.OperationalError: database is locked

During handling of the above exception, another exception occurred:

Traceback (most recent call last):
  File "/users/azibaeir/Research/VulnLLMEval-SANER/scheduler/job_scheduler.py", line 338, in run_job
    self._execute_task(evaluator, task, commit_hash, db_file)
  File "/users/azibaeir/Research/VulnLLMEval-SANER/scheduler/job_scheduler.py", line 444, in _execute_task
    evaluator.rank_cwe(commit_hash, vuln_code)
  File "/users/azibaeir/Research/VulnLLMEval-SANER/models/llm_manager.py", line 1404, in rank_cwe
    self.db.execute(
  File "/users/azibaeir/Research/VulnLLMEval-SANER/utils/database.py", line 53, in execute
    result = self.cursor.execute(query, params)
sqlite3.OperationalError: database is locked

2025-10-03 12:14:36,861 - job_gemini_database_1759504776 - ERROR - Error processing commit 146cc8a17a3b4996f6805ee5c080e7101277c410 for task rank_cwe: database is locked
2025-10-03 12:14:36,861 - job_gemini_database_1759504776 - ERROR - Traceback (most recent call last):
  File "/users/azibaeir/Research/VulnLLMEval-SANER/models/llm_manager.py", line 1393, in rank_cwe
    self.db.execute(
  File "/users/azibaeir/Research/VulnLLMEval-SANER/utils/database.py", line 53, in execute
    result = self.cursor.execute(query, params)
sqlite3.OperationalError: database is locked

During handling of the above exception, another exception occurred:

Traceback (most recent call last):
  File "/users/azibaeir/Research/VulnLLMEval-SANER/scheduler/job_scheduler.py", line 338, in run_job
    self._execute_task(evaluator, task, commit_hash, db_file)
  File "/users/azibaeir/Research/VulnLLMEval-SANER/scheduler/job_scheduler.py", line 444, in _execute_task
    evaluator.rank_cwe(commit_hash, vuln_code)
  File "/users/azibaeir/Research/VulnLLMEval-SANER/models/llm_manager.py", line 1404, in rank_cwe
    self.db.execute(
  File "/users/azibaeir/Research/VulnLLMEval-SANER/utils/database.py", line 53, in execute
    result = self.cursor.execute(query, params)
sqlite3.OperationalError: database is locked

2025-10-03 12:14:47,752 - job_gemini_database_1759504776 - ERROR - Error processing commit ad7f402ae4f466647c3a669b8a6f3e5d4271c84a for task rank_cwe: database is locked
2025-10-03 12:14:47,752 - job_gemini_database_1759504776 - ERROR - Traceback (most recent call last):
  File "/users/azibaeir/Research/VulnLLMEval-SANER/models/llm_manager.py", line 1393, in rank_cwe
    self.db.execute(
  File "/users/azibaeir/Research/VulnLLMEval-SANER/utils/database.py", line 53, in execute
    result = self.cursor.execute(query, params)
sqlite3.OperationalError: database is locked

During handling of the above exception, another exception occurred:

Traceback (most recent call last):
  File "/users/azibaeir/Research/VulnLLMEval-SANER/scheduler/job_scheduler.py", line 338, in run_job
    self._execute_task(evaluator, task, commit_hash, db_file)
  File "/users/azibaeir/Research/VulnLLMEval-SANER/scheduler/job_scheduler.py", line 444, in _execute_task
    evaluator.rank_cwe(commit_hash, vuln_code)
  File "/users/azibaeir/Research/VulnLLMEval-SANER/models/llm_manager.py", line 1404, in rank_cwe
    self.db.execute(
  File "/users/azibaeir/Research/VulnLLMEval-SANER/utils/database.py", line 53, in execute
    result = self.cursor.execute(query, params)
sqlite3.OperationalError: database is locked

2025-10-03 12:14:58,534 - job_gemini_database_1759504776 - ERROR - Error processing commit 0c18f29aae7ce3dadd26d8ee3505d07cc982df75 for task rank_cwe: database is locked
2025-10-03 12:14:58,534 - job_gemini_database_1759504776 - ERROR - Traceback (most recent call last):
  File "/users/azibaeir/Research/VulnLLMEval-SANER/models/llm_manager.py", line 1393, in rank_cwe
    self.db.execute(
  File "/users/azibaeir/Research/VulnLLMEval-SANER/utils/database.py", line 53, in execute
    result = self.cursor.execute(query, params)
sqlite3.OperationalError: database is locked

During handling of the above exception, another exception occurred:

Traceback (most recent call last):
  File "/users/azibaeir/Research/VulnLLMEval-SANER/scheduler/job_scheduler.py", line 338, in run_job
    self._execute_task(evaluator, task, commit_hash, db_file)
  File "/users/azibaeir/Research/VulnLLMEval-SANER/scheduler/job_scheduler.py", line 444, in _execute_task
    evaluator.rank_cwe(commit_hash, vuln_code)
  File "/users/azibaeir/Research/VulnLLMEval-SANER/models/llm_manager.py", line 1404, in rank_cwe
    self.db.execute(
  File "/users/azibaeir/Research/VulnLLMEval-SANER/utils/database.py", line 53, in execute
    result = self.cursor.execute(query, params)
sqlite3.OperationalError: database is locked

2025-10-03 12:15:09,357 - job_gemini_database_1759504776 - ERROR - Error processing commit ee8f844e3c5a73b999edf733df1c529d6503ec2f for task rank_cwe: database is locked
2025-10-03 12:15:09,357 - job_gemini_database_1759504776 - ERROR - Traceback (most recent call last):
  File "/users/azibaeir/Research/VulnLLMEval-SANER/models/llm_manager.py", line 1393, in rank_cwe
    self.db.execute(
  File "/users/azibaeir/Research/VulnLLMEval-SANER/utils/database.py", line 53, in execute
    result = self.cursor.execute(query, params)
sqlite3.OperationalError: database is locked

During handling of the above exception, another exception occurred:

Traceback (most recent call last):
  File "/users/azibaeir/Research/VulnLLMEval-SANER/scheduler/job_scheduler.py", line 338, in run_job
    self._execute_task(evaluator, task, commit_hash, db_file)
  File "/users/azibaeir/Research/VulnLLMEval-SANER/scheduler/job_scheduler.py", line 444, in _execute_task
    evaluator.rank_cwe(commit_hash, vuln_code)
  File "/users/azibaeir/Research/VulnLLMEval-SANER/models/llm_manager.py", line 1404, in rank_cwe
    self.db.execute(
  File "/users/azibaeir/Research/VulnLLMEval-SANER/utils/database.py", line 53, in execute
    result = self.cursor.execute(query, params)
sqlite3.OperationalError: database is locked

2025-10-03 12:15:20,252 - job_gemini_database_1759504776 - ERROR - Error processing commit b1a2cd50c0357f243b7435a732b4e62ba3157a2e for task rank_cwe: database is locked
2025-10-03 12:15:20,253 - job_gemini_database_1759504776 - ERROR - Traceback (most recent call last):
  File "/users/azibaeir/Research/VulnLLMEval-SANER/models/llm_manager.py", line 1393, in rank_cwe
    self.db.execute(
  File "/users/azibaeir/Research/VulnLLMEval-SANER/utils/database.py", line 53, in execute
    result = self.cursor.execute(query, params)
sqlite3.OperationalError: database is locked

During handling of the above exception, another exception occurred:

Traceback (most recent call last):
  File "/users/azibaeir/Research/VulnLLMEval-SANER/scheduler/job_scheduler.py", line 338, in run_job
    self._execute_task(evaluator, task, commit_hash, db_file)
  File "/users/azibaeir/Research/VulnLLMEval-SANER/scheduler/job_scheduler.py", line 444, in _execute_task
    evaluator.rank_cwe(commit_hash, vuln_code)
  File "/users/azibaeir/Research/VulnLLMEval-SANER/models/llm_manager.py", line 1404, in rank_cwe
    self.db.execute(
  File "/users/azibaeir/Research/VulnLLMEval-SANER/utils/database.py", line 53, in execute
    result = self.cursor.execute(query, params)
sqlite3.OperationalError: database is locked

2025-10-03 12:15:31,076 - job_gemini_database_1759504776 - ERROR - Error processing commit d0d62baa7f505bd4c59cd169692ff07ec49dde37 for task rank_cwe: database is locked
2025-10-03 12:15:31,076 - job_gemini_database_1759504776 - ERROR - Traceback (most recent call last):
  File "/users/azibaeir/Research/VulnLLMEval-SANER/models/llm_manager.py", line 1393, in rank_cwe
    self.db.execute(
  File "/users/azibaeir/Research/VulnLLMEval-SANER/utils/database.py", line 53, in execute
    result = self.cursor.execute(query, params)
sqlite3.OperationalError: database is locked

During handling of the above exception, another exception occurred:

Traceback (most recent call last):
  File "/users/azibaeir/Research/VulnLLMEval-SANER/scheduler/job_scheduler.py", line 338, in run_job
    self._execute_task(evaluator, task, commit_hash, db_file)
  File "/users/azibaeir/Research/VulnLLMEval-SANER/scheduler/job_scheduler.py", line 444, in _execute_task
    evaluator.rank_cwe(commit_hash, vuln_code)
  File "/users/azibaeir/Research/VulnLLMEval-SANER/models/llm_manager.py", line 1404, in rank_cwe
    self.db.execute(
  File "/users/azibaeir/Research/VulnLLMEval-SANER/utils/database.py", line 53, in execute
    result = self.cursor.execute(query, params)
sqlite3.OperationalError: database is locked

2025-10-03 12:15:41,892 - job_gemini_database_1759504776 - ERROR - Error processing commit 72bb8f8cc088730c4d84117a6906f458c2fc64bb for task rank_cwe: database is locked
2025-10-03 12:15:41,892 - job_gemini_database_1759504776 - ERROR - Traceback (most recent call last):
  File "/users/azibaeir/Research/VulnLLMEval-SANER/models/llm_manager.py", line 1393, in rank_cwe
    self.db.execute(
  File "/users/azibaeir/Research/VulnLLMEval-SANER/utils/database.py", line 53, in execute
    result = self.cursor.execute(query, params)
sqlite3.OperationalError: database is locked

During handling of the above exception, another exception occurred:

Traceback (most recent call last):
  File "/users/azibaeir/Research/VulnLLMEval-SANER/scheduler/job_scheduler.py", line 338, in run_job
    self._execute_task(evaluator, task, commit_hash, db_file)
  File "/users/azibaeir/Research/VulnLLMEval-SANER/scheduler/job_scheduler.py", line 444, in _execute_task
    evaluator.rank_cwe(commit_hash, vuln_code)
  File "/users/azibaeir/Research/VulnLLMEval-SANER/models/llm_manager.py", line 1404, in rank_cwe
    self.db.execute(
  File "/users/azibaeir/Research/VulnLLMEval-SANER/utils/database.py", line 53, in execute
    result = self.cursor.execute(query, params)
sqlite3.OperationalError: database is locked

2025-10-03 12:15:52,821 - job_gemini_database_1759504776 - ERROR - Error processing commit a664ec9158eeddd75121d39c9a0758016097fa96 for task rank_cwe: database is locked
2025-10-03 12:15:52,821 - job_gemini_database_1759504776 - ERROR - Traceback (most recent call last):
  File "/users/azibaeir/Research/VulnLLMEval-SANER/models/llm_manager.py", line 1393, in rank_cwe
    self.db.execute(
  File "/users/azibaeir/Research/VulnLLMEval-SANER/utils/database.py", line 53, in execute
    result = self.cursor.execute(query, params)
sqlite3.OperationalError: database is locked

During handling of the above exception, another exception occurred:

Traceback (most recent call last):
  File "/users/azibaeir/Research/VulnLLMEval-SANER/scheduler/job_scheduler.py", line 338, in run_job
    self._execute_task(evaluator, task, commit_hash, db_file)
  File "/users/azibaeir/Research/VulnLLMEval-SANER/scheduler/job_scheduler.py", line 444, in _execute_task
    evaluator.rank_cwe(commit_hash, vuln_code)
  File "/users/azibaeir/Research/VulnLLMEval-SANER/models/llm_manager.py", line 1404, in rank_cwe
    self.db.execute(
  File "/users/azibaeir/Research/VulnLLMEval-SANER/utils/database.py", line 53, in execute
    result = self.cursor.execute(query, params)
sqlite3.OperationalError: database is locked

2025-10-03 12:16:03,582 - job_gemini_database_1759504776 - ERROR - Error processing commit 559c36c5a8d730c49ef805a72b213d3bba155cc8 for task rank_cwe: database is locked
2025-10-03 12:16:03,582 - job_gemini_database_1759504776 - ERROR - Traceback (most recent call last):
  File "/users/azibaeir/Research/VulnLLMEval-SANER/models/llm_manager.py", line 1393, in rank_cwe
    self.db.execute(
  File "/users/azibaeir/Research/VulnLLMEval-SANER/utils/database.py", line 53, in execute
    result = self.cursor.execute(query, params)
sqlite3.OperationalError: database is locked

During handling of the above exception, another exception occurred:

Traceback (most recent call last):
  File "/users/azibaeir/Research/VulnLLMEval-SANER/scheduler/job_scheduler.py", line 338, in run_job
    self._execute_task(evaluator, task, commit_hash, db_file)
  File "/users/azibaeir/Research/VulnLLMEval-SANER/scheduler/job_scheduler.py", line 444, in _execute_task
    evaluator.rank_cwe(commit_hash, vuln_code)
  File "/users/azibaeir/Research/VulnLLMEval-SANER/models/llm_manager.py", line 1404, in rank_cwe
    self.db.execute(
  File "/users/azibaeir/Research/VulnLLMEval-SANER/utils/database.py", line 53, in execute
    result = self.cursor.execute(query, params)
sqlite3.OperationalError: database is locked

2025-10-03 12:16:14,473 - job_gemini_database_1759504776 - ERROR - Error processing commit 9c6d778800b921bde3bff3cff5003d1650f942d1 for task rank_cwe: database is locked
2025-10-03 12:16:14,473 - job_gemini_database_1759504776 - ERROR - Traceback (most recent call last):
  File "/users/azibaeir/Research/VulnLLMEval-SANER/models/llm_manager.py", line 1393, in rank_cwe
    self.db.execute(
  File "/users/azibaeir/Research/VulnLLMEval-SANER/utils/database.py", line 53, in execute
    result = self.cursor.execute(query, params)
sqlite3.OperationalError: database is locked

During handling of the above exception, another exception occurred:

Traceback (most recent call last):
  File "/users/azibaeir/Research/VulnLLMEval-SANER/scheduler/job_scheduler.py", line 338, in run_job
    self._execute_task(evaluator, task, commit_hash, db_file)
  File "/users/azibaeir/Research/VulnLLMEval-SANER/scheduler/job_scheduler.py", line 444, in _execute_task
    evaluator.rank_cwe(commit_hash, vuln_code)
  File "/users/azibaeir/Research/VulnLLMEval-SANER/models/llm_manager.py", line 1404, in rank_cwe
    self.db.execute(
  File "/users/azibaeir/Research/VulnLLMEval-SANER/utils/database.py", line 53, in execute
    result = self.cursor.execute(query, params)
sqlite3.OperationalError: database is locked

2025-10-03 12:16:25,255 - job_gemini_database_1759504776 - ERROR - Error processing commit 8b8addf891de8a00e4d39fc32f93f7c5eb8feceb for task rank_cwe: database is locked
2025-10-03 12:16:25,256 - job_gemini_database_1759504776 - ERROR - Traceback (most recent call last):
  File "/users/azibaeir/Research/VulnLLMEval-SANER/models/llm_manager.py", line 1393, in rank_cwe
    self.db.execute(
  File "/users/azibaeir/Research/VulnLLMEval-SANER/utils/database.py", line 53, in execute
    result = self.cursor.execute(query, params)
sqlite3.OperationalError: database is locked

During handling of the above exception, another exception occurred:

Traceback (most recent call last):
  File "/users/azibaeir/Research/VulnLLMEval-SANER/scheduler/job_scheduler.py", line 338, in run_job
    self._execute_task(evaluator, task, commit_hash, db_file)
  File "/users/azibaeir/Research/VulnLLMEval-SANER/scheduler/job_scheduler.py", line 444, in _execute_task
    evaluator.rank_cwe(commit_hash, vuln_code)
  File "/users/azibaeir/Research/VulnLLMEval-SANER/models/llm_manager.py", line 1404, in rank_cwe
    self.db.execute(
  File "/users/azibaeir/Research/VulnLLMEval-SANER/utils/database.py", line 53, in execute
    result = self.cursor.execute(query, params)
sqlite3.OperationalError: database is locked

2025-10-03 12:16:35,999 - job_gemini_database_1759504776 - ERROR - Error processing commit 8811930dc74a503415b35c4a79d14fb0b408a361 for task rank_cwe: database is locked
2025-10-03 12:16:35,999 - job_gemini_database_1759504776 - ERROR - Traceback (most recent call last):
  File "/users/azibaeir/Research/VulnLLMEval-SANER/models/llm_manager.py", line 1393, in rank_cwe
    self.db.execute(
  File "/users/azibaeir/Research/VulnLLMEval-SANER/utils/database.py", line 53, in execute
    result = self.cursor.execute(query, params)
sqlite3.OperationalError: database is locked

During handling of the above exception, another exception occurred:

Traceback (most recent call last):
  File "/users/azibaeir/Research/VulnLLMEval-SANER/scheduler/job_scheduler.py", line 338, in run_job
    self._execute_task(evaluator, task, commit_hash, db_file)
  File "/users/azibaeir/Research/VulnLLMEval-SANER/scheduler/job_scheduler.py", line 444, in _execute_task
    evaluator.rank_cwe(commit_hash, vuln_code)
  File "/users/azibaeir/Research/VulnLLMEval-SANER/models/llm_manager.py", line 1404, in rank_cwe
    self.db.execute(
  File "/users/azibaeir/Research/VulnLLMEval-SANER/utils/database.py", line 53, in execute
    result = self.cursor.execute(query, params)
sqlite3.OperationalError: database is locked

2025-10-03 12:16:46,913 - job_gemini_database_1759504776 - ERROR - Error processing commit 36ae3c0a36b7456432fedce38ae2f7bd3e01a563 for task rank_cwe: database is locked
2025-10-03 12:16:46,913 - job_gemini_database_1759504776 - ERROR - Traceback (most recent call last):
  File "/users/azibaeir/Research/VulnLLMEval-SANER/models/llm_manager.py", line 1393, in rank_cwe
    self.db.execute(
  File "/users/azibaeir/Research/VulnLLMEval-SANER/utils/database.py", line 53, in execute
    result = self.cursor.execute(query, params)
sqlite3.OperationalError: database is locked

During handling of the above exception, another exception occurred:

Traceback (most recent call last):
  File "/users/azibaeir/Research/VulnLLMEval-SANER/scheduler/job_scheduler.py", line 338, in run_job
    self._execute_task(evaluator, task, commit_hash, db_file)
  File "/users/azibaeir/Research/VulnLLMEval-SANER/scheduler/job_scheduler.py", line 444, in _execute_task
    evaluator.rank_cwe(commit_hash, vuln_code)
  File "/users/azibaeir/Research/VulnLLMEval-SANER/models/llm_manager.py", line 1404, in rank_cwe
    self.db.execute(
  File "/users/azibaeir/Research/VulnLLMEval-SANER/utils/database.py", line 53, in execute
    result = self.cursor.execute(query, params)
sqlite3.OperationalError: database is locked

2025-10-03 12:16:57,790 - job_gemini_database_1759504776 - ERROR - Error processing commit 4b2b64d5a6ebc84214755ebccd599baef7c1b798 for task rank_cwe: database is locked
2025-10-03 12:16:57,790 - job_gemini_database_1759504776 - ERROR - Traceback (most recent call last):
  File "/users/azibaeir/Research/VulnLLMEval-SANER/models/llm_manager.py", line 1393, in rank_cwe
    self.db.execute(
  File "/users/azibaeir/Research/VulnLLMEval-SANER/utils/database.py", line 53, in execute
    result = self.cursor.execute(query, params)
sqlite3.OperationalError: database is locked

During handling of the above exception, another exception occurred:

Traceback (most recent call last):
  File "/users/azibaeir/Research/VulnLLMEval-SANER/scheduler/job_scheduler.py", line 338, in run_job
    self._execute_task(evaluator, task, commit_hash, db_file)
  File "/users/azibaeir/Research/VulnLLMEval-SANER/scheduler/job_scheduler.py", line 444, in _execute_task
    evaluator.rank_cwe(commit_hash, vuln_code)
  File "/users/azibaeir/Research/VulnLLMEval-SANER/models/llm_manager.py", line 1404, in rank_cwe
    self.db.execute(
  File "/users/azibaeir/Research/VulnLLMEval-SANER/utils/database.py", line 53, in execute
    result = self.cursor.execute(query, params)
sqlite3.OperationalError: database is locked

2025-10-03 12:16:57,790 - job_gemini_database_1759504776 - INFO - Completed task: rank_cwe
2025-10-03 12:16:57,791 - job_gemini_database_1759504776 - INFO - Job completed successfully
Job created: gemini_database_1759504776
Status: completed
✓ CWE ranking completed successfully for gemini on database
✓ Fri Oct  3 12:17:07 PM EDT 2025: gemini on database completed successfully
===============================================

===============================================
Fri Oct  3 12:17:07 PM EDT 2025: Starting CWE ranking [2] - gemini on database_leakagefree
===============================================
Database not found: data/gemini_database_leakagefree.sqlite
🔄 Will run CWE ranking for gemini on database_leakagefree (database exists)

### Starting CWE ranking for: gemini on database_leakagefree ###
Fri Oct  3 12:17:07 PM EDT 2025: Processing gemini with database_leakagefree.sqlite
Running: python main.py evaluate gemini --database database_leakagefree --tasks rank_cwe
Starting evaluation with model: gemini
Running evaluation on database_leakagefree.sqlite...
2025-10-03 12:17:15,377 - job_gemini_database_leakagefree_1759508234 - INFO - Starting task: rank_cwe
2025-10-03 12:17:57,791 - job_gemini_database_leakagefree_1759508234 - INFO - Task rank_cwe: 10/103 commits processed
2025-10-03 12:18:44,158 - job_gemini_database_leakagefree_1759508234 - INFO - Task rank_cwe: 20/103 commits processed
2025-10-03 12:19:30,558 - job_gemini_database_leakagefree_1759508234 - INFO - Task rank_cwe: 30/103 commits processed
2025-10-03 12:20:17,578 - job_gemini_database_leakagefree_1759508234 - INFO - Task rank_cwe: 40/103 commits processed
2025-10-03 12:21:04,076 - job_gemini_database_leakagefree_1759508234 - INFO - Task rank_cwe: 50/103 commits processed
2025-10-03 12:21:50,383 - job_gemini_database_leakagefree_1759508234 - INFO - Task rank_cwe: 60/103 commits processed
2025-10-03 12:22:37,054 - job_gemini_database_leakagefree_1759508234 - INFO - Task rank_cwe: 70/103 commits processed
2025-10-03 12:23:23,523 - job_gemini_database_leakagefree_1759508234 - INFO - Task rank_cwe: 80/103 commits processed
2025-10-03 12:24:10,193 - job_gemini_database_leakagefree_1759508234 - INFO - Task rank_cwe: 90/103 commits processed
2025-10-03 12:24:56,585 - job_gemini_database_leakagefree_1759508234 - INFO - Task rank_cwe: 100/103 commits processed
2025-10-03 12:25:10,377 - job_gemini_database_leakagefree_1759508234 - INFO - Completed task: rank_cwe
2025-10-03 12:25:10,379 - job_gemini_database_leakagefree_1759508234 - INFO - Job completed successfully
Job created: gemini_database_leakagefree_1759508234
Status: completed
✓ CWE ranking completed successfully for gemini on database_leakagefree
✓ Fri Oct  3 12:25:13 PM EDT 2025: gemini on database_leakagefree completed successfully
===============================================

===============================================
Fri Oct  3 12:25:13 PM EDT 2025: Starting CWE ranking [3] - deepseek on database
===============================================
Database not found: data/deepseek_database.sqlite
🔄 Will run CWE ranking for deepseek on database (database exists)

### Starting CWE ranking for: deepseek on database ###
Fri Oct  3 12:25:13 PM EDT 2025: Processing deepseek with database.sqlite
Clearing GPU cache for GPU model...
GPU memory cleared
Running: python main.py evaluate deepseek --database database --tasks rank_cwe
Starting evaluation with model: deepseek
Running evaluation on database.sqlite...
2025-10-03 12:26:18,798 - job_deepseek_database_1759508777 - INFO - Starting task: rank_cwe
2025-10-03 12:27:01,246 - job_deepseek_database_1759508777 - INFO - Completed task: rank_cwe
2025-10-03 12:27:01,248 - job_deepseek_database_1759508777 - INFO - Job completed successfully
Job created: deepseek_database_1759508777
Status: completed
✓ CWE ranking completed successfully for deepseek on database
✓ Fri Oct  3 12:27:02 PM EDT 2025: deepseek on database completed successfully
===============================================

===============================================
Fri Oct  3 12:27:06 PM EDT 2025: Starting CWE ranking [4] - deepseek on database_leakagefree
===============================================
Database not found: data/deepseek_database_leakagefree.sqlite
🔄 Will run CWE ranking for deepseek on database_leakagefree (database exists)

### Starting CWE ranking for: deepseek on database_leakagefree ###
Fri Oct  3 12:27:06 PM EDT 2025: Processing deepseek with database_leakagefree.sqlite
Clearing GPU cache for GPU model...
GPU memory cleared
Running: python main.py evaluate deepseek --database database_leakagefree --tasks rank_cwe
Starting evaluation with model: deepseek
Running evaluation on database_leakagefree.sqlite...
2025-10-03 12:27:22,148 - job_deepseek_database_leakagefree_1759508840 - INFO - Starting task: rank_cwe
2025-10-03 12:27:23,842 - job_deepseek_database_leakagefree_1759508840 - INFO - Completed task: rank_cwe
2025-10-03 12:27:23,850 - job_deepseek_database_leakagefree_1759508840 - INFO - Job completed successfully
Job created: deepseek_database_leakagefree_1759508840
Status: completed
✓ CWE ranking completed successfully for deepseek on database_leakagefree
✓ Fri Oct  3 12:27:24 PM EDT 2025: deepseek on database_leakagefree completed successfully
===============================================

===============================================
Fri Oct  3 12:27:27 PM EDT 2025: Starting CWE ranking [5] - qwen on database
===============================================
Database not found: data/qwen_database.sqlite
🔄 Will run CWE ranking for qwen on database (database exists)

### Starting CWE ranking for: qwen on database ###
Fri Oct  3 12:27:28 PM EDT 2025: Processing qwen with database.sqlite
Clearing GPU cache for GPU model...
GPU memory cleared
Running: python main.py evaluate qwen --database database --tasks rank_cwe
Starting evaluation with model: qwen
Running evaluation on database.sqlite...
2025-10-03 12:34:49,053 - job_qwen_database_1759509089 - INFO - Starting task: rank_cwe
2025-10-03 12:35:29,601 - job_qwen_database_1759509089 - INFO - Task rank_cwe: 10/314 commits processed
2025-10-03 12:36:02,349 - job_qwen_database_1759509089 - INFO - Task rank_cwe: 20/314 commits processed
2025-10-03 12:36:33,699 - job_qwen_database_1759509089 - INFO - Task rank_cwe: 30/314 commits processed
2025-10-03 12:37:04,939 - job_qwen_database_1759509089 - INFO - Task rank_cwe: 40/314 commits processed
2025-10-03 12:37:35,782 - job_qwen_database_1759509089 - INFO - Task rank_cwe: 50/314 commits processed
2025-10-03 12:38:08,238 - job_qwen_database_1759509089 - INFO - Task rank_cwe: 60/314 commits processed
2025-10-03 12:38:39,743 - job_qwen_database_1759509089 - INFO - Task rank_cwe: 70/314 commits processed
2025-10-03 12:39:10,724 - job_qwen_database_1759509089 - INFO - Task rank_cwe: 80/314 commits processed
2025-10-03 12:39:41,766 - job_qwen_database_1759509089 - INFO - Task rank_cwe: 90/314 commits processed
2025-10-03 12:40:13,627 - job_qwen_database_1759509089 - INFO - Task rank_cwe: 100/314 commits processed
2025-10-03 12:40:45,248 - job_qwen_database_1759509089 - INFO - Task rank_cwe: 110/314 commits processed
2025-10-03 12:41:16,604 - job_qwen_database_1759509089 - INFO - Task rank_cwe: 120/314 commits processed
2025-10-03 12:41:47,864 - job_qwen_database_1759509089 - INFO - Task rank_cwe: 130/314 commits processed
2025-10-03 12:42:19,029 - job_qwen_database_1759509089 - INFO - Task rank_cwe: 140/314 commits processed
2025-10-03 12:42:50,075 - job_qwen_database_1759509089 - INFO - Task rank_cwe: 150/314 commits processed
2025-10-03 12:43:47,960 - job_qwen_database_1759509089 - INFO - Task rank_cwe: 160/314 commits processed
2025-10-03 12:44:19,594 - job_qwen_database_1759509089 - INFO - Task rank_cwe: 170/314 commits processed
2025-10-03 12:44:51,377 - job_qwen_database_1759509089 - INFO - Task rank_cwe: 180/314 commits processed
2025-10-03 12:45:23,799 - job_qwen_database_1759509089 - INFO - Task rank_cwe: 190/314 commits processed
2025-10-03 12:45:55,758 - job_qwen_database_1759509089 - INFO - Task rank_cwe: 200/314 commits processed
2025-10-03 12:46:26,699 - job_qwen_database_1759509089 - INFO - Task rank_cwe: 210/314 commits processed
2025-10-03 12:46:58,900 - job_qwen_database_1759509089 - INFO - Task rank_cwe: 220/314 commits processed
2025-10-03 12:47:30,174 - job_qwen_database_1759509089 - INFO - Task rank_cwe: 230/314 commits processed
2025-10-03 12:48:01,278 - job_qwen_database_1759509089 - INFO - Task rank_cwe: 240/314 commits processed
2025-10-03 12:48:32,319 - job_qwen_database_1759509089 - INFO - Task rank_cwe: 250/314 commits processed
2025-10-03 12:49:03,577 - job_qwen_database_1759509089 - INFO - Task rank_cwe: 260/314 commits processed
2025-10-03 12:49:34,831 - job_qwen_database_1759509089 - INFO - Task rank_cwe: 270/314 commits processed
2025-10-03 12:50:05,850 - job_qwen_database_1759509089 - INFO - Task rank_cwe: 280/314 commits processed
2025-10-03 12:50:36,997 - job_qwen_database_1759509089 - INFO - Task rank_cwe: 290/314 commits processed
2025-10-03 12:51:08,050 - job_qwen_database_1759509089 - INFO - Task rank_cwe: 300/314 commits processed
2025-10-03 12:51:39,220 - job_qwen_database_1759509089 - INFO - Task rank_cwe: 310/314 commits processed
2025-10-03 12:51:51,556 - job_qwen_database_1759509089 - INFO - Completed task: rank_cwe
2025-10-03 12:51:51,559 - job_qwen_database_1759509089 - INFO - Job completed successfully
Job created: qwen_database_1759509089
Status: completed
✓ CWE ranking completed successfully for qwen on database
✓ Fri Oct  3 12:51:57 PM EDT 2025: qwen on database completed successfully
===============================================

===============================================
Fri Oct  3 12:52:01 PM EDT 2025: Starting CWE ranking [6] - qwen on database_leakagefree
===============================================
Database not found: data/qwen_database_leakagefree.sqlite
🔄 Will run CWE ranking for qwen on database_leakagefree (database exists)

### Starting CWE ranking for: qwen on database_leakagefree ###
Fri Oct  3 12:52:01 PM EDT 2025: Processing qwen with database_leakagefree.sqlite
Clearing GPU cache for GPU model...
GPU memory cleared
Running: python main.py evaluate qwen --database database_leakagefree --tasks rank_cwe
Starting evaluation with model: qwen
Running evaluation on database_leakagefree.sqlite...
2025-10-03 12:55:51,172 - job_qwen_database_leakagefree_1759510410 - INFO - Starting task: rank_cwe
2025-10-03 12:56:39,125 - job_qwen_database_leakagefree_1759510410 - INFO - Task rank_cwe: 10/103 commits processed
2025-10-03 12:57:10,329 - job_qwen_database_leakagefree_1759510410 - INFO - Task rank_cwe: 20/103 commits processed
2025-10-03 12:57:41,003 - job_qwen_database_leakagefree_1759510410 - INFO - Task rank_cwe: 30/103 commits processed
2025-10-03 12:58:11,871 - job_qwen_database_leakagefree_1759510410 - INFO - Task rank_cwe: 40/103 commits processed
2025-10-03 12:58:43,985 - job_qwen_database_leakagefree_1759510410 - INFO - Task rank_cwe: 50/103 commits processed
2025-10-03 12:59:14,644 - job_qwen_database_leakagefree_1759510410 - INFO - Task rank_cwe: 60/103 commits processed
2025-10-03 12:59:45,190 - job_qwen_database_leakagefree_1759510410 - INFO - Task rank_cwe: 70/103 commits processed
2025-10-03 13:00:15,974 - job_qwen_database_leakagefree_1759510410 - INFO - Task rank_cwe: 80/103 commits processed
2025-10-03 13:00:46,833 - job_qwen_database_leakagefree_1759510410 - INFO - Task rank_cwe: 90/103 commits processed
2025-10-03 13:01:17,494 - job_qwen_database_leakagefree_1759510410 - INFO - Task rank_cwe: 100/103 commits processed
2025-10-03 13:01:26,695 - job_qwen_database_leakagefree_1759510410 - INFO - Completed task: rank_cwe
2025-10-03 13:01:26,698 - job_qwen_database_leakagefree_1759510410 - INFO - Job completed successfully
Job created: qwen_database_leakagefree_1759510410
Status: completed
✓ CWE ranking completed successfully for qwen on database_leakagefree
✓ Fri Oct  3 01:01:29 PM EDT 2025: qwen on database_leakagefree completed successfully
===============================================

===============================================
Fri Oct  3 01:01:31 PM EDT 2025: Starting CWE ranking [7] - llama on database
===============================================
Database not found: data/llama_database.sqlite
🔄 Will run CWE ranking for llama on database (database exists)

### Starting CWE ranking for: llama on database ###
Fri Oct  3 01:01:31 PM EDT 2025: Processing llama with database.sqlite
Clearing GPU cache for GPU model...
GPU memory cleared
Running: python main.py evaluate llama --database database --tasks rank_cwe
Starting evaluation with model: llama
Running evaluation on database.sqlite...
2025-10-03 13:02:23,236 - job_llama_database_1759510940 - INFO - Starting task: rank_cwe
2025-10-03 13:03:08,613 - job_llama_database_1759510940 - INFO - Completed task: rank_cwe
2025-10-03 13:03:08,617 - job_llama_database_1759510940 - INFO - Job completed successfully
Job created: llama_database_1759510940
Status: completed
✓ CWE ranking completed successfully for llama on database
✓ Fri Oct  3 01:03:09 PM EDT 2025: llama on database completed successfully
===============================================

===============================================
Fri Oct  3 01:03:12 PM EDT 2025: Starting CWE ranking [8] - llama on database_leakagefree
===============================================
Database not found: data/llama_database_leakagefree.sqlite
🔄 Will run CWE ranking for llama on database_leakagefree (database exists)

### Starting CWE ranking for: llama on database_leakagefree ###
Fri Oct  3 01:03:12 PM EDT 2025: Processing llama with database_leakagefree.sqlite
Clearing GPU cache for GPU model...
GPU memory cleared
Running: python main.py evaluate llama --database database_leakagefree --tasks rank_cwe
Starting evaluation with model: llama
Running evaluation on database_leakagefree.sqlite...
2025-10-03 13:03:26,214 - job_llama_database_leakagefree_1759511003 - INFO - Starting task: rank_cwe
2025-10-03 13:03:32,125 - job_llama_database_leakagefree_1759511003 - INFO - Completed task: rank_cwe
2025-10-03 13:03:32,127 - job_llama_database_leakagefree_1759511003 - INFO - Job completed successfully
Job created: llama_database_leakagefree_1759511003
Status: completed
✓ CWE ranking completed successfully for llama on database_leakagefree
✓ Fri Oct  3 01:03:33 PM EDT 2025: llama on database_leakagefree completed successfully
===============================================

===============================================
Fri Oct  3 01:03:35 PM EDT 2025: Starting CWE ranking [9] - starcoder on database
===============================================
Database not found: data/starcoder_database.sqlite
🔄 Will run CWE ranking for starcoder on database (database exists)

### Starting CWE ranking for: starcoder on database ###
Fri Oct  3 01:03:35 PM EDT 2025: Processing starcoder with database.sqlite
Clearing GPU cache for GPU model...
GPU memory cleared
Running: python main.py evaluate starcoder --database database --tasks rank_cwe
Starting evaluation with model: starcoder
Running evaluation on database.sqlite...
2025-10-03 13:04:34,234 - job_starcoder_database_1759511072 - INFO - Starting task: rank_cwe
2025-10-03 13:05:14,579 - job_starcoder_database_1759511072 - INFO - Completed task: rank_cwe
2025-10-03 13:05:14,581 - job_starcoder_database_1759511072 - INFO - Job completed successfully
Job created: starcoder_database_1759511072
Status: completed
✓ CWE ranking completed successfully for starcoder on database
✓ Fri Oct  3 01:05:15 PM EDT 2025: starcoder on database completed successfully
===============================================

===============================================
Fri Oct  3 01:05:18 PM EDT 2025: Starting CWE ranking [10] - starcoder on database_leakagefree
===============================================
Database not found: data/starcoder_database_leakagefree.sqlite
🔄 Will run CWE ranking for starcoder on database_leakagefree (database exists)

### Starting CWE ranking for: starcoder on database_leakagefree ###
Fri Oct  3 01:05:18 PM EDT 2025: Processing starcoder with database_leakagefree.sqlite
Clearing GPU cache for GPU model...
GPU memory cleared
Running: python main.py evaluate starcoder --database database_leakagefree --tasks rank_cwe
Starting evaluation with model: starcoder
Running evaluation on database_leakagefree.sqlite...
2025-10-03 13:05:31,685 - job_starcoder_database_leakagefree_1759511129 - INFO - Starting task: rank_cwe
2025-10-03 13:05:36,687 - job_starcoder_database_leakagefree_1759511129 - INFO - Completed task: rank_cwe
2025-10-03 13:05:36,689 - job_starcoder_database_leakagefree_1759511129 - INFO - Job completed successfully
Job created: starcoder_database_leakagefree_1759511129
Status: completed
✓ CWE ranking completed successfully for starcoder on database_leakagefree
✓ Fri Oct  3 01:05:37 PM EDT 2025: starcoder on database_leakagefree completed successfully
===============================================

===============================================
Fri Oct  3 01:05:39 PM EDT 2025: Starting CWE ranking [11] - mistral on database
===============================================
Database not found: data/mistral_database.sqlite
🔄 Will run CWE ranking for mistral on database (database exists)

### Starting CWE ranking for: mistral on database ###
Fri Oct  3 01:05:40 PM EDT 2025: Processing mistral with database.sqlite
Clearing GPU cache for GPU model...
GPU memory cleared
Running: python main.py evaluate mistral --database database --tasks rank_cwe
Starting evaluation with model: mistral
Running evaluation on database.sqlite...
2025-10-03 13:06:31,199 - job_mistral_database_1759511188 - INFO - Starting task: rank_cwe
2025-10-03 13:06:35,461 - job_mistral_database_1759511188 - INFO - Completed task: rank_cwe
2025-10-03 13:06:35,463 - job_mistral_database_1759511188 - INFO - Job completed successfully
Job created: mistral_database_1759511188
Status: completed
✓ CWE ranking completed successfully for mistral on database
✓ Fri Oct  3 01:06:36 PM EDT 2025: mistral on database completed successfully
===============================================

===============================================
Fri Oct  3 01:06:38 PM EDT 2025: Starting CWE ranking [12] - mistral on database_leakagefree
===============================================
Database not found: data/mistral_database_leakagefree.sqlite
🔄 Will run CWE ranking for mistral on database_leakagefree (database exists)

### Starting CWE ranking for: mistral on database_leakagefree ###
Fri Oct  3 01:06:38 PM EDT 2025: Processing mistral with database_leakagefree.sqlite
Clearing GPU cache for GPU model...
GPU memory cleared
Running: python main.py evaluate mistral --database database_leakagefree --tasks rank_cwe
Starting evaluation with model: mistral
Running evaluation on database_leakagefree.sqlite...
2025-10-03 13:06:52,549 - job_mistral_database_leakagefree_1759511210 - INFO - Starting task: rank_cwe
2025-10-03 13:06:53,166 - job_mistral_database_leakagefree_1759511210 - INFO - Completed task: rank_cwe
2025-10-03 13:06:53,168 - job_mistral_database_leakagefree_1759511210 - INFO - Job completed successfully
Job created: mistral_database_leakagefree_1759511210
Status: completed
✓ CWE ranking completed successfully for mistral on database_leakagefree
✓ Fri Oct  3 01:06:54 PM EDT 2025: mistral on database_leakagefree completed successfully
===============================================

===============================================
Fri Oct  3 01:06:56 PM EDT 2025: Starting CWE ranking [13] - gemma on database
===============================================
Database not found: data/gemma_database.sqlite
🔄 Will run CWE ranking for gemma on database (database exists)

### Starting CWE ranking for: gemma on database ###
Fri Oct  3 01:06:56 PM EDT 2025: Processing gemma with database.sqlite
Clearing GPU cache for GPU model...
GPU memory cleared
Running: python main.py evaluate gemma --database database --tasks rank_cwe
Starting evaluation with model: gemma
Running evaluation on database.sqlite...
2025-10-03 13:07:33,916 - job_gemma_database_1759511251 - INFO - Starting task: rank_cwe
2025-10-03 13:07:35,588 - job_gemma_database_1759511251 - INFO - Completed task: rank_cwe
2025-10-03 13:07:35,589 - job_gemma_database_1759511251 - INFO - Job completed successfully
Job created: gemma_database_1759511251
Status: completed
✓ CWE ranking completed successfully for gemma on database
✓ Fri Oct  3 01:07:36 PM EDT 2025: gemma on database completed successfully
===============================================

===============================================
Fri Oct  3 01:07:39 PM EDT 2025: Starting CWE ranking [14] - gemma on database_leakagefree
===============================================
Database not found: data/gemma_database_leakagefree.sqlite
🔄 Will run CWE ranking for gemma on database_leakagefree (database exists)

### Starting CWE ranking for: gemma on database_leakagefree ###
Fri Oct  3 01:07:39 PM EDT 2025: Processing gemma with database_leakagefree.sqlite
Clearing GPU cache for GPU model...
GPU memory cleared
Running: python main.py evaluate gemma --database database_leakagefree --tasks rank_cwe
Starting evaluation with model: gemma
Running evaluation on database_leakagefree.sqlite...
2025-10-03 13:07:52,755 - job_gemma_database_leakagefree_1759511270 - INFO - Starting task: rank_cwe
2025-10-03 13:07:53,234 - job_gemma_database_leakagefree_1759511270 - INFO - Task rank_cwe: 10/103 commits processed
2025-10-03 13:07:53,431 - job_gemma_database_leakagefree_1759511270 - INFO - Task rank_cwe: 20/103 commits processed
2025-10-03 13:07:53,843 - job_gemma_database_leakagefree_1759511270 - INFO - Task rank_cwe: 30/103 commits processed
2025-10-03 13:07:53,887 - job_gemma_database_leakagefree_1759511270 - INFO - Task rank_cwe: 40/103 commits processed
2025-10-03 13:07:54,934 - job_gemma_database_leakagefree_1759511270 - INFO - Task rank_cwe: 50/103 commits processed
2025-10-03 13:07:54,977 - job_gemma_database_leakagefree_1759511270 - INFO - Task rank_cwe: 60/103 commits processed
2025-10-03 13:07:55,020 - job_gemma_database_leakagefree_1759511270 - INFO - Task rank_cwe: 70/103 commits processed
2025-10-03 13:07:55,082 - job_gemma_database_leakagefree_1759511270 - INFO - Task rank_cwe: 80/103 commits processed
2025-10-03 13:07:55,229 - job_gemma_database_leakagefree_1759511270 - INFO - Task rank_cwe: 90/103 commits processed
2025-10-03 13:07:55,276 - job_gemma_database_leakagefree_1759511270 - INFO - Task rank_cwe: 100/103 commits processed
2025-10-03 13:07:55,292 - job_gemma_database_leakagefree_1759511270 - INFO - Completed task: rank_cwe
2025-10-03 13:07:55,293 - job_gemma_database_leakagefree_1759511270 - INFO - Job completed successfully
Job created: gemma_database_leakagefree_1759511270
Status: completed
✓ CWE ranking completed successfully for gemma on database_leakagefree
✓ Fri Oct  3 01:07:56 PM EDT 2025: gemma on database_leakagefree completed successfully
===============================================

===============================================
FINAL CWE RANKING SUMMARY
===============================================
Total runs: 14
Successful: 14
Failed: 0

🎉 ALL CWE RANKING TASKS COMPLETED SUCCESSFULLY!

🔍 Final completion status:
===============================================
Database not found: data/gemini_database.sqlite
Database not found: data/gemini_database_leakagefree.sqlite
Database not found: data/deepseek_database.sqlite
Database not found: data/deepseek_database_leakagefree.sqlite
Database not found: data/qwen_database.sqlite
Database not found: data/qwen_database_leakagefree.sqlite
Database not found: data/llama_database.sqlite
Database not found: data/llama_database_leakagefree.sqlite
Database not found: data/starcoder_database.sqlite
Database not found: data/starcoder_database_leakagefree.sqlite
Database not found: data/mistral_database.sqlite
Database not found: data/mistral_database_leakagefree.sqlite
Database not found: data/gemma_database.sqlite
Database not found: data/gemma_database_leakagefree.sqlite
===============================================
CWE ranking job finished at: Fri Oct  3 01:07:59 PM EDT 2025
===============================================
