WARNING: All log messages before absl::InitializeLog() is called are written to STDERR
E0000 00:00:1759504776.405363  101140 alts_credentials.cc:93] ALTS creds ignored. Not running on GCP and untrusted ALTS is not enabled.
Database error: database is locked
Error ranking CWEs for commit d7a6be58edc01b1c66ecd8fcc91236bfbce0a420: database is locked
Database error: database is locked
Error executing task rank_cwe for commit d7a6be58edc01b1c66ecd8fcc91236bfbce0a420: database is locked
Database error: database is locked
Error ranking CWEs for commit 22c7fa171a02d310e3a3f6ed46a698ca8a0060ed: database is locked
Database error: database is locked
Error executing task rank_cwe for commit 22c7fa171a02d310e3a3f6ed46a698ca8a0060ed: database is locked
Database error: database is locked
Error ranking CWEs for commit 281d464a34f540de166cee74b723e97ac2515ec3: database is locked
Database error: database is locked
Error executing task rank_cwe for commit 281d464a34f540de166cee74b723e97ac2515ec3: database is locked
Database error: database is locked
Error ranking CWEs for commit 6787d916c2cf9850c97a0a3f73e08c43e7d973b1: database is locked
Database error: database is locked
Error executing task rank_cwe for commit 6787d916c2cf9850c97a0a3f73e08c43e7d973b1: database is locked
Database error: database is locked
Error ranking CWEs for commit 7a4b21250bf79eef26543d35bd390448646c536b: database is locked
Database error: database is locked
Error executing task rank_cwe for commit 7a4b21250bf79eef26543d35bd390448646c536b: database is locked
Database error: database is locked
Error ranking CWEs for commit a297d07b9a1e4fb8cda25a4a2363a507d294b7c9: database is locked
Database error: database is locked
Error executing task rank_cwe for commit a297d07b9a1e4fb8cda25a4a2363a507d294b7c9: database is locked
Database error: database is locked
Error ranking CWEs for commit 7c55b78818cfb732680c4a72ab270cc2d2ee3d0f: database is locked
Database error: database is locked
Error executing task rank_cwe for commit 7c55b78818cfb732680c4a72ab270cc2d2ee3d0f: database is locked
Database error: database is locked
Error ranking CWEs for commit a282a2f10539dce2aa619e71e1817570d557fc97: database is locked
Database error: database is locked
Error executing task rank_cwe for commit a282a2f10539dce2aa619e71e1817570d557fc97: database is locked
Database error: database is locked
Error ranking CWEs for commit d3b16034a24a112bb83aeb669ac5b9b01f744bb7: database is locked
Database error: database is locked
Error executing task rank_cwe for commit d3b16034a24a112bb83aeb669ac5b9b01f744bb7: database is locked
Database error: database is locked
Error ranking CWEs for commit 4fbcc1a4cb20fe26ad0225679c536c80f1648221: database is locked
Database error: database is locked
Error executing task rank_cwe for commit 4fbcc1a4cb20fe26ad0225679c536c80f1648221: database is locked
Database error: database is locked
Error ranking CWEs for commit 6788ba8aed4e28e90f72d68a9d794e34eac17295: database is locked
Database error: database is locked
Error executing task rank_cwe for commit 6788ba8aed4e28e90f72d68a9d794e34eac17295: database is locked
Database error: database is locked
Error ranking CWEs for commit 690b2549b19563ec5ad53e5c82f6a944d910086e: database is locked
Database error: database is locked
Error executing task rank_cwe for commit 690b2549b19563ec5ad53e5c82f6a944d910086e: database is locked
Database error: database is locked
Error ranking CWEs for commit 2bfcfd584ff5ccc8bb7acde19b42570414bf880b: database is locked
Database error: database is locked
Error executing task rank_cwe for commit 2bfcfd584ff5ccc8bb7acde19b42570414bf880b: database is locked
Database error: database is locked
Error ranking CWEs for commit 497d370a644d95a9f04271aa92cb96d32e84c770: database is locked
Database error: database is locked
Error executing task rank_cwe for commit 497d370a644d95a9f04271aa92cb96d32e84c770: database is locked
Database error: database is locked
Error ranking CWEs for commit 0ad4b4a2f6357c45fbe444ead1a929a0b4017d03: database is locked
Database error: database is locked
Error executing task rank_cwe for commit 0ad4b4a2f6357c45fbe444ead1a929a0b4017d03: database is locked
Database error: database is locked
Error ranking CWEs for commit 6dc445c1905096b2ed4db1a84570375b4e00cc0f: database is locked
Database error: database is locked
Error executing task rank_cwe for commit 6dc445c1905096b2ed4db1a84570375b4e00cc0f: database is locked
Database error: database is locked
Error ranking CWEs for commit 7ae37db29a8bc4d3d116a409308dd98fc3a0b1b3: database is locked
Database error: database is locked
Error executing task rank_cwe for commit 7ae37db29a8bc4d3d116a409308dd98fc3a0b1b3: database is locked
Database error: database is locked
Error ranking CWEs for commit 838c7b8f1f278404d9d684c34a8cb26dc41aaaa1: database is locked
Database error: database is locked
Error executing task rank_cwe for commit 838c7b8f1f278404d9d684c34a8cb26dc41aaaa1: database is locked
Database error: database is locked
Error ranking CWEs for commit 9368cdf90f52a68120d039887ccff74ff33b4444: database is locked
Database error: database is locked
Error executing task rank_cwe for commit 9368cdf90f52a68120d039887ccff74ff33b4444: database is locked
Database error: database is locked
Error ranking CWEs for commit 8bdd9ef7e9b1b2a73e394712b72b22055e0e26c3: database is locked
Database error: database is locked
Error executing task rank_cwe for commit 8bdd9ef7e9b1b2a73e394712b72b22055e0e26c3: database is locked
Database error: database is locked
Error ranking CWEs for commit bb5ed01cd2428cd25b1c88a3a9cba87055eb289f: database is locked
Database error: database is locked
Error executing task rank_cwe for commit bb5ed01cd2428cd25b1c88a3a9cba87055eb289f: database is locked
Database error: database is locked
Error ranking CWEs for commit c2f8fd7949603efb03908e05abbf7726748c8de3: database is locked
Database error: database is locked
Error executing task rank_cwe for commit c2f8fd7949603efb03908e05abbf7726748c8de3: database is locked
Database error: database is locked
Error ranking CWEs for commit 2d47b79d2bd39cc6369eccf94a06568d84c906ae: database is locked
Database error: database is locked
Error executing task rank_cwe for commit 2d47b79d2bd39cc6369eccf94a06568d84c906ae: database is locked
Database error: database is locked
Error ranking CWEs for commit 39244cc754829bf707dccd12e2ce37510f5b1f8d: database is locked
Database error: database is locked
Error executing task rank_cwe for commit 39244cc754829bf707dccd12e2ce37510f5b1f8d: database is locked
Database error: database is locked
Error ranking CWEs for commit 022587d8aec3da1d1698ddae9fb8cfe35f3ad49c: database is locked
Database error: database is locked
Error executing task rank_cwe for commit 022587d8aec3da1d1698ddae9fb8cfe35f3ad49c: database is locked
Database error: database is locked
Error ranking CWEs for commit 03f12122b20b6e6028e9ed69030a49f9cffcbb75: database is locked
Database error: database is locked
Error executing task rank_cwe for commit 03f12122b20b6e6028e9ed69030a49f9cffcbb75: database is locked
Database error: database is locked
Error ranking CWEs for commit 08e50cf071847323414df0835109b6f3560d44f5: database is locked
Database error: database is locked
Error executing task rank_cwe for commit 08e50cf071847323414df0835109b6f3560d44f5: database is locked
Database error: database is locked
Error ranking CWEs for commit 0d151a103775dd9645c78c97f77d6e2a5298d913: database is locked
Database error: database is locked
Error executing task rank_cwe for commit 0d151a103775dd9645c78c97f77d6e2a5298d913: database is locked
Database error: database is locked
Error ranking CWEs for commit 0f06228d4a2dcc1fca5b3ddb0eefa09c05b102c4: database is locked
Database error: database is locked
Error executing task rank_cwe for commit 0f06228d4a2dcc1fca5b3ddb0eefa09c05b102c4: database is locked
Database error: database is locked
Error ranking CWEs for commit 151f66bb618d1fd0eeb84acb61b4a9fa5d8bb0fa: database is locked
Database error: database is locked
Error executing task rank_cwe for commit 151f66bb618d1fd0eeb84acb61b4a9fa5d8bb0fa: database is locked
Database error: database is locked
Error ranking CWEs for commit 6ad959b6703e2c4c5d7af03b4cfd5ff608036339: database is locked
Database error: database is locked
Error executing task rank_cwe for commit 6ad959b6703e2c4c5d7af03b4cfd5ff608036339: database is locked
Database error: database is locked
Error ranking CWEs for commit 6eabce6608d6f3440f4c03aa3d3ef50a47a3d193: database is locked
Database error: database is locked
Error executing task rank_cwe for commit 6eabce6608d6f3440f4c03aa3d3ef50a47a3d193: database is locked
Database error: database is locked
Error ranking CWEs for commit a5b862c6a221459d54e494e88965b48dcfa6cc44: database is locked
Database error: database is locked
Error executing task rank_cwe for commit a5b862c6a221459d54e494e88965b48dcfa6cc44: database is locked
Database error: database is locked
Error ranking CWEs for commit febccb39255f9df35527b88c953b2e0deae50e53: database is locked
Database error: database is locked
Error executing task rank_cwe for commit febccb39255f9df35527b88c953b2e0deae50e53: database is locked
Database error: database is locked
Error ranking CWEs for commit f3554aeb991214cbfafd17d55e2bfddb50282e32: database is locked
Database error: database is locked
Error executing task rank_cwe for commit f3554aeb991214cbfafd17d55e2bfddb50282e32: database is locked
Database error: database is locked
Error ranking CWEs for commit b4fc36e60f25cf22bf8b7b015a701015740c3743: database is locked
Database error: database is locked
Error executing task rank_cwe for commit b4fc36e60f25cf22bf8b7b015a701015740c3743: database is locked
Database error: database is locked
Error ranking CWEs for commit f16d80b75a096c52354c6e0a574993f3b0dfbdfe: database is locked
Database error: database is locked
Error executing task rank_cwe for commit f16d80b75a096c52354c6e0a574993f3b0dfbdfe: database is locked
Database error: database is locked
Error ranking CWEs for commit 415e3d3e90ce9e18727e8843ae343eda5a58fad6: database is locked
Database error: database is locked
Error executing task rank_cwe for commit 415e3d3e90ce9e18727e8843ae343eda5a58fad6: database is locked
Database error: database is locked
Error ranking CWEs for commit 759c01142a5d0f364a462346168a56de28a80f52: database is locked
Database error: database is locked
Error executing task rank_cwe for commit 759c01142a5d0f364a462346168a56de28a80f52: database is locked
Database error: database is locked
Error ranking CWEs for commit 93362fa47fe98b62e4a34ab408c4a418432e7939: database is locked
Database error: database is locked
Error executing task rank_cwe for commit 93362fa47fe98b62e4a34ab408c4a418432e7939: database is locked
Database error: database is locked
Error ranking CWEs for commit 87797fad6cce28ec9be3c13f031776ff4f104cfc: database is locked
Database error: database is locked
Error executing task rank_cwe for commit 87797fad6cce28ec9be3c13f031776ff4f104cfc: database is locked
Database error: database is locked
Error ranking CWEs for commit bb7a0156365dffe2fcd63e2051145fbe4f8908b4: database is locked
Database error: database is locked
Error executing task rank_cwe for commit bb7a0156365dffe2fcd63e2051145fbe4f8908b4: database is locked
Database error: database is locked
Error ranking CWEs for commit 1fb254aa983bf190cfd685d40c64a480a9bafaee: database is locked
Database error: database is locked
Error executing task rank_cwe for commit 1fb254aa983bf190cfd685d40c64a480a9bafaee: database is locked
Database error: database is locked
Error ranking CWEs for commit 8a2b22203f8596729c54eba221b4044351bfe167: database is locked
Database error: database is locked
Error executing task rank_cwe for commit 8a2b22203f8596729c54eba221b4044351bfe167: database is locked
Database error: database is locked
Error ranking CWEs for commit 967c05aee439e6e5d7d805e195b3a20ef5c433d6: database is locked
Database error: database is locked
Error executing task rank_cwe for commit 967c05aee439e6e5d7d805e195b3a20ef5c433d6: database is locked
Database error: database is locked
Error ranking CWEs for commit 0e50fcc20bd87584840266e8004f9064a8985b4f: database is locked
Database error: database is locked
Error executing task rank_cwe for commit 0e50fcc20bd87584840266e8004f9064a8985b4f: database is locked
Database error: database is locked
Error ranking CWEs for commit 18921b205012568b45760753ad3146ddb9e2d4e2: database is locked
Database error: database is locked
Error executing task rank_cwe for commit 18921b205012568b45760753ad3146ddb9e2d4e2: database is locked
Database error: database is locked
Error ranking CWEs for commit 3c0a2e0b0ae661457c8505fecc7be5501aa7a715: database is locked
Database error: database is locked
Error executing task rank_cwe for commit 3c0a2e0b0ae661457c8505fecc7be5501aa7a715: database is locked
Database error: database is locked
Error ranking CWEs for commit 44348870de4b8f292f97b84583a298d66fbaf738: database is locked
Database error: database is locked
Error executing task rank_cwe for commit 44348870de4b8f292f97b84583a298d66fbaf738: database is locked
Database error: database is locked
Error ranking CWEs for commit 45d355a926ab40f3ae7bc0b0a00cb0e3e8a5a810: database is locked
Database error: database is locked
Error executing task rank_cwe for commit 45d355a926ab40f3ae7bc0b0a00cb0e3e8a5a810: database is locked
Database error: database is locked
Error ranking CWEs for commit 0dc9254e03704c75f2ebc9cbef2ce4de83fba603: database is locked
Database error: database is locked
Error executing task rank_cwe for commit 0dc9254e03704c75f2ebc9cbef2ce4de83fba603: database is locked
Database error: database is locked
Error ranking CWEs for commit 1c8e2349f2d033f634d046063b704b2ca6c46972: database is locked
Database error: database is locked
Error executing task rank_cwe for commit 1c8e2349f2d033f634d046063b704b2ca6c46972: database is locked
Database error: database is locked
Error ranking CWEs for commit 3a732b46736cd8a29092e4b0b1a9ba83e672bf89: database is locked
Database error: database is locked
Error executing task rank_cwe for commit 3a732b46736cd8a29092e4b0b1a9ba83e672bf89: database is locked
Database error: database is locked
Error ranking CWEs for commit 3c52c6bb831f6335c176a0fc7214e26f43adbd11: database is locked
Database error: database is locked
Error executing task rank_cwe for commit 3c52c6bb831f6335c176a0fc7214e26f43adbd11: database is locked
Database error: database is locked
Error ranking CWEs for commit 93e2be344a7db169b7119de21ac1bf253b8c6907: database is locked
Database error: database is locked
Error executing task rank_cwe for commit 93e2be344a7db169b7119de21ac1bf253b8c6907: database is locked
Database error: database is locked
Error ranking CWEs for commit 10d9d8c3512f16cad47b2ff81ec6fc4b27d8ee10: database is locked
Database error: database is locked
Error executing task rank_cwe for commit 10d9d8c3512f16cad47b2ff81ec6fc4b27d8ee10: database is locked
Database error: database is locked
Error ranking CWEs for commit 33f58a0480bb9e2479ccdf556f61363723a50d47: database is locked
Database error: database is locked
Error executing task rank_cwe for commit 33f58a0480bb9e2479ccdf556f61363723a50d47: database is locked
Database error: database is locked
Error ranking CWEs for commit 4df153652cc46545722879415937582028c18af5: database is locked
Database error: database is locked
Error executing task rank_cwe for commit 4df153652cc46545722879415937582028c18af5: database is locked
Database error: database is locked
Error ranking CWEs for commit 7c9631969287a5366bc8e39cd5abff154b35fb80: database is locked
Database error: database is locked
Error executing task rank_cwe for commit 7c9631969287a5366bc8e39cd5abff154b35fb80: database is locked
Database error: database is locked
Error ranking CWEs for commit 919ddf8336f0b84c0453bac583808c9f165a85c2: database is locked
Database error: database is locked
Error executing task rank_cwe for commit 919ddf8336f0b84c0453bac583808c9f165a85c2: database is locked
Database error: database is locked
Error ranking CWEs for commit a0fbbd36c156b9f7b2276871d499c9943dfe5101: database is locked
Database error: database is locked
Error executing task rank_cwe for commit a0fbbd36c156b9f7b2276871d499c9943dfe5101: database is locked
Database error: database is locked
Error ranking CWEs for commit 0a8d3f2e3e8d8aea8af017e14227b91d5989b696: database is locked
Database error: database is locked
Error executing task rank_cwe for commit 0a8d3f2e3e8d8aea8af017e14227b91d5989b696: database is locked
Database error: database is locked
Error ranking CWEs for commit 0a8db05b571ad5b8d5c8774a004c0424260a90bd: database is locked
Database error: database is locked
Error executing task rank_cwe for commit 0a8db05b571ad5b8d5c8774a004c0424260a90bd: database is locked
Database error: database is locked
Error ranking CWEs for commit 10d9d8c3512f16cad47b2ff81ec6fc4b27d8ee10: database is locked
Database error: database is locked
Error executing task rank_cwe for commit 10d9d8c3512f16cad47b2ff81ec6fc4b27d8ee10: database is locked
Database error: database is locked
Error ranking CWEs for commit 1b3ec4f7c03d4b07bad70697d7e2f4088d2cfe92: database is locked
Database error: database is locked
Error executing task rank_cwe for commit 1b3ec4f7c03d4b07bad70697d7e2f4088d2cfe92: database is locked
Database error: database is locked
Error ranking CWEs for commit 1be59c97c83ccd67a519d8a49486b3a8a73ca28a: database is locked
Database error: database is locked
Error executing task rank_cwe for commit 1be59c97c83ccd67a519d8a49486b3a8a73ca28a: database is locked
Database error: database is locked
Error ranking CWEs for commit 1cb6f0bae50441f4b4b32a28315853b279c7404e: database is locked
Database error: database is locked
Error executing task rank_cwe for commit 1cb6f0bae50441f4b4b32a28315853b279c7404e: database is locked
Database error: database is locked
Error ranking CWEs for commit 005e528c242b19b8131f300dcd4e730e89992acb: database is locked
Database error: database is locked
Error executing task rank_cwe for commit 005e528c242b19b8131f300dcd4e730e89992acb: database is locked
Database error: database is locked
Error ranking CWEs for commit 021d53a3d87eeb9dbba524ac515651242a2a7e3b: database is locked
Database error: database is locked
Error executing task rank_cwe for commit 021d53a3d87eeb9dbba524ac515651242a2a7e3b: database is locked
Database error: database is locked
Error ranking CWEs for commit 046667c4d3196938e992fba0dfcde570aa85cd0e: database is locked
Database error: database is locked
Error executing task rank_cwe for commit 046667c4d3196938e992fba0dfcde570aa85cd0e: database is locked
Database error: database is locked
Error ranking CWEs for commit 0cc65482f5b03ac2b1c240bc34665e43ea2d71bb: database is locked
Database error: database is locked
Error executing task rank_cwe for commit 0cc65482f5b03ac2b1c240bc34665e43ea2d71bb: database is locked
Database error: database is locked
Error ranking CWEs for commit 339b84ab6b1d66900c27bd999271cb2ae40ce812: database is locked
Database error: database is locked
Error executing task rank_cwe for commit 339b84ab6b1d66900c27bd999271cb2ae40ce812: database is locked
Database error: database is locked
Error ranking CWEs for commit 3c0da3d163eb32f1f91891efaade027fa9b245b9: database is locked
Database error: database is locked
Error executing task rank_cwe for commit 3c0da3d163eb32f1f91891efaade027fa9b245b9: database is locked
Database error: database is locked
Error ranking CWEs for commit da2c8fef130ec7197e2f91c7ed70a8c5bede4bea: database is locked
Database error: database is locked
Error executing task rank_cwe for commit da2c8fef130ec7197e2f91c7ed70a8c5bede4bea: database is locked
Database error: database is locked
Error ranking CWEs for commit e0011bca603c101f2a3c007bdb77f7006fa78fb1: database is locked
Database error: database is locked
Error executing task rank_cwe for commit e0011bca603c101f2a3c007bdb77f7006fa78fb1: database is locked
Database error: database is locked
Error ranking CWEs for commit e9767137308daf906496613fd879808a07f006a2: database is locked
Database error: database is locked
Error executing task rank_cwe for commit e9767137308daf906496613fd879808a07f006a2: database is locked
Database error: database is locked
Error ranking CWEs for commit 2c10b61421a28e95a46ab489fd56c0f442ff6952: database is locked
Database error: database is locked
Error executing task rank_cwe for commit 2c10b61421a28e95a46ab489fd56c0f442ff6952: database is locked
Database error: database is locked
Error ranking CWEs for commit 9d2231c5d74e13b2a0546fee6737ee4446017903: database is locked
Database error: database is locked
Error executing task rank_cwe for commit 9d2231c5d74e13b2a0546fee6737ee4446017903: database is locked
Database error: database is locked
Error ranking CWEs for commit 87e3ca055cdc6c63fb82b9bec7c370405d03f6ef: database is locked
Database error: database is locked
Error executing task rank_cwe for commit 87e3ca055cdc6c63fb82b9bec7c370405d03f6ef: database is locked
Database error: database is locked
Error ranking CWEs for commit b65235f6e102354ccafda601eaa1c5bef5284d21: database is locked
Database error: database is locked
Error executing task rank_cwe for commit b65235f6e102354ccafda601eaa1c5bef5284d21: database is locked
Database error: database is locked
Error ranking CWEs for commit ab0fc21bc7105b54bafd85bd8b82742f9e68898a: database is locked
Database error: database is locked
Error executing task rank_cwe for commit ab0fc21bc7105b54bafd85bd8b82742f9e68898a: database is locked
Database error: database is locked
Error ranking CWEs for commit ac795161c93699d600db16c1a8cc23a65a1eceaf: database is locked
Database error: database is locked
Error executing task rank_cwe for commit ac795161c93699d600db16c1a8cc23a65a1eceaf: database is locked
Database error: database is locked
Error ranking CWEs for commit f7abc4c8df8c7930d0b9c56d9abee9a1fca635e9: database is locked
Database error: database is locked
Error executing task rank_cwe for commit f7abc4c8df8c7930d0b9c56d9abee9a1fca635e9: database is locked
Database error: database is locked
Error ranking CWEs for commit cc7a0bb058b85ea03db87169c60c7cfdd5d34678: database is locked
Database error: database is locked
Error executing task rank_cwe for commit cc7a0bb058b85ea03db87169c60c7cfdd5d34678: database is locked
Database error: database is locked
Error ranking CWEs for commit 48f091fd50b2eb33ae5eaea9ed3c4f81603acf38: database is locked
Database error: database is locked
Error executing task rank_cwe for commit 48f091fd50b2eb33ae5eaea9ed3c4f81603acf38: database is locked
Database error: database is locked
Error ranking CWEs for commit 64d2c847ba380e07b9072d65a50aa6469d2aa43f: database is locked
Database error: database is locked
Error executing task rank_cwe for commit 64d2c847ba380e07b9072d65a50aa6469d2aa43f: database is locked
Database error: database is locked
Error ranking CWEs for commit 2b09d5d364986f724f17001ccfe4126b9b43a0be: database is locked
Database error: database is locked
Error executing task rank_cwe for commit 2b09d5d364986f724f17001ccfe4126b9b43a0be: database is locked
Database error: database is locked
Error ranking CWEs for commit 71b547f561247897a0a14f3082730156c0533fed: database is locked
Database error: database is locked
Error executing task rank_cwe for commit 71b547f561247897a0a14f3082730156c0533fed: database is locked
Database error: database is locked
Error ranking CWEs for commit 8267fc71abb2dc47338570e56dd3473a58313fce: database is locked
Database error: database is locked
Error executing task rank_cwe for commit 8267fc71abb2dc47338570e56dd3473a58313fce: database is locked
Database error: database is locked
Error ranking CWEs for commit 10bf4e83167cc68595b85fd73bb91e8f2c086e36: database is locked
Database error: database is locked
Error executing task rank_cwe for commit 10bf4e83167cc68595b85fd73bb91e8f2c086e36: database is locked
Database error: database is locked
Error ranking CWEs for commit e9261476184be1abd486c9434164b2acbe0ed6c2: database is locked
Database error: database is locked
Error executing task rank_cwe for commit e9261476184be1abd486c9434164b2acbe0ed6c2: database is locked
Database error: database is locked
Error ranking CWEs for commit 137d23cea1c044b2d4853ac71bc68126b25fdbb2: database is locked
Database error: database is locked
Error executing task rank_cwe for commit 137d23cea1c044b2d4853ac71bc68126b25fdbb2: database is locked
Database error: database is locked
Error ranking CWEs for commit b38e7819cae946e2edf869e604af1e65a5d241c5: database is locked
Database error: database is locked
Error executing task rank_cwe for commit b38e7819cae946e2edf869e604af1e65a5d241c5: database is locked
Database error: database is locked
Error ranking CWEs for commit f227e3ec3b5cad859ad15666874405e8c1bbc1d4: database is locked
Database error: database is locked
Error executing task rank_cwe for commit f227e3ec3b5cad859ad15666874405e8c1bbc1d4: database is locked
Database error: database is locked
Error ranking CWEs for commit 55667441c84fa5e0911a0aac44fb059c15ba6da2: database is locked
Database error: database is locked
Error executing task rank_cwe for commit 55667441c84fa5e0911a0aac44fb059c15ba6da2: database is locked
Database error: database is locked
Error ranking CWEs for commit 4b842e4e25b12951fa10dedb4bc16bc47e3b850c: database is locked
Database error: database is locked
Error executing task rank_cwe for commit 4b842e4e25b12951fa10dedb4bc16bc47e3b850c: database is locked
Database error: database is locked
Error ranking CWEs for commit 74e19ef0ff8061ef55957c3abd71614ef0f42f47: database is locked
Database error: database is locked
Error executing task rank_cwe for commit 74e19ef0ff8061ef55957c3abd71614ef0f42f47: database is locked
Database error: database is locked
Error ranking CWEs for commit 501e38a5531efbd77d5c73c0ba838a889bfc1d74: database is locked
Database error: database is locked
Error executing task rank_cwe for commit 501e38a5531efbd77d5c73c0ba838a889bfc1d74: database is locked
Database error: database is locked
Error ranking CWEs for commit 89f3594d0de58e8a57d92d497dea9fee3d4b9cda: database is locked
Database error: database is locked
Error executing task rank_cwe for commit 89f3594d0de58e8a57d92d497dea9fee3d4b9cda: database is locked
Database error: database is locked
Error ranking CWEs for commit 98bea253aa28ad8be2ce565a9ca21beb4a9419e5: database is locked
Database error: database is locked
Error executing task rank_cwe for commit 98bea253aa28ad8be2ce565a9ca21beb4a9419e5: database is locked
Database error: database is locked
Error ranking CWEs for commit 16c8d2df7ec0eed31b7d3b61cb13206a7fb930cc: database is locked
Database error: database is locked
Error executing task rank_cwe for commit 16c8d2df7ec0eed31b7d3b61cb13206a7fb930cc: database is locked
Database error: database is locked
Error ranking CWEs for commit 28e8b7406d3a1f5329a03aa25a43aa28e087cb20: database is locked
Database error: database is locked
Error executing task rank_cwe for commit 28e8b7406d3a1f5329a03aa25a43aa28e087cb20: database is locked
Database error: database is locked
Error ranking CWEs for commit 3a861560ccb35f2a4f0a4b8207fa7c2a35fc7f31: database is locked
Database error: database is locked
Error executing task rank_cwe for commit 3a861560ccb35f2a4f0a4b8207fa7c2a35fc7f31: database is locked
Database error: database is locked
Error ranking CWEs for commit 7e9f79428372c6eab92271390851be34ab26bfb4: database is locked
Database error: database is locked
Error executing task rank_cwe for commit 7e9f79428372c6eab92271390851be34ab26bfb4: database is locked
Database error: database is locked
Error ranking CWEs for commit cfa1a2329a691ffd991fcf7248a57d752e712881: database is locked
Database error: database is locked
Error executing task rank_cwe for commit cfa1a2329a691ffd991fcf7248a57d752e712881: database is locked
Database error: database is locked
Error ranking CWEs for commit f8bbc07ac535593139c875ffa19af924b1084540: database is locked
Database error: database is locked
Error executing task rank_cwe for commit f8bbc07ac535593139c875ffa19af924b1084540: database is locked
Database error: database is locked
Error ranking CWEs for commit 2a5dc090b92cfa5270e20056074241c6db5c9cdd: database is locked
Database error: database is locked
Error executing task rank_cwe for commit 2a5dc090b92cfa5270e20056074241c6db5c9cdd: database is locked
Database error: database is locked
Error ranking CWEs for commit 483ae90d8f976f8339cf81066312e1329f2d3706: database is locked
Database error: database is locked
Error executing task rank_cwe for commit 483ae90d8f976f8339cf81066312e1329f2d3706: database is locked
Database error: database is locked
Error ranking CWEs for commit 61ebe5a747da649057c37be1c37eb934b4af79ca: database is locked
Database error: database is locked
Error executing task rank_cwe for commit 61ebe5a747da649057c37be1c37eb934b4af79ca: database is locked
Database error: database is locked
Error ranking CWEs for commit 7db4042336580dfd75cb5faa82c12cd51098c90b: database is locked
Database error: database is locked
Error executing task rank_cwe for commit 7db4042336580dfd75cb5faa82c12cd51098c90b: database is locked
Database error: database is locked
Error ranking CWEs for commit 80a1e7b83bb1834b5568a3872e64c05795d88f31: database is locked
Database error: database is locked
Error executing task rank_cwe for commit 80a1e7b83bb1834b5568a3872e64c05795d88f31: database is locked
Database error: database is locked
Error ranking CWEs for commit 8aba27c4a5020abdf60149239198297f88338a8d: database is locked
Database error: database is locked
Error executing task rank_cwe for commit 8aba27c4a5020abdf60149239198297f88338a8d: database is locked
Database error: database is locked
Error ranking CWEs for commit 4a77c3dead97339478c7422eb07bf4bf63577008: database is locked
Database error: database is locked
Error executing task rank_cwe for commit 4a77c3dead97339478c7422eb07bf4bf63577008: database is locked
Database error: database is locked
Error ranking CWEs for commit 626dfed5fa3bfb41e0dffd796032b555b69f9cde: database is locked
Database error: database is locked
Error executing task rank_cwe for commit 626dfed5fa3bfb41e0dffd796032b555b69f9cde: database is locked
Database error: database is locked
Error ranking CWEs for commit 907c3fe532253a6ef4eb9c4d67efb71fab58c706: database is locked
Database error: database is locked
Error executing task rank_cwe for commit 907c3fe532253a6ef4eb9c4d67efb71fab58c706: database is locked
Database error: database is locked
Error ranking CWEs for commit b1f532a3b1e6d2e5559c7ace49322922637a28aa: database is locked
Database error: database is locked
Error executing task rank_cwe for commit b1f532a3b1e6d2e5559c7ace49322922637a28aa: database is locked
Database error: database is locked
Error ranking CWEs for commit d864319871b05fadd153e0aede4811ca7008f5d6: database is locked
Database error: database is locked
Error executing task rank_cwe for commit d864319871b05fadd153e0aede4811ca7008f5d6: database is locked
Database error: database is locked
Error ranking CWEs for commit 646be03ec46cc736d78ca4db2e0b00fa84446d77: database is locked
Database error: database is locked
Error executing task rank_cwe for commit 646be03ec46cc736d78ca4db2e0b00fa84446d77: database is locked
Database error: database is locked
Error ranking CWEs for commit 7c4a5b89a0b5a57a64b601775b296abf77a9fe97: database is locked
Database error: database is locked
Error executing task rank_cwe for commit 7c4a5b89a0b5a57a64b601775b296abf77a9fe97: database is locked
Database error: database is locked
Error ranking CWEs for commit 84115f0e74ea73eccc44842a125f242a02097493: database is locked
Database error: database is locked
Error executing task rank_cwe for commit 84115f0e74ea73eccc44842a125f242a02097493: database is locked
Database error: database is locked
Error ranking CWEs for commit a2965c7be0522eaa18808684b7b82b248515511b: database is locked
Database error: database is locked
Error executing task rank_cwe for commit a2965c7be0522eaa18808684b7b82b248515511b: database is locked
Database error: database is locked
Error ranking CWEs for commit a65120bae4b7: database is locked
Database error: database is locked
Error executing task rank_cwe for commit a65120bae4b7: database is locked
Database error: database is locked
Error ranking CWEs for commit 24f6008564183aa120d07c03d9289519c2fe02af: database is locked
Database error: database is locked
Error executing task rank_cwe for commit 24f6008564183aa120d07c03d9289519c2fe02af: database is locked
Database error: database is locked
Error ranking CWEs for commit c80d401c52a2d1baf2a5afeb06f0ffe678e56d23: database is locked
Database error: database is locked
Error executing task rank_cwe for commit c80d401c52a2d1baf2a5afeb06f0ffe678e56d23: database is locked
Database error: database is locked
Error ranking CWEs for commit ee1fee900537b5d9560e9f937402de5ddc8412f3: database is locked
Database error: database is locked
Error executing task rank_cwe for commit ee1fee900537b5d9560e9f937402de5ddc8412f3: database is locked
Database error: database is locked
Error ranking CWEs for commit 0f923e07124df069ba68d8bb12324398f4b6b709: database is locked
Database error: database is locked
Error executing task rank_cwe for commit 0f923e07124df069ba68d8bb12324398f4b6b709: database is locked
Database error: database is locked
Error ranking CWEs for commit 1201d68f4781141411e734315f22457e6ea2cfcb: database is locked
Database error: database is locked
Error executing task rank_cwe for commit 1201d68f4781141411e734315f22457e6ea2cfcb: database is locked
Database error: database is locked
Error ranking CWEs for commit 20c40794eb85ea29852d7bc37c55713802a543d6: database is locked
Database error: database is locked
Error executing task rank_cwe for commit 20c40794eb85ea29852d7bc37c55713802a543d6: database is locked
Database error: database is locked
Error ranking CWEs for commit 25c150ac103a4ebeed0319994c742a90634ddf18: database is locked
Database error: database is locked
Error executing task rank_cwe for commit 25c150ac103a4ebeed0319994c742a90634ddf18: database is locked
Database error: database is locked
Error ranking CWEs for commit 25e97f7b1866e6b8503be349eeea44bb52d661ce: database is locked
Database error: database is locked
Error executing task rank_cwe for commit 25e97f7b1866e6b8503be349eeea44bb52d661ce: database is locked
Database error: database is locked
Error ranking CWEs for commit 31d49ba033095f6e8158c60f69714a500922e0c3: database is locked
Database error: database is locked
Error executing task rank_cwe for commit 31d49ba033095f6e8158c60f69714a500922e0c3: database is locked
Database error: database is locked
Error ranking CWEs for commit 5c9241f3ceab3257abe2923a59950db0dc8bb737: database is locked
Database error: database is locked
Error executing task rank_cwe for commit 5c9241f3ceab3257abe2923a59950db0dc8bb737: database is locked
Database error: database is locked
Error ranking CWEs for commit 9bc3047374d5bec163e83e743709e23753376f0c: database is locked
Database error: database is locked
Error executing task rank_cwe for commit 9bc3047374d5bec163e83e743709e23753376f0c: database is locked
Database error: database is locked
Error ranking CWEs for commit 801c6058d14a82179a7ee17a4b532cac6fad067f: database is locked
Database error: database is locked
Error executing task rank_cwe for commit 801c6058d14a82179a7ee17a4b532cac6fad067f: database is locked
Database error: database is locked
Error ranking CWEs for commit 0570730c16307a72f8241df12363f76600baf57d: database is locked
Database error: database is locked
Error executing task rank_cwe for commit 0570730c16307a72f8241df12363f76600baf57d: database is locked
Database error: database is locked
Error ranking CWEs for commit 3a3be7ff9224f424e485287b54be00d2c6bd9c40: database is locked
Database error: database is locked
Error executing task rank_cwe for commit 3a3be7ff9224f424e485287b54be00d2c6bd9c40: database is locked
Database error: database is locked
Error ranking CWEs for commit 6d745cd0e9720282cd291d36b9db528aea18add2: database is locked
Database error: database is locked
Error executing task rank_cwe for commit 6d745cd0e9720282cd291d36b9db528aea18add2: database is locked
Database error: database is locked
Error ranking CWEs for commit 6ea14ccb60c8ab829349979b22b58a941ec4a3ee: database is locked
Database error: database is locked
Error executing task rank_cwe for commit 6ea14ccb60c8ab829349979b22b58a941ec4a3ee: database is locked
Database error: database is locked
Error ranking CWEs for commit e4a87abf588536d1cdfb128595e6e680af5cf3ed: database is locked
Database error: database is locked
Error executing task rank_cwe for commit e4a87abf588536d1cdfb128595e6e680af5cf3ed: database is locked
Database error: database is locked
Error ranking CWEs for commit 06582bc86d7f48d35cd044098ca1e246e8c7c52e: database is locked
Database error: database is locked
Error executing task rank_cwe for commit 06582bc86d7f48d35cd044098ca1e246e8c7c52e: database is locked
Database error: database is locked
Error ranking CWEs for commit 32452a3eb8b64e01e2be717f518c0be046975b9d: database is locked
Database error: database is locked
Error executing task rank_cwe for commit 32452a3eb8b64e01e2be717f518c0be046975b9d: database is locked
Database error: database is locked
Error ranking CWEs for commit 4c905f6740a365464e91467aa50916555b28213d: database is locked
Database error: database is locked
Error executing task rank_cwe for commit 4c905f6740a365464e91467aa50916555b28213d: database is locked
Database error: database is locked
Error ranking CWEs for commit 50535249f624d0072cd885bcdce4e4b6fb770160: database is locked
Database error: database is locked
Error executing task rank_cwe for commit 50535249f624d0072cd885bcdce4e4b6fb770160: database is locked
Database error: database is locked
Error ranking CWEs for commit 6577b9a551aedb86bca6d4438c28386361845108: database is locked
Database error: database is locked
Error executing task rank_cwe for commit 6577b9a551aedb86bca6d4438c28386361845108: database is locked
Database error: database is locked
Error ranking CWEs for commit b9258a2cece4ec1f020715fe3554bc2e360f6264: database is locked
Database error: database is locked
Error executing task rank_cwe for commit b9258a2cece4ec1f020715fe3554bc2e360f6264: database is locked
Database error: database is locked
Error ranking CWEs for commit 0e881c0a4b6146b7e856735226208f48251facd8: database is locked
Database error: database is locked
Error executing task rank_cwe for commit 0e881c0a4b6146b7e856735226208f48251facd8: database is locked
Database error: database is locked
Error ranking CWEs for commit 7835fcfd132eb88b87e8eb901f88436f63ab60f7: database is locked
Database error: database is locked
Error executing task rank_cwe for commit 7835fcfd132eb88b87e8eb901f88436f63ab60f7: database is locked
Database error: database is locked
Error ranking CWEs for commit 97f7cf1cd80eeed3b7c808b7c12463295c751001: database is locked
Database error: database is locked
Error executing task rank_cwe for commit 97f7cf1cd80eeed3b7c808b7c12463295c751001: database is locked
Database error: database is locked
Error ranking CWEs for commit 4e78921ba4dd0aca1cc89168f45039add4183f8e: database is locked
Database error: database is locked
Error executing task rank_cwe for commit 4e78921ba4dd0aca1cc89168f45039add4183f8e: database is locked
Database error: database is locked
Error ranking CWEs for commit 58bdd544e2933a21a51eecf17c3f5f94038261b5: database is locked
Database error: database is locked
Error executing task rank_cwe for commit 58bdd544e2933a21a51eecf17c3f5f94038261b5: database is locked
Database error: database is locked
Error ranking CWEs for commit 6ff7b060535e87c2ae14dd8548512abfdda528fb: database is locked
Database error: database is locked
Error executing task rank_cwe for commit 6ff7b060535e87c2ae14dd8548512abfdda528fb: database is locked
Database error: database is locked
Error ranking CWEs for commit 80caf43549e7e41a695c6d1e11066286538b336f: database is locked
Database error: database is locked
Error executing task rank_cwe for commit 80caf43549e7e41a695c6d1e11066286538b336f: database is locked
Database error: database is locked
Error ranking CWEs for commit 84ecc2f6eb1cb12e6d44818f94fa49b50f06e6ac: database is locked
Database error: database is locked
Error executing task rank_cwe for commit 84ecc2f6eb1cb12e6d44818f94fa49b50f06e6ac: database is locked
Database error: database is locked
Error ranking CWEs for commit efa9ace68e487ddd29c2b4d6dd23242158f1f607: database is locked
Database error: database is locked
Error executing task rank_cwe for commit efa9ace68e487ddd29c2b4d6dd23242158f1f607: database is locked
Database error: database is locked
Error ranking CWEs for commit 6921ed9049bc7457f66c1596c5b78aec0dae4a9d: database is locked
Database error: database is locked
Error executing task rank_cwe for commit 6921ed9049bc7457f66c1596c5b78aec0dae4a9d: database is locked
Database error: database is locked
Error ranking CWEs for commit 2039f26f3aca5b0e419b98f65dd36481337b86ee: database is locked
Database error: database is locked
Error executing task rank_cwe for commit 2039f26f3aca5b0e419b98f65dd36481337b86ee: database is locked
Database error: database is locked
Error ranking CWEs for commit 2671fa4dc0109d3fb581bc3078fdf17b5d9080f6: database is locked
Database error: database is locked
Error executing task rank_cwe for commit 2671fa4dc0109d3fb581bc3078fdf17b5d9080f6: database is locked
Database error: database is locked
Error ranking CWEs for commit f5e81d1117501546b7be050c5fbafa6efd2c722c: database is locked
Database error: database is locked
Error executing task rank_cwe for commit f5e81d1117501546b7be050c5fbafa6efd2c722c: database is locked
Database error: database is locked
Error ranking CWEs for commit 10d2bb2e6b1d8c4576c56a748f697dbeb8388899: database is locked
Database error: database is locked
Error executing task rank_cwe for commit 10d2bb2e6b1d8c4576c56a748f697dbeb8388899: database is locked
Database error: database is locked
Error ranking CWEs for commit b1a5983f56e371046dcf164f90bfaf704d2b89f6: database is locked
Database error: database is locked
Error executing task rank_cwe for commit b1a5983f56e371046dcf164f90bfaf704d2b89f6: database is locked
Database error: database is locked
Error ranking CWEs for commit 0fa3ecd87848c9c93c2c828ef4c3a8ca36ce46c7: database is locked
Database error: database is locked
Error executing task rank_cwe for commit 0fa3ecd87848c9c93c2c828ef4c3a8ca36ce46c7: database is locked
Database error: database is locked
Error ranking CWEs for commit 1995266727fa8143897e89b55f5d3c79aa828420: database is locked
Database error: database is locked
Error executing task rank_cwe for commit 1995266727fa8143897e89b55f5d3c79aa828420: database is locked
Database error: database is locked
Error ranking CWEs for commit a0ec1ded22e6a6bc41981fae22406835b006a66e: database is locked
Database error: database is locked
Error executing task rank_cwe for commit a0ec1ded22e6a6bc41981fae22406835b006a66e: database is locked
Database error: database is locked
Error ranking CWEs for commit e9f57ebcba563e0cd532926cab83c92bb4d79360: database is locked
Database error: database is locked
Error executing task rank_cwe for commit e9f57ebcba563e0cd532926cab83c92bb4d79360: database is locked
Database error: database is locked
Error ranking CWEs for commit 096fe9eaea40a17e125569f9e657e34cdb6d73bd: database is locked
Database error: database is locked
Error executing task rank_cwe for commit 096fe9eaea40a17e125569f9e657e34cdb6d73bd: database is locked
Database error: database is locked
Error ranking CWEs for commit 0f2af21aae11972fa924374ddcf52e88347cf5a8: database is locked
Database error: database is locked
Error executing task rank_cwe for commit 0f2af21aae11972fa924374ddcf52e88347cf5a8: database is locked
Database error: database is locked
Error ranking CWEs for commit 3f7352bf21f8fd7ba3e2fcef9488756f188e12be: database is locked
Database error: database is locked
Error executing task rank_cwe for commit 3f7352bf21f8fd7ba3e2fcef9488756f188e12be: database is locked
Database error: database is locked
Error ranking CWEs for commit 637b58c2887e5e57850865839cc75f59184b23d1: database is locked
Database error: database is locked
Error executing task rank_cwe for commit 637b58c2887e5e57850865839cc75f59184b23d1: database is locked
Database error: database is locked
Error ranking CWEs for commit 6fd99094de2b83d1d4c8457f2c83483b2828e75a: database is locked
Database error: database is locked
Error executing task rank_cwe for commit 6fd99094de2b83d1d4c8457f2c83483b2828e75a: database is locked
Database error: database is locked
Error ranking CWEs for commit 979d63d50c0c0f7bc537bf821e056cc9fe5abd38: database is locked
Database error: database is locked
Error executing task rank_cwe for commit 979d63d50c0c0f7bc537bf821e056cc9fe5abd38: database is locked
Database error: database is locked
Error ranking CWEs for commit d3bd7413e0ca40b60cf60d4003246d067cafdeda: database is locked
Database error: database is locked
Error executing task rank_cwe for commit d3bd7413e0ca40b60cf60d4003246d067cafdeda: database is locked
Database error: database is locked
Error ranking CWEs for commit 8b8a321ff72c785ed5e8b4cf6eda20b35d427390: database is locked
Database error: database is locked
Error executing task rank_cwe for commit 8b8a321ff72c785ed5e8b4cf6eda20b35d427390: database is locked
Database error: database is locked
Error ranking CWEs for commit d157bd761585605b7882935ffb86286919f62ea1: database is locked
Database error: database is locked
Error executing task rank_cwe for commit d157bd761585605b7882935ffb86286919f62ea1: database is locked
Database error: database is locked
Error ranking CWEs for commit 04bf464a5dfd9ade0dda918e44366c2c61fce80b: database is locked
Database error: database is locked
Error executing task rank_cwe for commit 04bf464a5dfd9ade0dda918e44366c2c61fce80b: database is locked
Database error: database is locked
Error ranking CWEs for commit 23b133bdc452aa441fcb9b82cbf6dd05cfd342d0: database is locked
Database error: database is locked
Error executing task rank_cwe for commit 23b133bdc452aa441fcb9b82cbf6dd05cfd342d0: database is locked
Database error: database is locked
Error ranking CWEs for commit 34b88a68f26a75e4fded796f1a49c40f82234b7d: database is locked
Database error: database is locked
Error executing task rank_cwe for commit 34b88a68f26a75e4fded796f1a49c40f82234b7d: database is locked
Database error: database is locked
Error ranking CWEs for commit 613317bd212c585c20796c10afe5daaa95d4b0a1: database is locked
Database error: database is locked
Error executing task rank_cwe for commit 613317bd212c585c20796c10afe5daaa95d4b0a1: database is locked
Database error: database is locked
Error ranking CWEs for commit 82939d7999dfc1f1998c4b1c12e2f19edbdff272: database is locked
Database error: database is locked
Error executing task rank_cwe for commit 82939d7999dfc1f1998c4b1c12e2f19edbdff272: database is locked
Database error: database is locked
Error ranking CWEs for commit a2f18db0c68fec96631c10cad9384c196e9008ac: database is locked
Database error: database is locked
Error executing task rank_cwe for commit a2f18db0c68fec96631c10cad9384c196e9008ac: database is locked
Database error: database is locked
Error ranking CWEs for commit 7835fcfd132eb88b87e8eb901f88436f63ab60f7: database is locked
Database error: database is locked
Error executing task rank_cwe for commit 7835fcfd132eb88b87e8eb901f88436f63ab60f7: database is locked
Database error: database is locked
Error ranking CWEs for commit 81d23d2a24012e448f651e007fac2cfd20a45ce0: database is locked
Database error: database is locked
Error executing task rank_cwe for commit 81d23d2a24012e448f651e007fac2cfd20a45ce0: database is locked
Database error: database is locked
Error ranking CWEs for commit a5b862c6a221459d54e494e88965b48dcfa6cc44: database is locked
Database error: database is locked
Error executing task rank_cwe for commit a5b862c6a221459d54e494e88965b48dcfa6cc44: database is locked
Database error: database is locked
Error ranking CWEs for commit dfd2bf436709b2bccb78c2dda550dde93700efa7: database is locked
Database error: database is locked
Error executing task rank_cwe for commit dfd2bf436709b2bccb78c2dda550dde93700efa7: database is locked
Database error: database is locked
Error ranking CWEs for commit eec04ea119691e65227a97ce53c0da6b9b74b0b7: database is locked
Database error: database is locked
Error executing task rank_cwe for commit eec04ea119691e65227a97ce53c0da6b9b74b0b7: database is locked
Database error: database is locked
Error ranking CWEs for commit 8828003759391029fc45c15ac346622cdae19b6d: database is locked
Database error: database is locked
Error executing task rank_cwe for commit 8828003759391029fc45c15ac346622cdae19b6d: database is locked
Database error: database is locked
Error ranking CWEs for commit 654b404f2a222f918af9b0cd18ad469d0c941a8e: database is locked
Database error: database is locked
Error executing task rank_cwe for commit 654b404f2a222f918af9b0cd18ad469d0c941a8e: database is locked
Database error: database is locked
Error ranking CWEs for commit 7ac28817536797fd40e9646452183606f9e17f71: database is locked
Database error: database is locked
Error executing task rank_cwe for commit 7ac28817536797fd40e9646452183606f9e17f71: database is locked
Database error: database is locked
Error ranking CWEs for commit 87e9af6cc67d842cd92b52b81f3f14e665e7ab05: database is locked
Database error: database is locked
Error executing task rank_cwe for commit 87e9af6cc67d842cd92b52b81f3f14e665e7ab05: database is locked
Database error: database is locked
Error ranking CWEs for commit a294865978b701e4d0d90135672749531b9a900d: database is locked
Database error: database is locked
Error executing task rank_cwe for commit a294865978b701e4d0d90135672749531b9a900d: database is locked
Database error: database is locked
Error ranking CWEs for commit 47abea041f897d64dbd5777f0cf7745148f85d75: database is locked
Database error: database is locked
Error executing task rank_cwe for commit 47abea041f897d64dbd5777f0cf7745148f85d75: database is locked
Database error: database is locked
Error ranking CWEs for commit 10d2bb2e6b1d8c4576c56a748f697dbeb8388899: database is locked
Database error: database is locked
Error executing task rank_cwe for commit 10d2bb2e6b1d8c4576c56a748f697dbeb8388899: database is locked
Database error: database is locked
Error ranking CWEs for commit 1b1597e64e1a610c7a96710fc4717158e98a08b3: database is locked
Database error: database is locked
Error executing task rank_cwe for commit 1b1597e64e1a610c7a96710fc4717158e98a08b3: database is locked
Database error: database is locked
Error ranking CWEs for commit b5871dca250cd391885218b99cc015aca1a51aea: database is locked
Database error: database is locked
Error executing task rank_cwe for commit b5871dca250cd391885218b99cc015aca1a51aea: database is locked
Database error: database is locked
Error ranking CWEs for commit f9beb95e6a2669fa35e34a6ff52808b181efa20f: database is locked
Database error: database is locked
Error executing task rank_cwe for commit f9beb95e6a2669fa35e34a6ff52808b181efa20f: database is locked
Database error: database is locked
Error ranking CWEs for commit 66d42ed8b25b64eb63111a2b8582c5afc8bf1105: database is locked
Database error: database is locked
Error executing task rank_cwe for commit 66d42ed8b25b64eb63111a2b8582c5afc8bf1105: database is locked
Database error: database is locked
Error ranking CWEs for commit 7d3ba9360c6dac7c077fbd6631e08f32ea2bcd53: database is locked
Database error: database is locked
Error executing task rank_cwe for commit 7d3ba9360c6dac7c077fbd6631e08f32ea2bcd53: database is locked
Database error: database is locked
Error ranking CWEs for commit af3d5d1c87664a4f150fcf3534c6567cb19909b0: database is locked
Database error: database is locked
Error executing task rank_cwe for commit af3d5d1c87664a4f150fcf3534c6567cb19909b0: database is locked
Database error: database is locked
Error ranking CWEs for commit 594cc251fdd0d231d342d88b2fdff4bc42fb0690: database is locked
Database error: database is locked
Error executing task rank_cwe for commit 594cc251fdd0d231d342d88b2fdff4bc42fb0690: database is locked
Database error: database is locked
Error ranking CWEs for commit bcd0f93353326954817a4f9fa55ec57fb38acbb0: database is locked
Database error: database is locked
Error executing task rank_cwe for commit bcd0f93353326954817a4f9fa55ec57fb38acbb0: database is locked
Database error: database is locked
Error ranking CWEs for commit 43cdd1b716b26f6af16da4e145b6578f98798bf6: database is locked
Database error: database is locked
Error executing task rank_cwe for commit 43cdd1b716b26f6af16da4e145b6578f98798bf6: database is locked
Database error: database is locked
Error ranking CWEs for commit 39e72bf96f5847ba87cc5bd7a3ce0fed813dc9ad: database is locked
Database error: database is locked
Error executing task rank_cwe for commit 39e72bf96f5847ba87cc5bd7a3ce0fed813dc9ad: database is locked
Database error: database is locked
Error ranking CWEs for commit 7d63fb3af87aa67aa7d24466e792f9d7c57d8e79: database is locked
Database error: database is locked
Error executing task rank_cwe for commit 7d63fb3af87aa67aa7d24466e792f9d7c57d8e79: database is locked
Database error: database is locked
Error ranking CWEs for commit 0a0b98734479aa5b3c671d5190e86273372cab95: database is locked
Database error: database is locked
Error executing task rank_cwe for commit 0a0b98734479aa5b3c671d5190e86273372cab95: database is locked
Database error: database is locked
Error ranking CWEs for commit 250c6c49e3b68756b14983c076183568636e2bde: database is locked
Database error: database is locked
Error executing task rank_cwe for commit 250c6c49e3b68756b14983c076183568636e2bde: database is locked
Database error: database is locked
Error ranking CWEs for commit 0e5d5ae837c8ce04d2ddb874ec5f920118bd9d31: database is locked
Database error: database is locked
Error executing task rank_cwe for commit 0e5d5ae837c8ce04d2ddb874ec5f920118bd9d31: database is locked
Database error: database is locked
Error ranking CWEs for commit a8e5e5146ad08d794c58252bab00b261045ef16d: database is locked
Database error: database is locked
Error executing task rank_cwe for commit a8e5e5146ad08d794c58252bab00b261045ef16d: database is locked
Database error: database is locked
Error ranking CWEs for commit e2a1256b17b16f9b9adf1b6fea56819e7b68e463: database is locked
Database error: database is locked
Error executing task rank_cwe for commit e2a1256b17b16f9b9adf1b6fea56819e7b68e463: database is locked
Database error: database is locked
Error ranking CWEs for commit 683412ccf61294d727ead4a73d97397396e69a6b: database is locked
Database error: database is locked
Error executing task rank_cwe for commit 683412ccf61294d727ead4a73d97397396e69a6b: database is locked
Database error: database is locked
Error ranking CWEs for commit 22f6b4d34fcf039c63a94e7670e0da24f8575a5a: database is locked
Database error: database is locked
Error executing task rank_cwe for commit 22f6b4d34fcf039c63a94e7670e0da24f8575a5a: database is locked
Database error: database is locked
Error ranking CWEs for commit 30a46a4647fd1df9cf52e43bf467f0d9265096ca: database is locked
Database error: database is locked
Error executing task rank_cwe for commit 30a46a4647fd1df9cf52e43bf467f0d9265096ca: database is locked
Database error: database is locked
Error ranking CWEs for commit 32c231164b762dddefa13af5a0101032c70b50ef: database is locked
Database error: database is locked
Error executing task rank_cwe for commit 32c231164b762dddefa13af5a0101032c70b50ef: database is locked
Database error: database is locked
Error ranking CWEs for commit 3ce424e45411cf5a13105e0386b6ecf6eeb4f66f: database is locked
Database error: database is locked
Error executing task rank_cwe for commit 3ce424e45411cf5a13105e0386b6ecf6eeb4f66f: database is locked
Database error: database is locked
Error ranking CWEs for commit 45f6fad84cc305103b28d73482b344d7f5b76f39: database is locked
Database error: database is locked
Error executing task rank_cwe for commit 45f6fad84cc305103b28d73482b344d7f5b76f39: database is locked
Database error: database is locked
Error ranking CWEs for commit 0e8e50e20c837eeec8323bba7dcd25fe5479194c: database is locked
Database error: database is locked
Error executing task rank_cwe for commit 0e8e50e20c837eeec8323bba7dcd25fe5479194c: database is locked
Database error: database is locked
Error ranking CWEs for commit 01ea173e103edd5ec41acec65b9261b87e123fc2: database is locked
Database error: database is locked
Error executing task rank_cwe for commit 01ea173e103edd5ec41acec65b9261b87e123fc2: database is locked
Database error: database is locked
Error ranking CWEs for commit 0eab121ef8750a5c8637d51534d5e9143fb0633f: database is locked
Database error: database is locked
Error executing task rank_cwe for commit 0eab121ef8750a5c8637d51534d5e9143fb0633f: database is locked
Database error: database is locked
Error ranking CWEs for commit d9092f52d7e61dd1557f2db2400ddb430e85937e: database is locked
Database error: database is locked
Error executing task rank_cwe for commit d9092f52d7e61dd1557f2db2400ddb430e85937e: database is locked
Database error: database is locked
Error ranking CWEs for commit 54d5ca871e72f2bb172ec9323497f01cd5091ec7: database is locked
Database error: database is locked
Error executing task rank_cwe for commit 54d5ca871e72f2bb172ec9323497f01cd5091ec7: database is locked
Database error: database is locked
Error ranking CWEs for commit 667121ace9dbafb368618dbabcf07901c962ddac: database is locked
Database error: database is locked
Error executing task rank_cwe for commit 667121ace9dbafb368618dbabcf07901c962ddac: database is locked
Database error: database is locked
Error ranking CWEs for commit 9409e22acdfc9153f88d9b1ed2bd2a5b34d2d3ca: database is locked
Database error: database is locked
Error executing task rank_cwe for commit 9409e22acdfc9153f88d9b1ed2bd2a5b34d2d3ca: database is locked
Database error: database is locked
Error ranking CWEs for commit 26896f01467a28651f7a536143fe5ac8449d4041: database is locked
Database error: database is locked
Error executing task rank_cwe for commit 26896f01467a28651f7a536143fe5ac8449d4041: database is locked
Database error: database is locked
Error ranking CWEs for commit cadfad870154e14f745ec845708bc17d166065f2: database is locked
Database error: database is locked
Error executing task rank_cwe for commit cadfad870154e14f745ec845708bc17d166065f2: database is locked
Database error: database is locked
Error ranking CWEs for commit 0614e2b73768b502fc32a75349823356d98aae2c: database is locked
Database error: database is locked
Error executing task rank_cwe for commit 0614e2b73768b502fc32a75349823356d98aae2c: database is locked
Database error: database is locked
Error ranking CWEs for commit 0edc3f703f7bcaf550774b5d43ab727bcd0fe06b: database is locked
Database error: database is locked
Error executing task rank_cwe for commit 0edc3f703f7bcaf550774b5d43ab727bcd0fe06b: database is locked
Database error: database is locked
Error ranking CWEs for commit 3a359798b176183ef09efb7a3dc59abad1cc7104: database is locked
Database error: database is locked
Error executing task rank_cwe for commit 3a359798b176183ef09efb7a3dc59abad1cc7104: database is locked
Database error: database is locked
Error ranking CWEs for commit 6cc03e8aa36c51f3b26a0d21a3c4ce2809c842ac: database is locked
Database error: database is locked
Error executing task rank_cwe for commit 6cc03e8aa36c51f3b26a0d21a3c4ce2809c842ac: database is locked
Database error: database is locked
Error ranking CWEs for commit 2568a7e0832ee30b0a351016d03062ab4e0e0a3f: database is locked
Database error: database is locked
Error executing task rank_cwe for commit 2568a7e0832ee30b0a351016d03062ab4e0e0a3f: database is locked
Database error: database is locked
Error ranking CWEs for commit 19b61392c5a852b4e8a0bf35aecb969983c5932d: database is locked
Database error: database is locked
Error executing task rank_cwe for commit 19b61392c5a852b4e8a0bf35aecb969983c5932d: database is locked
Database error: database is locked
Error ranking CWEs for commit 90bfdeef83f1d6c696039b6a917190dcbbad3220: database is locked
Database error: database is locked
Error executing task rank_cwe for commit 90bfdeef83f1d6c696039b6a917190dcbbad3220: database is locked
Database error: database is locked
Error ranking CWEs for commit b7cbaf59f62f8ab8f157698f9e31642bff525bd0: database is locked
Database error: database is locked
Error executing task rank_cwe for commit b7cbaf59f62f8ab8f157698f9e31642bff525bd0: database is locked
Database error: database is locked
Error ranking CWEs for commit ca59d5a51690d5b9340343dc36792a252e9414ae: database is locked
Database error: database is locked
Error executing task rank_cwe for commit ca59d5a51690d5b9340343dc36792a252e9414ae: database is locked
Database error: database is locked
Error ranking CWEs for commit 1c41041124bd14dd6610da256a3da4e5b74ce6b1: database is locked
Database error: database is locked
Error executing task rank_cwe for commit 1c41041124bd14dd6610da256a3da4e5b74ce6b1: database is locked
Database error: database is locked
Error ranking CWEs for commit fecf31ee395b0295f2d7260aa29946b7605f7c85: database is locked
Database error: database is locked
Error executing task rank_cwe for commit fecf31ee395b0295f2d7260aa29946b7605f7c85: database is locked
Database error: database is locked
Error ranking CWEs for commit 1816494330a83f2a064499d8ed2797045641f92c: database is locked
Database error: database is locked
Error executing task rank_cwe for commit 1816494330a83f2a064499d8ed2797045641f92c: database is locked
Database error: database is locked
Error ranking CWEs for commit 58bdd544e2933a21a51eecf17c3f5f94038261b5: database is locked
Database error: database is locked
Error executing task rank_cwe for commit 58bdd544e2933a21a51eecf17c3f5f94038261b5: database is locked
Database error: database is locked
Error ranking CWEs for commit 7caac62ed598a196d6ddf8d9c121e12e082cac3: database is locked
Database error: database is locked
Error executing task rank_cwe for commit 7caac62ed598a196d6ddf8d9c121e12e082cac3: database is locked
Database error: database is locked
Error ranking CWEs for commit 7caac62ed598a196d6ddf8d9c121e12e082cac3a: database is locked
Database error: database is locked
Error executing task rank_cwe for commit 7caac62ed598a196d6ddf8d9c121e12e082cac3a: database is locked
Database error: database is locked
Error ranking CWEs for commit 80caf43549e7e41a695c6d1e11066286538b336f: database is locked
Database error: database is locked
Error executing task rank_cwe for commit 80caf43549e7e41a695c6d1e11066286538b336f: database is locked
Database error: database is locked
Error ranking CWEs for commit 8a2b307c21d4b290e3cbe33f768f194286d07c23: database is locked
Database error: database is locked
Error executing task rank_cwe for commit 8a2b307c21d4b290e3cbe33f768f194286d07c23: database is locked
Database error: database is locked
Error ranking CWEs for commit 4b41a9d0fe3db5f91078a380f62f0572c3ecf2dd: database is locked
Database error: database is locked
Error executing task rank_cwe for commit 4b41a9d0fe3db5f91078a380f62f0572c3ecf2dd: database is locked
Database error: database is locked
Error ranking CWEs for commit ca7a03c4175366a92cee0ccc4fec0038c3266e26: database is locked
Database error: database is locked
Error executing task rank_cwe for commit ca7a03c4175366a92cee0ccc4fec0038c3266e26: database is locked
Database error: database is locked
Error ranking CWEs for commit 0ddcff49b672239dda94d70d0fcf50317a9f4b51: database is locked
Database error: database is locked
Error executing task rank_cwe for commit 0ddcff49b672239dda94d70d0fcf50317a9f4b51: database is locked
Database error: database is locked
Error ranking CWEs for commit 4a491b1ab11ca0556d2fda1ff1301e862a2d44c4: database is locked
Database error: database is locked
Error executing task rank_cwe for commit 4a491b1ab11ca0556d2fda1ff1301e862a2d44c4: database is locked
Database error: database is locked
Error ranking CWEs for commit 385aee965b4e4c36551c362a334378d2985b722a: database is locked
Database error: database is locked
Error executing task rank_cwe for commit 385aee965b4e4c36551c362a334378d2985b722a: database is locked
Database error: database is locked
Error ranking CWEs for commit 8ba69ba6a324b13e1190fc31e41954d190fd4f1d: database is locked
Database error: database is locked
Error executing task rank_cwe for commit 8ba69ba6a324b13e1190fc31e41954d190fd4f1d: database is locked
Database error: database is locked
Error ranking CWEs for commit cefa91b2332d7009bc0be5d951d6cbbf349f90f8: database is locked
Database error: database is locked
Error executing task rank_cwe for commit cefa91b2332d7009bc0be5d951d6cbbf349f90f8: database is locked
Database error: database is locked
Error ranking CWEs for commit 9b00f1b78809309163dda2d044d9e94a3c0248a3: database is locked
Database error: database is locked
Error executing task rank_cwe for commit 9b00f1b78809309163dda2d044d9e94a3c0248a3: database is locked
Database error: database is locked
Error ranking CWEs for commit 34816d20f173a90389c8a7e641166d8ea9dce70a: database is locked
Database error: database is locked
Error executing task rank_cwe for commit 34816d20f173a90389c8a7e641166d8ea9dce70a: database is locked
Database error: database is locked
Error ranking CWEs for commit 4f134b89a24b965991e7c345b9a4591821f7c2a6: database is locked
Database error: database is locked
Error executing task rank_cwe for commit 4f134b89a24b965991e7c345b9a4591821f7c2a6: database is locked
Database error: database is locked
Error ranking CWEs for commit 5b9fbeb75b6a98955f628e205ac26689bcb1383e: database is locked
Database error: database is locked
Error executing task rank_cwe for commit 5b9fbeb75b6a98955f628e205ac26689bcb1383e: database is locked
Database error: database is locked
Error ranking CWEs for commit f50733b45d865f91db90919f8311e2127ce5a0cb: database is locked
Database error: database is locked
Error executing task rank_cwe for commit f50733b45d865f91db90919f8311e2127ce5a0cb: database is locked
Database error: database is locked
Error ranking CWEs for commit da5c0f119203ad9728920456a0f52a6d850c01cd: database is locked
Database error: database is locked
Error executing task rank_cwe for commit da5c0f119203ad9728920456a0f52a6d850c01cd: database is locked
Database error: database is locked
Error ranking CWEs for commit 353050be4c19e102178ccc05988101887c25ae53: database is locked
Database error: database is locked
Error executing task rank_cwe for commit 353050be4c19e102178ccc05988101887c25ae53: database is locked
Database error: database is locked
Error ranking CWEs for commit a58d9166a756a0f4a6618e4f593232593d6df134: database is locked
Database error: database is locked
Error executing task rank_cwe for commit a58d9166a756a0f4a6618e4f593232593d6df134: database is locked
Database error: database is locked
Error ranking CWEs for commit d474f96104bd4377573526ebae2ee212205a6839: database is locked
Database error: database is locked
Error executing task rank_cwe for commit d474f96104bd4377573526ebae2ee212205a6839: database is locked
Database error: database is locked
Error ranking CWEs for commit e572ff80f05c33cd0cb4860f864f5c9c044280b6: database is locked
Database error: database is locked
Error executing task rank_cwe for commit e572ff80f05c33cd0cb4860f864f5c9c044280b6: database is locked
Database error: database is locked
Error ranking CWEs for commit ebb3f994dd92f8fb4d70c7541091216c1e10cb71: database is locked
Database error: database is locked
Error executing task rank_cwe for commit ebb3f994dd92f8fb4d70c7541091216c1e10cb71: database is locked
Database error: database is locked
Error ranking CWEs for commit 0d62e9dd6da45bbf0f33a8617afc5fe774c8f45f: database is locked
Database error: database is locked
Error executing task rank_cwe for commit 0d62e9dd6da45bbf0f33a8617afc5fe774c8f45f: database is locked
Database error: database is locked
Error ranking CWEs for commit 95ee62083cb6453e056562d91f597552021e6ae7: database is locked
Database error: database is locked
Error executing task rank_cwe for commit 95ee62083cb6453e056562d91f597552021e6ae7: database is locked
Database error: database is locked
Error ranking CWEs for commit 9a5467bf7b6e9e02ec9c3da4e23747c05faeaac6: database is locked
Database error: database is locked
Error executing task rank_cwe for commit 9a5467bf7b6e9e02ec9c3da4e23747c05faeaac6: database is locked
Database error: database is locked
Error ranking CWEs for commit 9c52057c698fb96f8f07e7a4bcf4801a092bda89: database is locked
Database error: database is locked
Error executing task rank_cwe for commit 9c52057c698fb96f8f07e7a4bcf4801a092bda89: database is locked
Database error: database is locked
Error ranking CWEs for commit 21279cfa107af07ef985539ac0de2152b9cba5f5: database is locked
Database error: database is locked
Error executing task rank_cwe for commit 21279cfa107af07ef985539ac0de2152b9cba5f5: database is locked
Database error: database is locked
Error ranking CWEs for commit e569eb34970281438e2b48a3ef11c87459fcfbcb: database is locked
Database error: database is locked
Error executing task rank_cwe for commit e569eb34970281438e2b48a3ef11c87459fcfbcb: database is locked
Database error: database is locked
Error ranking CWEs for commit fa96c6baef1b5385e2f0c0677b32b3839e716076: database is locked
Database error: database is locked
Error executing task rank_cwe for commit fa96c6baef1b5385e2f0c0677b32b3839e716076: database is locked
Database error: database is locked
Error ranking CWEs for commit ef87dbe7614341c2e7bfe8d32fcb7028cc97442c: database is locked
Database error: database is locked
Error executing task rank_cwe for commit ef87dbe7614341c2e7bfe8d32fcb7028cc97442c: database is locked
Database error: database is locked
Error ranking CWEs for commit 9571f829f30a89b888ec4c3a72f5a04573f0e058: database is locked
Database error: database is locked
Error executing task rank_cwe for commit 9571f829f30a89b888ec4c3a72f5a04573f0e058: database is locked
Database error: database is locked
Error ranking CWEs for commit 3e493173b7841259a08c5c8e5cbe90adb349da7e: database is locked
Database error: database is locked
Error executing task rank_cwe for commit 3e493173b7841259a08c5c8e5cbe90adb349da7e: database is locked
Database error: database is locked
Error ranking CWEs for commit e0e3cea46d31d23dc40df0a49a7a2c04fe8edfea: database is locked
Database error: database is locked
Error executing task rank_cwe for commit e0e3cea46d31d23dc40df0a49a7a2c04fe8edfea: database is locked
Database error: database is locked
Error ranking CWEs for commit add52379dde2e5300e2d574b172e62c6cf43b3d3: database is locked
Database error: database is locked
Error executing task rank_cwe for commit add52379dde2e5300e2d574b172e62c6cf43b3d3: database is locked
Database error: database is locked
Error ranking CWEs for commit 34beb21594519ce64a55a498c2fe7d567bc1ca20: database is locked
Database error: database is locked
Error executing task rank_cwe for commit 34beb21594519ce64a55a498c2fe7d567bc1ca20: database is locked
Database error: database is locked
Error ranking CWEs for commit 6c8991f41546c3c472503dff1ea9daaddf9331c2: database is locked
Database error: database is locked
Error executing task rank_cwe for commit 6c8991f41546c3c472503dff1ea9daaddf9331c2: database is locked
Database error: database is locked
Error ranking CWEs for commit 574823bfab82d9d8fa47f422778043fbb4b4f50e: database is locked
Database error: database is locked
Error executing task rank_cwe for commit 574823bfab82d9d8fa47f422778043fbb4b4f50e: database is locked
Database error: database is locked
Error ranking CWEs for commit aa6dd211e4b1dde9d5dc25d699d35f789ae7eeba: database is locked
Database error: database is locked
Error executing task rank_cwe for commit aa6dd211e4b1dde9d5dc25d699d35f789ae7eeba: database is locked
Database error: database is locked
Error ranking CWEs for commit ad993a95c508417acdeb15244109e009e50d8758: database is locked
Database error: database is locked
Error executing task rank_cwe for commit ad993a95c508417acdeb15244109e009e50d8758: database is locked
Database error: database is locked
Error ranking CWEs for commit 23f57406b82de51809d5812afd96f210f8b627f3: database is locked
Database error: database is locked
Error executing task rank_cwe for commit 23f57406b82de51809d5812afd96f210f8b627f3: database is locked
Database error: database is locked
Error ranking CWEs for commit 2702b1526c7278c4d65d78de209a465d4de2885e: database is locked
Database error: database is locked
Error executing task rank_cwe for commit 2702b1526c7278c4d65d78de209a465d4de2885e: database is locked
Database error: database is locked
Error ranking CWEs for commit 76a67ec6fb79ff3570dcb5342142c16098299911: database is locked
Database error: database is locked
Error executing task rank_cwe for commit 76a67ec6fb79ff3570dcb5342142c16098299911: database is locked
Database error: database is locked
Error ranking CWEs for commit f9fabcb58a6d26d6efde842d1703ac7cfa9427b6: database is locked
Database error: database is locked
Error executing task rank_cwe for commit f9fabcb58a6d26d6efde842d1703ac7cfa9427b6: database is locked
Database error: database is locked
Error ranking CWEs for commit 22cf8419f1319ff87ec759d0ebdff4cbafaee832: database is locked
Database error: database is locked
Error executing task rank_cwe for commit 22cf8419f1319ff87ec759d0ebdff4cbafaee832: database is locked
Database error: database is locked
Error ranking CWEs for commit 853eab68afc80f59f36bbdeb715e5c88c501e680: database is locked
Database error: database is locked
Error executing task rank_cwe for commit 853eab68afc80f59f36bbdeb715e5c88c501e680: database is locked
Database error: database is locked
Error ranking CWEs for commit a4866aa812518ed1a37d8ea0c881dc946409de94: database is locked
Database error: database is locked
Error executing task rank_cwe for commit a4866aa812518ed1a37d8ea0c881dc946409de94: database is locked
Database error: database is locked
Error ranking CWEs for commit 9fa2dd946743ae6f30dc4830da19147bf100a7f2: database is locked
Database error: database is locked
Error executing task rank_cwe for commit 9fa2dd946743ae6f30dc4830da19147bf100a7f2: database is locked
Database error: database is locked
Error ranking CWEs for commit 2fdc246aaf9a7fa088451ad2a72e9119b5f7f029: database is locked
Database error: database is locked
Error executing task rank_cwe for commit 2fdc246aaf9a7fa088451ad2a72e9119b5f7f029: database is locked
Database error: database is locked
Error ranking CWEs for commit 51b2ee7d006a736a9126e8111d1f24e4fd0afaa6: database is locked
Database error: database is locked
Error executing task rank_cwe for commit 51b2ee7d006a736a9126e8111d1f24e4fd0afaa6: database is locked
Database error: database is locked
Error ranking CWEs for commit 2896c93811e39d63a4d9b63ccf12a8fbc226e5e4: database is locked
Database error: database is locked
Error executing task rank_cwe for commit 2896c93811e39d63a4d9b63ccf12a8fbc226e5e4: database is locked
Database error: database is locked
Error ranking CWEs for commit 9392a27d88b9707145d713654eb26f0c29789e50: database is locked
Database error: database is locked
Error executing task rank_cwe for commit 9392a27d88b9707145d713654eb26f0c29789e50: database is locked
Database error: database is locked
Error ranking CWEs for commit 4f11918ab93bc113ec0831ed2ab7b88847d44dd7: database is locked
Database error: database is locked
Error executing task rank_cwe for commit 4f11918ab93bc113ec0831ed2ab7b88847d44dd7: database is locked
Database error: database is locked
Error ranking CWEs for commit 5d069dbe8aaf2a197142558b6fb2978189ba3454: database is locked
Database error: database is locked
Error executing task rank_cwe for commit 5d069dbe8aaf2a197142558b6fb2978189ba3454: database is locked
Database error: database is locked
Error ranking CWEs for commit eb66ae030829605d61fbef1909ce310e29f78821: database is locked
Database error: database is locked
Error executing task rank_cwe for commit eb66ae030829605d61fbef1909ce310e29f78821: database is locked
Database error: database is locked
Error ranking CWEs for commit 38ea1eac7d88072bbffb630e2b3db83ca649b826: database is locked
Database error: database is locked
Error executing task rank_cwe for commit 38ea1eac7d88072bbffb630e2b3db83ca649b826: database is locked
Database error: database is locked
Error ranking CWEs for commit fa40d9734a57bcbfa79a280189799f76c88f7bb0: database is locked
Database error: database is locked
Error executing task rank_cwe for commit fa40d9734a57bcbfa79a280189799f76c88f7bb0: database is locked
Database error: database is locked
Error ranking CWEs for commit 799c10559d60f159ab2232203f222f18fa3c4a5f: database is locked
Database error: database is locked
Error executing task rank_cwe for commit 799c10559d60f159ab2232203f222f18fa3c4a5f: database is locked
Database error: database is locked
Error ranking CWEs for commit a2d859e3fc97e79d907761550dbc03ff1b36479c: database is locked
Database error: database is locked
Error executing task rank_cwe for commit a2d859e3fc97e79d907761550dbc03ff1b36479c: database is locked
Database error: database is locked
Error ranking CWEs for commit 966031f340185eddd05affcf72b740549f056348: database is locked
Database error: database is locked
Error executing task rank_cwe for commit 966031f340185eddd05affcf72b740549f056348: database is locked
Database error: database is locked
Error ranking CWEs for commit 7690aa1cdf7c4565ad6b013b324c28b685505e24: database is locked
Database error: database is locked
Error executing task rank_cwe for commit 7690aa1cdf7c4565ad6b013b324c28b685505e24: database is locked
Database error: database is locked
Error ranking CWEs for commit 19bce474c45be69a284ecee660aa12d8f1e88f18: database is locked
Database error: database is locked
Error executing task rank_cwe for commit 19bce474c45be69a284ecee660aa12d8f1e88f18: database is locked
Database error: database is locked
Error ranking CWEs for commit 355b98553789b646ed97ad801a619ff898471b92: database is locked
Database error: database is locked
Error executing task rank_cwe for commit 355b98553789b646ed97ad801a619ff898471b92: database is locked
Database error: database is locked
Error ranking CWEs for commit 55f0fc7a02de8f12757f4937143d8d5091b2e40b: database is locked
Database error: database is locked
Error executing task rank_cwe for commit 55f0fc7a02de8f12757f4937143d8d5091b2e40b: database is locked
Database error: database is locked
Error ranking CWEs for commit df453700e8d81b1bdafdf684365ee2b9431fb702: database is locked
Database error: database is locked
Error executing task rank_cwe for commit df453700e8d81b1bdafdf684365ee2b9431fb702: database is locked
Database error: database is locked
Error ranking CWEs for commit ad67b74d2469d9b82aaa572d76474c95bc484d57: database is locked
Database error: database is locked
Error executing task rank_cwe for commit ad67b74d2469d9b82aaa572d76474c95bc484d57: database is locked
Database error: database is locked
Error ranking CWEs for commit 146cc8a17a3b4996f6805ee5c080e7101277c410: database is locked
Database error: database is locked
Error executing task rank_cwe for commit 146cc8a17a3b4996f6805ee5c080e7101277c410: database is locked
Database error: database is locked
Error ranking CWEs for commit ad7f402ae4f466647c3a669b8a6f3e5d4271c84a: database is locked
Database error: database is locked
Error executing task rank_cwe for commit ad7f402ae4f466647c3a669b8a6f3e5d4271c84a: database is locked
Database error: database is locked
Error ranking CWEs for commit 0c18f29aae7ce3dadd26d8ee3505d07cc982df75: database is locked
Database error: database is locked
Error executing task rank_cwe for commit 0c18f29aae7ce3dadd26d8ee3505d07cc982df75: database is locked
Database error: database is locked
Error ranking CWEs for commit ee8f844e3c5a73b999edf733df1c529d6503ec2f: database is locked
Database error: database is locked
Error executing task rank_cwe for commit ee8f844e3c5a73b999edf733df1c529d6503ec2f: database is locked
Database error: database is locked
Error ranking CWEs for commit b1a2cd50c0357f243b7435a732b4e62ba3157a2e: database is locked
Database error: database is locked
Error executing task rank_cwe for commit b1a2cd50c0357f243b7435a732b4e62ba3157a2e: database is locked
Database error: database is locked
Error ranking CWEs for commit d0d62baa7f505bd4c59cd169692ff07ec49dde37: database is locked
Database error: database is locked
Error executing task rank_cwe for commit d0d62baa7f505bd4c59cd169692ff07ec49dde37: database is locked
Database error: database is locked
Error ranking CWEs for commit 72bb8f8cc088730c4d84117a6906f458c2fc64bb: database is locked
Database error: database is locked
Error executing task rank_cwe for commit 72bb8f8cc088730c4d84117a6906f458c2fc64bb: database is locked
Database error: database is locked
Error ranking CWEs for commit a664ec9158eeddd75121d39c9a0758016097fa96: database is locked
Database error: database is locked
Error executing task rank_cwe for commit a664ec9158eeddd75121d39c9a0758016097fa96: database is locked
Database error: database is locked
Error ranking CWEs for commit 559c36c5a8d730c49ef805a72b213d3bba155cc8: database is locked
Database error: database is locked
Error executing task rank_cwe for commit 559c36c5a8d730c49ef805a72b213d3bba155cc8: database is locked
Database error: database is locked
Error ranking CWEs for commit 9c6d778800b921bde3bff3cff5003d1650f942d1: database is locked
Database error: database is locked
Error executing task rank_cwe for commit 9c6d778800b921bde3bff3cff5003d1650f942d1: database is locked
Database error: database is locked
Error ranking CWEs for commit 8b8addf891de8a00e4d39fc32f93f7c5eb8feceb: database is locked
Database error: database is locked
Error executing task rank_cwe for commit 8b8addf891de8a00e4d39fc32f93f7c5eb8feceb: database is locked
Database error: database is locked
Error ranking CWEs for commit 8811930dc74a503415b35c4a79d14fb0b408a361: database is locked
Database error: database is locked
Error executing task rank_cwe for commit 8811930dc74a503415b35c4a79d14fb0b408a361: database is locked
Database error: database is locked
Error ranking CWEs for commit 36ae3c0a36b7456432fedce38ae2f7bd3e01a563: database is locked
Database error: database is locked
Error executing task rank_cwe for commit 36ae3c0a36b7456432fedce38ae2f7bd3e01a563: database is locked
Database error: database is locked
Error ranking CWEs for commit 4b2b64d5a6ebc84214755ebccd599baef7c1b798: database is locked
Database error: database is locked
Error executing task rank_cwe for commit 4b2b64d5a6ebc84214755ebccd599baef7c1b798: database is locked
WARNING: All log messages before absl::InitializeLog() is called are written to STDERR
E0000 00:00:1759508235.399120  105138 alts_credentials.cc:93] ALTS creds ignored. Not running on GCP and untrusted ALTS is not enabled.
Loading checkpoint shards:   0%|          | 0/2 [00:00<?, ?it/s]Loading checkpoint shards:  50%|█████     | 1/2 [00:03<00:03,  3.60s/it]Loading checkpoint shards: 100%|██████████| 2/2 [00:06<00:00,  3.11s/it]Loading checkpoint shards: 100%|██████████| 2/2 [00:06<00:00,  3.19s/it]
Device set to use cuda:0
Loading checkpoint shards:   0%|          | 0/2 [00:00<?, ?it/s]Loading checkpoint shards: 100%|██████████| 2/2 [00:00<00:00, 123.42it/s]
Device set to use cuda:0
Loading checkpoint shards:   0%|          | 0/2 [00:00<?, ?it/s]Loading checkpoint shards: 100%|██████████| 2/2 [00:00<00:00, 119.58it/s]
Device set to use cuda:0
Loading checkpoint shards:   0%|          | 0/2 [00:00<?, ?it/s]Loading checkpoint shards: 100%|██████████| 2/2 [00:00<00:00, 120.22it/s]
Device set to use cuda:0
Loading checkpoint shards:   0%|          | 0/16 [00:00<?, ?it/s]Loading checkpoint shards:   6%|▋         | 1/16 [00:11<02:49, 11.27s/it]Loading checkpoint shards:  12%|█▎        | 2/16 [00:25<03:01, 12.99s/it]Loading checkpoint shards:  19%|█▉        | 3/16 [00:38<02:48, 12.96s/it]Loading checkpoint shards:  25%|██▌       | 4/16 [00:50<02:30, 12.58s/it]Loading checkpoint shards:  31%|███▏      | 5/16 [01:03<02:20, 12.74s/it]Loading checkpoint shards:  38%|███▊      | 6/16 [01:08<01:42, 10.30s/it]Loading checkpoint shards:  44%|████▍     | 7/16 [01:30<02:06, 14.01s/it]Loading checkpoint shards:  50%|█████     | 8/16 [01:57<02:24, 18.10s/it]Loading checkpoint shards:  56%|█████▋    | 9/16 [02:17<02:10, 18.66s/it]Loading checkpoint shards:  62%|██████▎   | 10/16 [02:31<01:42, 17.14s/it]Loading checkpoint shards:  69%|██████▉   | 11/16 [02:44<01:19, 15.87s/it]Loading checkpoint shards:  75%|███████▌  | 12/16 [02:58<01:01, 15.39s/it]Loading checkpoint shards:  81%|████████▏ | 13/16 [03:11<00:43, 14.61s/it]Loading checkpoint shards:  88%|████████▊ | 14/16 [03:25<00:28, 14.42s/it]Loading checkpoint shards:  94%|█████████▍| 15/16 [03:39<00:14, 14.40s/it]Loading checkpoint shards: 100%|██████████| 16/16 [03:41<00:00, 10.75s/it]Loading checkpoint shards: 100%|██████████| 16/16 [03:41<00:00, 13.86s/it]
Device set to use cuda:0
Loading checkpoint shards:   0%|          | 0/16 [00:00<?, ?it/s]Loading checkpoint shards:   6%|▋         | 1/16 [00:12<03:09, 12.65s/it]Loading checkpoint shards:  12%|█▎        | 2/16 [00:26<03:02, 13.06s/it]Loading checkpoint shards:  19%|█▉        | 3/16 [00:38<02:43, 12.60s/it]Loading checkpoint shards:  25%|██▌       | 4/16 [00:51<02:33, 12.78s/it]Loading checkpoint shards:  31%|███▏      | 5/16 [01:04<02:21, 12.85s/it]Loading checkpoint shards:  38%|███▊      | 6/16 [01:10<01:45, 10.55s/it]Loading checkpoint shards:  44%|████▍     | 7/16 [01:21<01:38, 10.95s/it]Loading checkpoint shards:  50%|█████     | 8/16 [01:36<01:37, 12.15s/it]Loading checkpoint shards:  56%|█████▋    | 9/16 [01:50<01:28, 12.65s/it]Loading checkpoint shards:  62%|██████▎   | 10/16 [02:03<01:16, 12.83s/it]Loading checkpoint shards:  69%|██████▉   | 11/16 [02:16<01:03, 12.78s/it]Loading checkpoint shards:  75%|███████▌  | 12/16 [02:29<00:51, 12.82s/it]Loading checkpoint shards:  81%|████████▏ | 13/16 [02:40<00:37, 12.44s/it]Loading checkpoint shards:  88%|████████▊ | 14/16 [02:53<00:25, 12.55s/it]Loading checkpoint shards:  94%|█████████▍| 15/16 [03:08<00:13, 13.15s/it]Loading checkpoint shards: 100%|██████████| 16/16 [03:10<00:00, 10.02s/it]Loading checkpoint shards: 100%|██████████| 16/16 [03:10<00:00, 11.93s/it]
Device set to use cuda:0
Loading checkpoint shards:   0%|          | 0/16 [00:00<?, ?it/s]Loading checkpoint shards:   6%|▋         | 1/16 [00:10<02:36, 10.46s/it]Loading checkpoint shards:  12%|█▎        | 2/16 [00:22<02:42, 11.58s/it]Loading checkpoint shards:  19%|█▉        | 3/16 [00:36<02:42, 12.47s/it]Loading checkpoint shards:  25%|██▌       | 4/16 [00:48<02:28, 12.39s/it]Loading checkpoint shards:  31%|███▏      | 5/16 [01:00<02:15, 12.27s/it]Loading checkpoint shards:  38%|███▊      | 6/16 [01:01<01:25,  8.52s/it]Loading checkpoint shards:  44%|████▍     | 7/16 [01:02<00:53,  5.97s/it]Loading checkpoint shards:  50%|█████     | 8/16 [01:03<00:34,  4.29s/it]Loading checkpoint shards:  56%|█████▋    | 9/16 [01:04<00:22,  3.18s/it]Loading checkpoint shards:  62%|██████▎   | 10/16 [01:04<00:14,  2.42s/it]Loading checkpoint shards:  69%|██████▉   | 11/16 [01:05<00:09,  1.91s/it]Loading checkpoint shards:  75%|███████▌  | 12/16 [01:06<00:06,  1.59s/it]Loading checkpoint shards:  81%|████████▏ | 13/16 [01:07<00:04,  1.39s/it]Loading checkpoint shards:  88%|████████▊ | 14/16 [01:08<00:02,  1.25s/it]Loading checkpoint shards:  94%|█████████▍| 15/16 [01:09<00:01,  1.15s/it]Loading checkpoint shards: 100%|██████████| 16/16 [01:09<00:00,  1.17it/s]Loading checkpoint shards: 100%|██████████| 16/16 [01:09<00:00,  4.33s/it]
Device set to use cuda:0
Loading checkpoint shards:   0%|          | 0/16 [00:00<?, ?it/s]Loading checkpoint shards:   6%|▋         | 1/16 [00:00<00:07,  2.05it/s]Loading checkpoint shards:  12%|█▎        | 2/16 [00:01<00:07,  1.99it/s]Loading checkpoint shards:  19%|█▉        | 3/16 [00:01<00:06,  1.99it/s]Loading checkpoint shards:  25%|██▌       | 4/16 [00:02<00:06,  1.97it/s]Loading checkpoint shards:  31%|███▏      | 5/16 [00:02<00:05,  1.96it/s]Loading checkpoint shards:  38%|███▊      | 6/16 [00:08<00:22,  2.21s/it]Loading checkpoint shards:  44%|████▍     | 7/16 [00:20<00:49,  5.46s/it]Loading checkpoint shards:  50%|█████     | 8/16 [00:34<01:04,  8.12s/it]Loading checkpoint shards:  56%|█████▋    | 9/16 [00:47<01:08,  9.80s/it]Loading checkpoint shards:  62%|██████▎   | 10/16 [01:02<01:08, 11.48s/it]Loading checkpoint shards:  69%|██████▉   | 11/16 [01:17<01:02, 12.41s/it]Loading checkpoint shards:  75%|███████▌  | 12/16 [01:30<00:51, 12.76s/it]Loading checkpoint shards:  81%|████████▏ | 13/16 [01:42<00:37, 12.39s/it]Loading checkpoint shards:  88%|████████▊ | 14/16 [01:56<00:25, 12.96s/it]Loading checkpoint shards:  94%|█████████▍| 15/16 [02:10<00:13, 13.37s/it]Loading checkpoint shards: 100%|██████████| 16/16 [02:13<00:00, 10.24s/it]Loading checkpoint shards: 100%|██████████| 16/16 [02:13<00:00,  8.37s/it]
Device set to use cuda:0
Loading checkpoint shards:   0%|          | 0/4 [00:00<?, ?it/s]Loading checkpoint shards:  25%|██▌       | 1/4 [00:10<00:31, 10.35s/it]Loading checkpoint shards:  50%|█████     | 2/4 [00:22<00:23, 11.53s/it]Loading checkpoint shards:  75%|███████▌  | 3/4 [00:36<00:12, 12.43s/it]Loading checkpoint shards: 100%|██████████| 4/4 [00:38<00:00,  8.24s/it]Loading checkpoint shards: 100%|██████████| 4/4 [00:38<00:00,  9.50s/it]
Device set to use cuda:0
Loading checkpoint shards:   0%|          | 0/4 [00:00<?, ?it/s]Loading checkpoint shards:  25%|██▌       | 1/4 [00:00<00:01,  2.34it/s]Loading checkpoint shards:  50%|█████     | 2/4 [00:00<00:00,  2.45it/s]Loading checkpoint shards:  75%|███████▌  | 3/4 [00:01<00:00,  2.56it/s]Loading checkpoint shards: 100%|██████████| 4/4 [00:01<00:00,  3.15it/s]
Device set to use cuda:0
Loading checkpoint shards:   0%|          | 0/4 [00:00<?, ?it/s]Loading checkpoint shards:  25%|██▌       | 1/4 [00:00<00:01,  2.33it/s]Loading checkpoint shards:  50%|█████     | 2/4 [00:00<00:00,  2.48it/s]Loading checkpoint shards:  75%|███████▌  | 3/4 [00:01<00:00,  2.59it/s]Loading checkpoint shards: 100%|██████████| 4/4 [00:01<00:00,  3.18it/s]
Device set to use cuda:0
Loading checkpoint shards:   0%|          | 0/4 [00:00<?, ?it/s]Loading checkpoint shards:  25%|██▌       | 1/4 [00:00<00:01,  2.41it/s]Loading checkpoint shards:  50%|█████     | 2/4 [00:00<00:00,  2.51it/s]Loading checkpoint shards:  75%|███████▌  | 3/4 [00:01<00:00,  2.61it/s]Loading checkpoint shards: 100%|██████████| 4/4 [00:01<00:00,  3.21it/s]
Device set to use cuda:0
Loading checkpoint shards:   0%|          | 0/3 [00:00<?, ?it/s]Loading checkpoint shards:  33%|███▎      | 1/3 [00:14<00:28, 14.38s/it]Loading checkpoint shards:  67%|██████▋   | 2/3 [00:30<00:15, 15.12s/it]Loading checkpoint shards: 100%|██████████| 3/3 [00:46<00:00, 15.96s/it]Loading checkpoint shards: 100%|██████████| 3/3 [00:46<00:00, 15.66s/it]
Device set to use cuda:0
Loading checkpoint shards:   0%|          | 0/3 [00:00<?, ?it/s]Loading checkpoint shards:  33%|███▎      | 1/3 [00:00<00:00,  2.77it/s]Loading checkpoint shards:  67%|██████▋   | 2/3 [00:00<00:00,  2.82it/s]Loading checkpoint shards: 100%|██████████| 3/3 [00:01<00:00,  2.96it/s]Loading checkpoint shards: 100%|██████████| 3/3 [00:01<00:00,  2.91it/s]
Device set to use cuda:0
Loading checkpoint shards:   0%|          | 0/3 [00:00<?, ?it/s]Loading checkpoint shards:  33%|███▎      | 1/3 [00:00<00:00,  2.91it/s]Loading checkpoint shards:  67%|██████▋   | 2/3 [00:00<00:00,  2.92it/s]Loading checkpoint shards: 100%|██████████| 3/3 [00:01<00:00,  3.01it/s]Loading checkpoint shards: 100%|██████████| 3/3 [00:01<00:00,  2.98it/s]
Device set to use cuda:0
Loading checkpoint shards:   0%|          | 0/3 [00:00<?, ?it/s]Loading checkpoint shards:  33%|███▎      | 1/3 [00:00<00:00,  2.72it/s]Loading checkpoint shards:  67%|██████▋   | 2/3 [00:00<00:00,  2.87it/s]Loading checkpoint shards: 100%|██████████| 3/3 [00:01<00:00,  3.04it/s]Loading checkpoint shards: 100%|██████████| 3/3 [00:01<00:00,  2.97it/s]
Device set to use cuda:0
Loading checkpoint shards:   0%|          | 0/3 [00:00<?, ?it/s]Loading checkpoint shards:  33%|███▎      | 1/3 [00:14<00:28, 14.00s/it]Loading checkpoint shards:  67%|██████▋   | 2/3 [00:26<00:13, 13.06s/it]Loading checkpoint shards: 100%|██████████| 3/3 [00:38<00:00, 12.68s/it]Loading checkpoint shards: 100%|██████████| 3/3 [00:38<00:00, 12.87s/it]
Device set to use cuda:0
Loading checkpoint shards:   0%|          | 0/3 [00:00<?, ?it/s]Loading checkpoint shards:  33%|███▎      | 1/3 [00:00<00:00,  2.55it/s]Loading checkpoint shards:  67%|██████▋   | 2/3 [00:00<00:00,  2.47it/s]Loading checkpoint shards: 100%|██████████| 3/3 [00:01<00:00,  2.59it/s]Loading checkpoint shards: 100%|██████████| 3/3 [00:01<00:00,  2.57it/s]
Device set to use cuda:0
Loading checkpoint shards:   0%|          | 0/3 [00:00<?, ?it/s]Loading checkpoint shards:  33%|███▎      | 1/3 [00:00<00:00,  2.73it/s]Loading checkpoint shards:  67%|██████▋   | 2/3 [00:00<00:00,  2.77it/s]Loading checkpoint shards: 100%|██████████| 3/3 [00:01<00:00,  2.95it/s]Loading checkpoint shards: 100%|██████████| 3/3 [00:01<00:00,  2.89it/s]
Device set to use cuda:0
Loading checkpoint shards:   0%|          | 0/3 [00:00<?, ?it/s]Loading checkpoint shards:  33%|███▎      | 1/3 [00:00<00:00,  2.89it/s]Loading checkpoint shards:  67%|██████▋   | 2/3 [00:00<00:00,  2.86it/s]Loading checkpoint shards: 100%|██████████| 3/3 [00:01<00:00,  3.03it/s]Loading checkpoint shards: 100%|██████████| 3/3 [00:01<00:00,  2.99it/s]
Device set to use cuda:0
Loading checkpoint shards:   0%|          | 0/2 [00:00<?, ?it/s]Loading checkpoint shards:  50%|█████     | 1/2 [00:14<00:14, 14.38s/it]Loading checkpoint shards: 100%|██████████| 2/2 [00:24<00:00, 12.09s/it]Loading checkpoint shards: 100%|██████████| 2/2 [00:24<00:00, 12.44s/it]
Device set to use cuda:0
Loading checkpoint shards:   0%|          | 0/2 [00:00<?, ?it/s]Loading checkpoint shards:  50%|█████     | 1/2 [00:00<00:00,  2.13it/s]Loading checkpoint shards: 100%|██████████| 2/2 [00:00<00:00,  2.59it/s]Loading checkpoint shards: 100%|██████████| 2/2 [00:00<00:00,  2.51it/s]
Device set to use cuda:0
/pytorch/aten/src/ATen/native/cuda/TensorCompare.cu:112: _assert_async_cuda_kernel: block: [0,0,0], thread: [0,0,0] Assertion `probability tensor contains either `inf`, `nan` or element < 0` failed.
HuggingFace generation (manual) failed: CUDA error: device-side assert triggered
CUDA kernel errors might be asynchronously reported at some other API call, so the stacktrace below might be incorrect.
For debugging consider passing CUDA_LAUNCH_BLOCKING=1
Compile with `TORCH_USE_CUDA_DSA` to enable device-side assertions.

HuggingFace generation (manual) failed: CUDA error: device-side assert triggered
CUDA kernel errors might be asynchronously reported at some other API call, so the stacktrace below might be incorrect.
For debugging consider passing CUDA_LAUNCH_BLOCKING=1
Compile with `TORCH_USE_CUDA_DSA` to enable device-side assertions.

HuggingFace generation (manual) failed: CUDA error: device-side assert triggered
CUDA kernel errors might be asynchronously reported at some other API call, so the stacktrace below might be incorrect.
For debugging consider passing CUDA_LAUNCH_BLOCKING=1
Compile with `TORCH_USE_CUDA_DSA` to enable device-side assertions.

HuggingFace generation (manual) failed: CUDA error: device-side assert triggered
CUDA kernel errors might be asynchronously reported at some other API call, so the stacktrace below might be incorrect.
For debugging consider passing CUDA_LAUNCH_BLOCKING=1
Compile with `TORCH_USE_CUDA_DSA` to enable device-side assertions.

Loading checkpoint shards:   0%|          | 0/2 [00:00<?, ?it/s]Loading checkpoint shards:  50%|█████     | 1/2 [00:00<00:00,  2.29it/s]Loading checkpoint shards: 100%|██████████| 2/2 [00:00<00:00,  2.90it/s]Loading checkpoint shards: 100%|██████████| 2/2 [00:00<00:00,  2.79it/s]
Device set to use cuda:0
Loading checkpoint shards:   0%|          | 0/2 [00:00<?, ?it/s]Loading checkpoint shards:  50%|█████     | 1/2 [00:00<00:00,  2.35it/s]Loading checkpoint shards: 100%|██████████| 2/2 [00:00<00:00,  2.90it/s]Loading checkpoint shards: 100%|██████████| 2/2 [00:00<00:00,  2.80it/s]
Device set to use cuda:0
/pytorch/aten/src/ATen/native/cuda/TensorCompare.cu:112: _assert_async_cuda_kernel: block: [0,0,0], thread: [0,0,0] Assertion `probability tensor contains either `inf`, `nan` or element < 0` failed.
HuggingFace generation (manual) failed: CUDA error: device-side assert triggered
CUDA kernel errors might be asynchronously reported at some other API call, so the stacktrace below might be incorrect.
For debugging consider passing CUDA_LAUNCH_BLOCKING=1
Compile with `TORCH_USE_CUDA_DSA` to enable device-side assertions.

HuggingFace generation (manual) failed: CUDA error: device-side assert triggered
CUDA kernel errors might be asynchronously reported at some other API call, so the stacktrace below might be incorrect.
For debugging consider passing CUDA_LAUNCH_BLOCKING=1
Compile with `TORCH_USE_CUDA_DSA` to enable device-side assertions.

HuggingFace generation (manual) failed: CUDA error: device-side assert triggered
CUDA kernel errors might be asynchronously reported at some other API call, so the stacktrace below might be incorrect.
For debugging consider passing CUDA_LAUNCH_BLOCKING=1
Compile with `TORCH_USE_CUDA_DSA` to enable device-side assertions.

HuggingFace generation (manual) failed: CUDA error: device-side assert triggered
CUDA kernel errors might be asynchronously reported at some other API call, so the stacktrace below might be incorrect.
For debugging consider passing CUDA_LAUNCH_BLOCKING=1
Compile with `TORCH_USE_CUDA_DSA` to enable device-side assertions.

HuggingFace generation (manual) failed: CUDA error: device-side assert triggered
CUDA kernel errors might be asynchronously reported at some other API call, so the stacktrace below might be incorrect.
For debugging consider passing CUDA_LAUNCH_BLOCKING=1
Compile with `TORCH_USE_CUDA_DSA` to enable device-side assertions.

HuggingFace generation (manual) failed: CUDA error: device-side assert triggered
CUDA kernel errors might be asynchronously reported at some other API call, so the stacktrace below might be incorrect.
For debugging consider passing CUDA_LAUNCH_BLOCKING=1
Compile with `TORCH_USE_CUDA_DSA` to enable device-side assertions.

HuggingFace generation (manual) failed: CUDA error: device-side assert triggered
CUDA kernel errors might be asynchronously reported at some other API call, so the stacktrace below might be incorrect.
For debugging consider passing CUDA_LAUNCH_BLOCKING=1
Compile with `TORCH_USE_CUDA_DSA` to enable device-side assertions.

HuggingFace generation (manual) failed: CUDA error: device-side assert triggered
CUDA kernel errors might be asynchronously reported at some other API call, so the stacktrace below might be incorrect.
For debugging consider passing CUDA_LAUNCH_BLOCKING=1
Compile with `TORCH_USE_CUDA_DSA` to enable device-side assertions.

HuggingFace generation (manual) failed: CUDA error: device-side assert triggered
CUDA kernel errors might be asynchronously reported at some other API call, so the stacktrace below might be incorrect.
For debugging consider passing CUDA_LAUNCH_BLOCKING=1
Compile with `TORCH_USE_CUDA_DSA` to enable device-side assertions.

HuggingFace generation (manual) failed: CUDA error: device-side assert triggered
CUDA kernel errors might be asynchronously reported at some other API call, so the stacktrace below might be incorrect.
For debugging consider passing CUDA_LAUNCH_BLOCKING=1
Compile with `TORCH_USE_CUDA_DSA` to enable device-side assertions.

HuggingFace generation (manual) failed: CUDA error: device-side assert triggered
CUDA kernel errors might be asynchronously reported at some other API call, so the stacktrace below might be incorrect.
For debugging consider passing CUDA_LAUNCH_BLOCKING=1
Compile with `TORCH_USE_CUDA_DSA` to enable device-side assertions.

HuggingFace generation (manual) failed: CUDA error: device-side assert triggered
CUDA kernel errors might be asynchronously reported at some other API call, so the stacktrace below might be incorrect.
For debugging consider passing CUDA_LAUNCH_BLOCKING=1
Compile with `TORCH_USE_CUDA_DSA` to enable device-side assertions.

HuggingFace generation (manual) failed: CUDA error: device-side assert triggered
CUDA kernel errors might be asynchronously reported at some other API call, so the stacktrace below might be incorrect.
For debugging consider passing CUDA_LAUNCH_BLOCKING=1
Compile with `TORCH_USE_CUDA_DSA` to enable device-side assertions.

HuggingFace generation (manual) failed: CUDA error: device-side assert triggered
CUDA kernel errors might be asynchronously reported at some other API call, so the stacktrace below might be incorrect.
For debugging consider passing CUDA_LAUNCH_BLOCKING=1
Compile with `TORCH_USE_CUDA_DSA` to enable device-side assertions.

HuggingFace generation (manual) failed: CUDA error: device-side assert triggered
CUDA kernel errors might be asynchronously reported at some other API call, so the stacktrace below might be incorrect.
For debugging consider passing CUDA_LAUNCH_BLOCKING=1
Compile with `TORCH_USE_CUDA_DSA` to enable device-side assertions.

HuggingFace generation (manual) failed: CUDA error: device-side assert triggered
CUDA kernel errors might be asynchronously reported at some other API call, so the stacktrace below might be incorrect.
For debugging consider passing CUDA_LAUNCH_BLOCKING=1
Compile with `TORCH_USE_CUDA_DSA` to enable device-side assertions.

HuggingFace generation (manual) failed: CUDA error: device-side assert triggered
CUDA kernel errors might be asynchronously reported at some other API call, so the stacktrace below might be incorrect.
For debugging consider passing CUDA_LAUNCH_BLOCKING=1
Compile with `TORCH_USE_CUDA_DSA` to enable device-side assertions.

HuggingFace generation (manual) failed: CUDA error: device-side assert triggered
CUDA kernel errors might be asynchronously reported at some other API call, so the stacktrace below might be incorrect.
For debugging consider passing CUDA_LAUNCH_BLOCKING=1
Compile with `TORCH_USE_CUDA_DSA` to enable device-side assertions.

HuggingFace generation (manual) failed: CUDA error: device-side assert triggered
CUDA kernel errors might be asynchronously reported at some other API call, so the stacktrace below might be incorrect.
For debugging consider passing CUDA_LAUNCH_BLOCKING=1
Compile with `TORCH_USE_CUDA_DSA` to enable device-side assertions.

HuggingFace generation (manual) failed: CUDA error: device-side assert triggered
CUDA kernel errors might be asynchronously reported at some other API call, so the stacktrace below might be incorrect.
For debugging consider passing CUDA_LAUNCH_BLOCKING=1
Compile with `TORCH_USE_CUDA_DSA` to enable device-side assertions.

HuggingFace generation (manual) failed: CUDA error: device-side assert triggered
CUDA kernel errors might be asynchronously reported at some other API call, so the stacktrace below might be incorrect.
For debugging consider passing CUDA_LAUNCH_BLOCKING=1
Compile with `TORCH_USE_CUDA_DSA` to enable device-side assertions.

HuggingFace generation (manual) failed: CUDA error: device-side assert triggered
CUDA kernel errors might be asynchronously reported at some other API call, so the stacktrace below might be incorrect.
For debugging consider passing CUDA_LAUNCH_BLOCKING=1
Compile with `TORCH_USE_CUDA_DSA` to enable device-side assertions.

HuggingFace generation (manual) failed: CUDA error: device-side assert triggered
CUDA kernel errors might be asynchronously reported at some other API call, so the stacktrace below might be incorrect.
For debugging consider passing CUDA_LAUNCH_BLOCKING=1
Compile with `TORCH_USE_CUDA_DSA` to enable device-side assertions.

HuggingFace generation (manual) failed: CUDA error: device-side assert triggered
CUDA kernel errors might be asynchronously reported at some other API call, so the stacktrace below might be incorrect.
For debugging consider passing CUDA_LAUNCH_BLOCKING=1
Compile with `TORCH_USE_CUDA_DSA` to enable device-side assertions.

HuggingFace generation (manual) failed: CUDA error: device-side assert triggered
CUDA kernel errors might be asynchronously reported at some other API call, so the stacktrace below might be incorrect.
For debugging consider passing CUDA_LAUNCH_BLOCKING=1
Compile with `TORCH_USE_CUDA_DSA` to enable device-side assertions.

HuggingFace generation (manual) failed: CUDA error: device-side assert triggered
CUDA kernel errors might be asynchronously reported at some other API call, so the stacktrace below might be incorrect.
For debugging consider passing CUDA_LAUNCH_BLOCKING=1
Compile with `TORCH_USE_CUDA_DSA` to enable device-side assertions.

HuggingFace generation (manual) failed: CUDA error: device-side assert triggered
CUDA kernel errors might be asynchronously reported at some other API call, so the stacktrace below might be incorrect.
For debugging consider passing CUDA_LAUNCH_BLOCKING=1
Compile with `TORCH_USE_CUDA_DSA` to enable device-side assertions.

HuggingFace generation (manual) failed: CUDA error: device-side assert triggered
CUDA kernel errors might be asynchronously reported at some other API call, so the stacktrace below might be incorrect.
For debugging consider passing CUDA_LAUNCH_BLOCKING=1
Compile with `TORCH_USE_CUDA_DSA` to enable device-side assertions.

HuggingFace generation (manual) failed: CUDA error: device-side assert triggered
CUDA kernel errors might be asynchronously reported at some other API call, so the stacktrace below might be incorrect.
For debugging consider passing CUDA_LAUNCH_BLOCKING=1
Compile with `TORCH_USE_CUDA_DSA` to enable device-side assertions.

HuggingFace generation (manual) failed: CUDA error: device-side assert triggered
CUDA kernel errors might be asynchronously reported at some other API call, so the stacktrace below might be incorrect.
For debugging consider passing CUDA_LAUNCH_BLOCKING=1
Compile with `TORCH_USE_CUDA_DSA` to enable device-side assertions.

HuggingFace generation (manual) failed: CUDA error: device-side assert triggered
CUDA kernel errors might be asynchronously reported at some other API call, so the stacktrace below might be incorrect.
For debugging consider passing CUDA_LAUNCH_BLOCKING=1
Compile with `TORCH_USE_CUDA_DSA` to enable device-side assertions.

HuggingFace generation (manual) failed: CUDA error: device-side assert triggered
CUDA kernel errors might be asynchronously reported at some other API call, so the stacktrace below might be incorrect.
For debugging consider passing CUDA_LAUNCH_BLOCKING=1
Compile with `TORCH_USE_CUDA_DSA` to enable device-side assertions.

HuggingFace generation (manual) failed: CUDA error: device-side assert triggered
CUDA kernel errors might be asynchronously reported at some other API call, so the stacktrace below might be incorrect.
For debugging consider passing CUDA_LAUNCH_BLOCKING=1
Compile with `TORCH_USE_CUDA_DSA` to enable device-side assertions.

HuggingFace generation (manual) failed: CUDA error: device-side assert triggered
CUDA kernel errors might be asynchronously reported at some other API call, so the stacktrace below might be incorrect.
For debugging consider passing CUDA_LAUNCH_BLOCKING=1
Compile with `TORCH_USE_CUDA_DSA` to enable device-side assertions.

HuggingFace generation (manual) failed: CUDA error: device-side assert triggered
CUDA kernel errors might be asynchronously reported at some other API call, so the stacktrace below might be incorrect.
For debugging consider passing CUDA_LAUNCH_BLOCKING=1
Compile with `TORCH_USE_CUDA_DSA` to enable device-side assertions.

HuggingFace generation (manual) failed: CUDA error: device-side assert triggered
CUDA kernel errors might be asynchronously reported at some other API call, so the stacktrace below might be incorrect.
For debugging consider passing CUDA_LAUNCH_BLOCKING=1
Compile with `TORCH_USE_CUDA_DSA` to enable device-side assertions.

HuggingFace generation (manual) failed: CUDA error: device-side assert triggered
CUDA kernel errors might be asynchronously reported at some other API call, so the stacktrace below might be incorrect.
For debugging consider passing CUDA_LAUNCH_BLOCKING=1
Compile with `TORCH_USE_CUDA_DSA` to enable device-side assertions.

HuggingFace generation (manual) failed: CUDA error: device-side assert triggered
CUDA kernel errors might be asynchronously reported at some other API call, so the stacktrace below might be incorrect.
For debugging consider passing CUDA_LAUNCH_BLOCKING=1
Compile with `TORCH_USE_CUDA_DSA` to enable device-side assertions.

HuggingFace generation (manual) failed: CUDA error: device-side assert triggered
CUDA kernel errors might be asynchronously reported at some other API call, so the stacktrace below might be incorrect.
For debugging consider passing CUDA_LAUNCH_BLOCKING=1
Compile with `TORCH_USE_CUDA_DSA` to enable device-side assertions.

HuggingFace generation (manual) failed: CUDA error: device-side assert triggered
CUDA kernel errors might be asynchronously reported at some other API call, so the stacktrace below might be incorrect.
For debugging consider passing CUDA_LAUNCH_BLOCKING=1
Compile with `TORCH_USE_CUDA_DSA` to enable device-side assertions.

HuggingFace generation (manual) failed: CUDA error: device-side assert triggered
CUDA kernel errors might be asynchronously reported at some other API call, so the stacktrace below might be incorrect.
For debugging consider passing CUDA_LAUNCH_BLOCKING=1
Compile with `TORCH_USE_CUDA_DSA` to enable device-side assertions.

HuggingFace generation (manual) failed: CUDA error: device-side assert triggered
CUDA kernel errors might be asynchronously reported at some other API call, so the stacktrace below might be incorrect.
For debugging consider passing CUDA_LAUNCH_BLOCKING=1
Compile with `TORCH_USE_CUDA_DSA` to enable device-side assertions.

HuggingFace generation (manual) failed: CUDA error: device-side assert triggered
CUDA kernel errors might be asynchronously reported at some other API call, so the stacktrace below might be incorrect.
For debugging consider passing CUDA_LAUNCH_BLOCKING=1
Compile with `TORCH_USE_CUDA_DSA` to enable device-side assertions.

HuggingFace generation (manual) failed: CUDA error: device-side assert triggered
CUDA kernel errors might be asynchronously reported at some other API call, so the stacktrace below might be incorrect.
For debugging consider passing CUDA_LAUNCH_BLOCKING=1
Compile with `TORCH_USE_CUDA_DSA` to enable device-side assertions.

HuggingFace generation (manual) failed: CUDA error: device-side assert triggered
CUDA kernel errors might be asynchronously reported at some other API call, so the stacktrace below might be incorrect.
For debugging consider passing CUDA_LAUNCH_BLOCKING=1
Compile with `TORCH_USE_CUDA_DSA` to enable device-side assertions.

HuggingFace generation (manual) failed: CUDA error: device-side assert triggered
CUDA kernel errors might be asynchronously reported at some other API call, so the stacktrace below might be incorrect.
For debugging consider passing CUDA_LAUNCH_BLOCKING=1
Compile with `TORCH_USE_CUDA_DSA` to enable device-side assertions.

HuggingFace generation (manual) failed: CUDA error: device-side assert triggered
CUDA kernel errors might be asynchronously reported at some other API call, so the stacktrace below might be incorrect.
For debugging consider passing CUDA_LAUNCH_BLOCKING=1
Compile with `TORCH_USE_CUDA_DSA` to enable device-side assertions.

HuggingFace generation (manual) failed: CUDA error: device-side assert triggered
CUDA kernel errors might be asynchronously reported at some other API call, so the stacktrace below might be incorrect.
For debugging consider passing CUDA_LAUNCH_BLOCKING=1
Compile with `TORCH_USE_CUDA_DSA` to enable device-side assertions.

HuggingFace generation (manual) failed: CUDA error: device-side assert triggered
CUDA kernel errors might be asynchronously reported at some other API call, so the stacktrace below might be incorrect.
For debugging consider passing CUDA_LAUNCH_BLOCKING=1
Compile with `TORCH_USE_CUDA_DSA` to enable device-side assertions.

HuggingFace generation (manual) failed: CUDA error: device-side assert triggered
CUDA kernel errors might be asynchronously reported at some other API call, so the stacktrace below might be incorrect.
For debugging consider passing CUDA_LAUNCH_BLOCKING=1
Compile with `TORCH_USE_CUDA_DSA` to enable device-side assertions.

HuggingFace generation (manual) failed: CUDA error: device-side assert triggered
CUDA kernel errors might be asynchronously reported at some other API call, so the stacktrace below might be incorrect.
For debugging consider passing CUDA_LAUNCH_BLOCKING=1
Compile with `TORCH_USE_CUDA_DSA` to enable device-side assertions.

HuggingFace generation (manual) failed: CUDA error: device-side assert triggered
CUDA kernel errors might be asynchronously reported at some other API call, so the stacktrace below might be incorrect.
For debugging consider passing CUDA_LAUNCH_BLOCKING=1
Compile with `TORCH_USE_CUDA_DSA` to enable device-side assertions.

HuggingFace generation (manual) failed: CUDA error: device-side assert triggered
CUDA kernel errors might be asynchronously reported at some other API call, so the stacktrace below might be incorrect.
For debugging consider passing CUDA_LAUNCH_BLOCKING=1
Compile with `TORCH_USE_CUDA_DSA` to enable device-side assertions.

HuggingFace generation (manual) failed: CUDA error: device-side assert triggered
CUDA kernel errors might be asynchronously reported at some other API call, so the stacktrace below might be incorrect.
For debugging consider passing CUDA_LAUNCH_BLOCKING=1
Compile with `TORCH_USE_CUDA_DSA` to enable device-side assertions.

HuggingFace generation (manual) failed: CUDA error: device-side assert triggered
CUDA kernel errors might be asynchronously reported at some other API call, so the stacktrace below might be incorrect.
For debugging consider passing CUDA_LAUNCH_BLOCKING=1
Compile with `TORCH_USE_CUDA_DSA` to enable device-side assertions.

HuggingFace generation (manual) failed: CUDA error: device-side assert triggered
CUDA kernel errors might be asynchronously reported at some other API call, so the stacktrace below might be incorrect.
For debugging consider passing CUDA_LAUNCH_BLOCKING=1
Compile with `TORCH_USE_CUDA_DSA` to enable device-side assertions.

HuggingFace generation (manual) failed: CUDA error: device-side assert triggered
CUDA kernel errors might be asynchronously reported at some other API call, so the stacktrace below might be incorrect.
For debugging consider passing CUDA_LAUNCH_BLOCKING=1
Compile with `TORCH_USE_CUDA_DSA` to enable device-side assertions.

HuggingFace generation (manual) failed: CUDA error: device-side assert triggered
CUDA kernel errors might be asynchronously reported at some other API call, so the stacktrace below might be incorrect.
For debugging consider passing CUDA_LAUNCH_BLOCKING=1
Compile with `TORCH_USE_CUDA_DSA` to enable device-side assertions.

HuggingFace generation (manual) failed: CUDA error: device-side assert triggered
CUDA kernel errors might be asynchronously reported at some other API call, so the stacktrace below might be incorrect.
For debugging consider passing CUDA_LAUNCH_BLOCKING=1
Compile with `TORCH_USE_CUDA_DSA` to enable device-side assertions.

HuggingFace generation (manual) failed: CUDA error: device-side assert triggered
CUDA kernel errors might be asynchronously reported at some other API call, so the stacktrace below might be incorrect.
For debugging consider passing CUDA_LAUNCH_BLOCKING=1
Compile with `TORCH_USE_CUDA_DSA` to enable device-side assertions.

HuggingFace generation (manual) failed: CUDA error: device-side assert triggered
CUDA kernel errors might be asynchronously reported at some other API call, so the stacktrace below might be incorrect.
For debugging consider passing CUDA_LAUNCH_BLOCKING=1
Compile with `TORCH_USE_CUDA_DSA` to enable device-side assertions.

HuggingFace generation (manual) failed: CUDA error: device-side assert triggered
CUDA kernel errors might be asynchronously reported at some other API call, so the stacktrace below might be incorrect.
For debugging consider passing CUDA_LAUNCH_BLOCKING=1
Compile with `TORCH_USE_CUDA_DSA` to enable device-side assertions.

HuggingFace generation (manual) failed: CUDA error: device-side assert triggered
CUDA kernel errors might be asynchronously reported at some other API call, so the stacktrace below might be incorrect.
For debugging consider passing CUDA_LAUNCH_BLOCKING=1
Compile with `TORCH_USE_CUDA_DSA` to enable device-side assertions.

HuggingFace generation (manual) failed: CUDA error: device-side assert triggered
CUDA kernel errors might be asynchronously reported at some other API call, so the stacktrace below might be incorrect.
For debugging consider passing CUDA_LAUNCH_BLOCKING=1
Compile with `TORCH_USE_CUDA_DSA` to enable device-side assertions.

HuggingFace generation (manual) failed: CUDA error: device-side assert triggered
CUDA kernel errors might be asynchronously reported at some other API call, so the stacktrace below might be incorrect.
For debugging consider passing CUDA_LAUNCH_BLOCKING=1
Compile with `TORCH_USE_CUDA_DSA` to enable device-side assertions.

HuggingFace generation (manual) failed: CUDA error: device-side assert triggered
CUDA kernel errors might be asynchronously reported at some other API call, so the stacktrace below might be incorrect.
For debugging consider passing CUDA_LAUNCH_BLOCKING=1
Compile with `TORCH_USE_CUDA_DSA` to enable device-side assertions.

HuggingFace generation (manual) failed: CUDA error: device-side assert triggered
CUDA kernel errors might be asynchronously reported at some other API call, so the stacktrace below might be incorrect.
For debugging consider passing CUDA_LAUNCH_BLOCKING=1
Compile with `TORCH_USE_CUDA_DSA` to enable device-side assertions.

HuggingFace generation (manual) failed: CUDA error: device-side assert triggered
CUDA kernel errors might be asynchronously reported at some other API call, so the stacktrace below might be incorrect.
For debugging consider passing CUDA_LAUNCH_BLOCKING=1
Compile with `TORCH_USE_CUDA_DSA` to enable device-side assertions.

HuggingFace generation (manual) failed: CUDA error: device-side assert triggered
CUDA kernel errors might be asynchronously reported at some other API call, so the stacktrace below might be incorrect.
For debugging consider passing CUDA_LAUNCH_BLOCKING=1
Compile with `TORCH_USE_CUDA_DSA` to enable device-side assertions.

HuggingFace generation (manual) failed: CUDA error: device-side assert triggered
CUDA kernel errors might be asynchronously reported at some other API call, so the stacktrace below might be incorrect.
For debugging consider passing CUDA_LAUNCH_BLOCKING=1
Compile with `TORCH_USE_CUDA_DSA` to enable device-side assertions.

HuggingFace generation (manual) failed: CUDA error: device-side assert triggered
CUDA kernel errors might be asynchronously reported at some other API call, so the stacktrace below might be incorrect.
For debugging consider passing CUDA_LAUNCH_BLOCKING=1
Compile with `TORCH_USE_CUDA_DSA` to enable device-side assertions.

HuggingFace generation (manual) failed: CUDA error: device-side assert triggered
CUDA kernel errors might be asynchronously reported at some other API call, so the stacktrace below might be incorrect.
For debugging consider passing CUDA_LAUNCH_BLOCKING=1
Compile with `TORCH_USE_CUDA_DSA` to enable device-side assertions.

HuggingFace generation (manual) failed: CUDA error: device-side assert triggered
CUDA kernel errors might be asynchronously reported at some other API call, so the stacktrace below might be incorrect.
For debugging consider passing CUDA_LAUNCH_BLOCKING=1
Compile with `TORCH_USE_CUDA_DSA` to enable device-side assertions.

HuggingFace generation (manual) failed: CUDA error: device-side assert triggered
CUDA kernel errors might be asynchronously reported at some other API call, so the stacktrace below might be incorrect.
For debugging consider passing CUDA_LAUNCH_BLOCKING=1
Compile with `TORCH_USE_CUDA_DSA` to enable device-side assertions.

HuggingFace generation (manual) failed: CUDA error: device-side assert triggered
CUDA kernel errors might be asynchronously reported at some other API call, so the stacktrace below might be incorrect.
For debugging consider passing CUDA_LAUNCH_BLOCKING=1
Compile with `TORCH_USE_CUDA_DSA` to enable device-side assertions.

HuggingFace generation (manual) failed: CUDA error: device-side assert triggered
CUDA kernel errors might be asynchronously reported at some other API call, so the stacktrace below might be incorrect.
For debugging consider passing CUDA_LAUNCH_BLOCKING=1
Compile with `TORCH_USE_CUDA_DSA` to enable device-side assertions.

HuggingFace generation (manual) failed: CUDA error: device-side assert triggered
CUDA kernel errors might be asynchronously reported at some other API call, so the stacktrace below might be incorrect.
For debugging consider passing CUDA_LAUNCH_BLOCKING=1
Compile with `TORCH_USE_CUDA_DSA` to enable device-side assertions.

HuggingFace generation (manual) failed: CUDA error: device-side assert triggered
CUDA kernel errors might be asynchronously reported at some other API call, so the stacktrace below might be incorrect.
For debugging consider passing CUDA_LAUNCH_BLOCKING=1
Compile with `TORCH_USE_CUDA_DSA` to enable device-side assertions.

HuggingFace generation (manual) failed: CUDA error: device-side assert triggered
CUDA kernel errors might be asynchronously reported at some other API call, so the stacktrace below might be incorrect.
For debugging consider passing CUDA_LAUNCH_BLOCKING=1
Compile with `TORCH_USE_CUDA_DSA` to enable device-side assertions.

HuggingFace generation (manual) failed: CUDA error: device-side assert triggered
CUDA kernel errors might be asynchronously reported at some other API call, so the stacktrace below might be incorrect.
For debugging consider passing CUDA_LAUNCH_BLOCKING=1
Compile with `TORCH_USE_CUDA_DSA` to enable device-side assertions.

HuggingFace generation (manual) failed: CUDA error: device-side assert triggered
CUDA kernel errors might be asynchronously reported at some other API call, so the stacktrace below might be incorrect.
For debugging consider passing CUDA_LAUNCH_BLOCKING=1
Compile with `TORCH_USE_CUDA_DSA` to enable device-side assertions.

HuggingFace generation (manual) failed: CUDA error: device-side assert triggered
CUDA kernel errors might be asynchronously reported at some other API call, so the stacktrace below might be incorrect.
For debugging consider passing CUDA_LAUNCH_BLOCKING=1
Compile with `TORCH_USE_CUDA_DSA` to enable device-side assertions.

HuggingFace generation (manual) failed: CUDA error: device-side assert triggered
CUDA kernel errors might be asynchronously reported at some other API call, so the stacktrace below might be incorrect.
For debugging consider passing CUDA_LAUNCH_BLOCKING=1
Compile with `TORCH_USE_CUDA_DSA` to enable device-side assertions.

HuggingFace generation (manual) failed: CUDA error: device-side assert triggered
CUDA kernel errors might be asynchronously reported at some other API call, so the stacktrace below might be incorrect.
For debugging consider passing CUDA_LAUNCH_BLOCKING=1
Compile with `TORCH_USE_CUDA_DSA` to enable device-side assertions.

HuggingFace generation (manual) failed: CUDA error: device-side assert triggered
CUDA kernel errors might be asynchronously reported at some other API call, so the stacktrace below might be incorrect.
For debugging consider passing CUDA_LAUNCH_BLOCKING=1
Compile with `TORCH_USE_CUDA_DSA` to enable device-side assertions.

HuggingFace generation (manual) failed: CUDA error: device-side assert triggered
CUDA kernel errors might be asynchronously reported at some other API call, so the stacktrace below might be incorrect.
For debugging consider passing CUDA_LAUNCH_BLOCKING=1
Compile with `TORCH_USE_CUDA_DSA` to enable device-side assertions.

HuggingFace generation (manual) failed: CUDA error: device-side assert triggered
CUDA kernel errors might be asynchronously reported at some other API call, so the stacktrace below might be incorrect.
For debugging consider passing CUDA_LAUNCH_BLOCKING=1
Compile with `TORCH_USE_CUDA_DSA` to enable device-side assertions.

HuggingFace generation (manual) failed: CUDA error: device-side assert triggered
CUDA kernel errors might be asynchronously reported at some other API call, so the stacktrace below might be incorrect.
For debugging consider passing CUDA_LAUNCH_BLOCKING=1
Compile with `TORCH_USE_CUDA_DSA` to enable device-side assertions.

HuggingFace generation (manual) failed: CUDA error: device-side assert triggered
CUDA kernel errors might be asynchronously reported at some other API call, so the stacktrace below might be incorrect.
For debugging consider passing CUDA_LAUNCH_BLOCKING=1
Compile with `TORCH_USE_CUDA_DSA` to enable device-side assertions.

HuggingFace generation (manual) failed: CUDA error: device-side assert triggered
CUDA kernel errors might be asynchronously reported at some other API call, so the stacktrace below might be incorrect.
For debugging consider passing CUDA_LAUNCH_BLOCKING=1
Compile with `TORCH_USE_CUDA_DSA` to enable device-side assertions.

HuggingFace generation (manual) failed: CUDA error: device-side assert triggered
CUDA kernel errors might be asynchronously reported at some other API call, so the stacktrace below might be incorrect.
For debugging consider passing CUDA_LAUNCH_BLOCKING=1
Compile with `TORCH_USE_CUDA_DSA` to enable device-side assertions.

HuggingFace generation (manual) failed: CUDA error: device-side assert triggered
CUDA kernel errors might be asynchronously reported at some other API call, so the stacktrace below might be incorrect.
For debugging consider passing CUDA_LAUNCH_BLOCKING=1
Compile with `TORCH_USE_CUDA_DSA` to enable device-side assertions.

HuggingFace generation (manual) failed: CUDA error: device-side assert triggered
CUDA kernel errors might be asynchronously reported at some other API call, so the stacktrace below might be incorrect.
For debugging consider passing CUDA_LAUNCH_BLOCKING=1
Compile with `TORCH_USE_CUDA_DSA` to enable device-side assertions.

HuggingFace generation (manual) failed: CUDA error: device-side assert triggered
CUDA kernel errors might be asynchronously reported at some other API call, so the stacktrace below might be incorrect.
For debugging consider passing CUDA_LAUNCH_BLOCKING=1
Compile with `TORCH_USE_CUDA_DSA` to enable device-side assertions.

HuggingFace generation (manual) failed: CUDA error: device-side assert triggered
CUDA kernel errors might be asynchronously reported at some other API call, so the stacktrace below might be incorrect.
For debugging consider passing CUDA_LAUNCH_BLOCKING=1
Compile with `TORCH_USE_CUDA_DSA` to enable device-side assertions.

HuggingFace generation (manual) failed: CUDA error: device-side assert triggered
CUDA kernel errors might be asynchronously reported at some other API call, so the stacktrace below might be incorrect.
For debugging consider passing CUDA_LAUNCH_BLOCKING=1
Compile with `TORCH_USE_CUDA_DSA` to enable device-side assertions.

HuggingFace generation (manual) failed: CUDA error: device-side assert triggered
CUDA kernel errors might be asynchronously reported at some other API call, so the stacktrace below might be incorrect.
For debugging consider passing CUDA_LAUNCH_BLOCKING=1
Compile with `TORCH_USE_CUDA_DSA` to enable device-side assertions.

HuggingFace generation (manual) failed: CUDA error: device-side assert triggered
CUDA kernel errors might be asynchronously reported at some other API call, so the stacktrace below might be incorrect.
For debugging consider passing CUDA_LAUNCH_BLOCKING=1
Compile with `TORCH_USE_CUDA_DSA` to enable device-side assertions.

HuggingFace generation (manual) failed: CUDA error: device-side assert triggered
CUDA kernel errors might be asynchronously reported at some other API call, so the stacktrace below might be incorrect.
For debugging consider passing CUDA_LAUNCH_BLOCKING=1
Compile with `TORCH_USE_CUDA_DSA` to enable device-side assertions.

HuggingFace generation (manual) failed: CUDA error: device-side assert triggered
CUDA kernel errors might be asynchronously reported at some other API call, so the stacktrace below might be incorrect.
For debugging consider passing CUDA_LAUNCH_BLOCKING=1
Compile with `TORCH_USE_CUDA_DSA` to enable device-side assertions.

HuggingFace generation (manual) failed: CUDA error: device-side assert triggered
CUDA kernel errors might be asynchronously reported at some other API call, so the stacktrace below might be incorrect.
For debugging consider passing CUDA_LAUNCH_BLOCKING=1
Compile with `TORCH_USE_CUDA_DSA` to enable device-side assertions.

HuggingFace generation (manual) failed: CUDA error: device-side assert triggered
CUDA kernel errors might be asynchronously reported at some other API call, so the stacktrace below might be incorrect.
For debugging consider passing CUDA_LAUNCH_BLOCKING=1
Compile with `TORCH_USE_CUDA_DSA` to enable device-side assertions.

HuggingFace generation (manual) failed: CUDA error: device-side assert triggered
CUDA kernel errors might be asynchronously reported at some other API call, so the stacktrace below might be incorrect.
For debugging consider passing CUDA_LAUNCH_BLOCKING=1
Compile with `TORCH_USE_CUDA_DSA` to enable device-side assertions.

